-- MySQL dump 10.13  Distrib 5.5.48, for Linux (x86_64)
--
-- Host: localhost    Database: wintop
-- ------------------------------------------------------
-- Server version	5.5.48-log

/*!40101 SET @OLD_CHARACTER_SET_CLIENT=@@CHARACTER_SET_CLIENT */;
/*!40101 SET @OLD_CHARACTER_SET_RESULTS=@@CHARACTER_SET_RESULTS */;
/*!40101 SET @OLD_COLLATION_CONNECTION=@@COLLATION_CONNECTION */;
/*!40101 SET NAMES utf8 */;
/*!40103 SET @OLD_TIME_ZONE=@@TIME_ZONE */;
/*!40103 SET TIME_ZONE='+00:00' */;
/*!40014 SET @OLD_UNIQUE_CHECKS=@@UNIQUE_CHECKS, UNIQUE_CHECKS=0 */;
/*!40014 SET @OLD_FOREIGN_KEY_CHECKS=@@FOREIGN_KEY_CHECKS, FOREIGN_KEY_CHECKS=0 */;
/*!40101 SET @OLD_SQL_MODE=@@SQL_MODE, SQL_MODE='NO_AUTO_VALUE_ON_ZERO' */;
/*!40111 SET @OLD_SQL_NOTES=@@SQL_NOTES, SQL_NOTES=0 */;

--
-- Table structure for table `w_admin`
--

DROP TABLE IF EXISTS `w_admin`;
/*!40101 SET @saved_cs_client     = @@character_set_client */;
/*!40101 SET character_set_client = utf8 */;
CREATE TABLE `w_admin` (
  `id` int(11) NOT NULL AUTO_INCREMENT,
  `account` char(20) NOT NULL,
  `pwd` char(32) NOT NULL,
  `realname` char(20) NOT NULL,
  `phone` char(20) NOT NULL,
  `email` char(40) NOT NULL,
  `qq` char(20) NOT NULL,
  `last_ip` bigint(20) NOT NULL,
  `last_time` int(11) NOT NULL,
  `login_count` int(11) NOT NULL,
  `status` tinyint(1) NOT NULL DEFAULT '1',
  `area_id` int(11) NOT NULL COMMENT '所属区域',
  `level` tinyint(1) unsigned NOT NULL COMMENT '账号等级（0:普通号，1：区域账号，2：超级号）',
  `menus` varchar(500) NOT NULL,
  `shixi_addr1` text COMMENT '实习地址1',
  `shixi_addr2` varchar(200) DEFAULT NULL COMMENT '实习地址2',
  `banner` varchar(255) DEFAULT NULL COMMENT 'banner',
  `logo` varchar(255) DEFAULT NULL COMMENT 'logo',
  `planid` int(10) NOT NULL DEFAULT '1' COMMENT '计划id',
  PRIMARY KEY (`id`) USING BTREE
) ENGINE=MyISAM AUTO_INCREMENT=6 DEFAULT CHARSET=utf8 ROW_FORMAT=DYNAMIC;
/*!40101 SET character_set_client = @saved_cs_client */;

--
-- Dumping data for table `w_admin`
--

LOCK TABLES `w_admin` WRITE;
/*!40000 ALTER TABLE `w_admin` DISABLE KEYS */;
INSERT INTO `w_admin` VALUES (1,'admin','e10adc3949ba59abbe56e057f20f883e','管理员','18688888888','1047534821@qq.com','123456',2071715637,1560860231,48,1,0,2,'','a:2:{i:0;s:108:\"「CEO接班人」之「內蒙 – 鄂爾多斯」暑期實習計劃2017（內蒙古自治區鄂爾多斯）\";i:1;s:100:\"「CEO接班人」之「文化綠洲，島岸尋優」暑期實習計劃2017（山東省青島市）\";}','「CEO接班人」之「文化綠洲，島岸尋優」暑期實習計劃2017（山東省青島市）','/upload/activity/000/000/001/58b3f1ce517cf.jpg',NULL,0),(2,'wintop','d64d986d796f9db47deacf1fa7499768','wintop','','wintop.com','',3549691318,1490941778,26,1,0,0,'1,6,7,8,9,2,17,3,12,13','a:2:{i:0;s:108:\"「CEO接班人」之「內蒙 – 鄂爾多斯」暑期實習計劃2017（內蒙古自治區鄂爾多斯）\";i:1;s:100:\"「CEO接班人」之「文化綠洲，島岸尋優」暑期實習計劃2017（山東省青島市）\";}','中國山東省青島市','/upload/activity/000/000/002/58b77979bfe4c.png',NULL,2);
/*!40000 ALTER TABLE `w_admin` ENABLE KEYS */;
UNLOCK TABLES;

--
-- Table structure for table `w_adver`
--

DROP TABLE IF EXISTS `w_adver`;
/*!40101 SET @saved_cs_client     = @@character_set_client */;
/*!40101 SET character_set_client = utf8 */;
CREATE TABLE `w_adver` (
  `id` int(11) NOT NULL AUTO_INCREMENT,
  `name` varchar(20) NOT NULL,
  `url` varchar(200) NOT NULL,
  `pic` varchar(50) NOT NULL,
  `desc` varchar(200) NOT NULL,
  `cat_id` int(11) NOT NULL,
  `status` tinyint(1) NOT NULL,
  `last_time` int(11) NOT NULL,
  PRIMARY KEY (`id`) USING BTREE,
  KEY `cat_id` (`cat_id`,`status`) USING BTREE
) ENGINE=MyISAM AUTO_INCREMENT=47 DEFAULT CHARSET=utf8 ROW_FORMAT=DYNAMIC;
/*!40101 SET character_set_client = @saved_cs_client */;

--
-- Dumping data for table `w_adver`
--

LOCK TABLES `w_adver` WRITE;
/*!40000 ALTER TABLE `w_adver` DISABLE KEYS */;
INSERT INTO `w_adver` VALUES (1,'快店广告','http://bbs.sasadown.cn','2015/07/55a62a094a748.png','',12,1,1450611692),(2,'头部','http://www.test.com','000/000/001/58bd2c05831da.jpg','#06c1ae',1,1,1488792581),(3,'1','http://bbs.sasadown.cn/wap.php?g=Wap&c=Home&a=index','000/000/001/5610ddd8eea2a.png','',8,1,1450611791),(4,'2','http://bbs.sasadown.cn/wap.php?g=Wap&c=Home&a=index','000/000/001/5610ddc4a8d3b.png','',8,1,1450611784),(32,'brand_img02','','000/000/002/58de36dc5dd57.jpg','',17,1,1490958044),(31,'brand_img02','','000/000/002/58de36cd8a3a1.jpg','',17,1,1490958029),(29,'brand_banner03','','000/000/002/58de40894dd13.jpg','',7,1,1490960521),(30,'brand_img01','','000/000/002/58de34c7689ab.jpg','',17,1,1490957511),(8,'1','http://bbs.sasadown.cn/wap.php?g=Wap&c=Group&a=index&cat_url=qiche','000/000/001/5614357d80c76.jpg','',11,1,1450611739),(9,'2','http://bbs.sasadown.cn/wap.php?c=Classify','000/000/001/561435aa47aaa.jpg','',11,1,1450611731),(10,'3','http://bbs.sasadown.cn/wap.php?g=Wap&c=Group&a=index&cat_url=shenghuo','000/000/001/561435d5ba2bc.jpg','',11,1,1450611724),(11,'4','http://bbs.sasadown.cn/wap.php?g=Wap&c=Group&a=index&cat_url=jiazheng','000/000/001/561435e89df8a.jpg','',11,1,1450611714),(12,'1','http://bbs.sasadown.cn/wap.php?g=Wap&c=Home&a=index','000/000/001/561436f81657a.jpg','',9,1,1450611767),(13,'轮播1','http://www.test.com','000/000/002/58c277db741f3.jpg','',2,1,1489139675),(14,'轮播2','http://www.test.com','000/000/002/58c26e9d615b3.jpg','',2,1,1489137309),(15,'轮播3','http://www.test.com','000/000/002/58c26eab9145b.jpg','',2,1,1489137323),(16,'轮播4','','000/000/002/58c2701b7328a.jpg','',2,1,1489137691),(17,'轮播5','','000/000/002/58c26f53c9a8b.jpg','',2,1,1489137491),(18,'中间一','','000/000/001/58bd2db283adb.jpg','',1,1,1488793010),(19,'中间二','','000/000/001/58bd2dbcd688a.jpg','',1,1,1488793020),(20,'产品1','','000/000/001/58bd2e0a71f91.jpg','INHERITANCE OF CHINESE; HANDICRAFTS CONTINOUS OF INFINITE',4,1,1488795435),(21,'产品2','','000/000/001/58bd2e14a2df7.jpg','THE PURSUIT OF PRODUCT;TEMPERAMENT AND CHARACTER;TOUCH THE BEAUTY OF ART',4,1,1488795136),(22,'产品3','','000/000/001/58bd2e1f9217a.jpg','TO ACHIEVE SUPERIOR OUALITY;INHERIT LIFE AESTHETICS',4,1,1488795165),(23,'产品顶部广告图','','000/000/002/58c213de08720.jpg','',6,1,1489114078),(27,'brand_banner01','','000/000/002/58ddf77dd9d27.jpg','',7,1,1490941821),(33,'brand_img04','','000/000/002/58de374317948.jpg','',17,1,1490958147),(34,'banner2','','000/000/002/58de38110c85d.jpg','',18,1,1490958353),(35,'bridge_pic','','000/000/002/58de385a2454b.jpg','',18,1,1490958426),(46,'brand_banner04','','000/000/002/58de4092d955e.jpg','',7,1,1490960530),(37,'01','','000/000/002/58de416b4a927.jpg','',19,1,1490960747),(38,'02','','000/000/002/58de41da3de4d.jpg','',19,1,1490960858),(39,'03','','000/000/002/58de426b60fa3.jpg','',19,1,1490961003),(40,'04','','000/000/002/58de4273459b3.jpg','',19,1,1490961011),(41,'轮播6','','000/000/002/58cb97b2835c5.jpg','',2,1,1489737650),(42,'01','','000/000/002/58d20f000c5bd.jpg','',20,1,1490161408),(43,'02','','000/000/002/58d20f0b7aede.jpg','',20,1,1490161419),(45,'brand_img05','','000/000/002/58de3a0a56712.jpg','',17,1,1490958858);
/*!40000 ALTER TABLE `w_adver` ENABLE KEYS */;
UNLOCK TABLES;

--
-- Table structure for table `w_adver_category`
--

DROP TABLE IF EXISTS `w_adver_category`;
/*!40101 SET @saved_cs_client     = @@character_set_client */;
/*!40101 SET character_set_client = utf8 */;
CREATE TABLE `w_adver_category` (
  `cat_id` int(11) NOT NULL AUTO_INCREMENT,
  `cat_name` char(20) NOT NULL,
  `cat_key` char(20) NOT NULL,
  `cat_type` tinyint(1) unsigned NOT NULL COMMENT '广告类型（0:wap站，1：pc站）',
  PRIMARY KEY (`cat_id`) USING BTREE
) ENGINE=MyISAM AUTO_INCREMENT=21 DEFAULT CHARSET=utf8 ROW_FORMAT=FIXED;
/*!40101 SET character_set_client = @saved_cs_client */;

--
-- Dumping data for table `w_adver_category`
--

LOCK TABLES `w_adver_category` WRITE;
/*!40000 ALTER TABLE `w_adver_category` DISABLE KEYS */;
INSERT INTO `w_adver_category` VALUES (1,'首页顶部','index_top',1),(2,'产品页轮播','index_right',1),(4,'首页产品','cat_1_top',1),(6,'产品顶部广告图','cat_2_top',1),(17,'品牌详情页广告图','brandprofile',1),(18,'展厅广告图','exhibitionprofile',1),(7,'品牌详情页轮播','index_center',1),(19,'匠心手作广告图','jiangxin',1),(20,'合作伙伴轮播图','partners',0);
/*!40000 ALTER TABLE `w_adver_category` ENABLE KEYS */;
UNLOCK TABLES;

--
-- Table structure for table `w_area`
--

DROP TABLE IF EXISTS `w_area`;
/*!40101 SET @saved_cs_client     = @@character_set_client */;
/*!40101 SET character_set_client = utf8 */;
CREATE TABLE `w_area` (
  `area_id` mediumint(9) NOT NULL AUTO_INCREMENT COMMENT '地区ID',
  `area_pid` mediumint(9) NOT NULL COMMENT '地区父ID',
  `area_name` char(30) NOT NULL COMMENT '地区名称',
  `area_sort` mediumint(9) NOT NULL DEFAULT '0' COMMENT '地区排序',
  `first_pinyin` char(1) NOT NULL,
  `is_open` tinyint(1) NOT NULL,
  `area_url` char(20) NOT NULL,
  `area_ip_desc` char(30) NOT NULL,
  `area_type` tinyint(1) NOT NULL,
  `is_hot` tinyint(1) NOT NULL COMMENT '是否热门',
  PRIMARY KEY (`area_id`) USING BTREE,
  KEY `area_ip_desc` (`area_ip_desc`) USING BTREE,
  KEY `area_url` (`area_url`) USING BTREE,
  KEY `is_open` (`is_open`,`area_type`) USING BTREE,
  KEY `first_pinyin` (`first_pinyin`) USING BTREE
) ENGINE=MyISAM AUTO_INCREMENT=3514 DEFAULT CHARSET=utf8 ROW_FORMAT=FIXED COMMENT='地区表';
/*!40101 SET character_set_client = @saved_cs_client */;

--
-- Dumping data for table `w_area`
--

LOCK TABLES `w_area` WRITE;
/*!40000 ALTER TABLE `w_area` DISABLE KEYS */;
INSERT INTO `w_area` VALUES (1,0,'﻿北京',0,'',0,'','',1,0),(2,1,'北京',0,'b',0,'bj','北京市',2,0),(3,2,'东城区',0,'',0,'dcq','北京市东城区',3,0),(4,2,'西城区',0,'',0,'xcq','北京市西城区',3,0),(5,2,'崇文区',0,'',0,'cwq','北京市崇文区',3,0),(6,2,'宣武区',0,'',0,'xwq','北京市宣武区',3,0),(7,2,'朝阳区',0,'',0,'cyq','北京市朝阳区',3,0),(8,2,'丰台区',0,'',0,'ftq','北京市丰台区',3,0),(9,2,'石景山区',0,'',0,'sjsq','北京市石景山区',3,0),(10,2,'海淀区',0,'',0,'hdq','北京市海淀区',3,0),(11,2,'门头沟区',0,'',0,'mtgq','北京市门头沟区',3,0),(12,2,'房山区',0,'',0,'fsq','北京市房山区',3,0),(13,2,'通州区',0,'',0,'tzq','北京市通州区',3,0),(14,2,'顺义区',0,'',0,'syq','北京市顺义区',3,0),(15,2,'昌平区',0,'',0,'cpq','北京市昌平区',3,0),(16,2,'大兴区',0,'',0,'dxq','北京市大兴区',3,0),(17,2,'怀柔区',0,'',0,'hrq','北京市怀柔区',3,0),(18,2,'平谷区',0,'',0,'pgq','北京市平谷区',3,0),(19,2,'密云县',0,'',0,'myx','北京市密云县',3,0),(20,2,'延庆县',0,'',0,'yqx','北京市延庆县',3,0),(21,0,'上海',0,'',0,'','',1,0),(22,21,'上海',0,'s',0,'sh','上海市',2,0),(23,22,'黄浦区',0,'',0,'hpq','上海市黄浦区',3,0),(24,22,'卢湾区',0,'',0,'lwq','上海市卢湾区',3,0),(25,22,'徐汇区',0,'',0,'xhq','上海市徐汇区',3,0),(26,22,'长宁区',0,'',0,'cnq','上海市长宁区',3,0),(27,22,'静安区',0,'',0,'jaq','上海市静安区',3,0),(28,22,'普陀区',0,'',0,'ptq','上海市普陀区',3,0),(29,22,'闸北区',0,'',0,'zbq','上海市闸北区',3,0),(30,22,'虹口区',0,'',0,'hkq','上海市虹口区',3,0),(31,22,'杨浦区',0,'',0,'ypq','上海市杨浦区',3,0),(32,22,'闵行区',0,'',0,'xq','上海市闵行区',3,0),(33,22,'宝山区',0,'',0,'bsq','上海市宝山区',3,0),(34,22,'嘉定区',0,'',0,'jdq','上海市嘉定区',3,0),(35,22,'浦东新区',0,'',0,'pdxq','上海市浦东新区',3,0),(36,22,'金山区',0,'',0,'jsq','上海市金山区',3,0),(37,22,'松江区',0,'',0,'sjq','上海市松江区',3,0),(38,22,'青浦区',0,'',0,'qpq','上海市青浦区',3,0),(39,22,'南汇区',0,'',0,'nhq','上海市南汇区',3,0),(40,22,'奉贤区',0,'',0,'fxq','上海市奉贤区',3,0),(41,22,'崇明县',0,'',0,'cmx','上海市崇明县',3,0),(42,0,'天津',0,'',0,'','',1,0),(43,42,'天津',0,'t',0,'tj','天津市',2,0),(44,43,'和平区',0,'',0,'hpq','天津市和平区',3,0),(45,43,'河东区',0,'',0,'hdq','天津市河东区',3,0),(46,43,'河西区',0,'',0,'hxq','天津市河西区',3,0),(47,43,'南开区',0,'',0,'nkq','天津市南开区',3,0),(48,43,'河北区',0,'',0,'hbq','天津市河北区',3,0),(49,43,'红桥区',0,'',0,'hqq','天津市红桥区',3,0),(50,43,'塘沽区',0,'',0,'tgq','天津市塘沽区',3,0),(51,43,'汉沽区',0,'',0,'hgq','天津市汉沽区',3,0),(52,43,'大港区',0,'',0,'dgq','天津市大港区',3,0),(53,43,'东丽区',0,'',0,'dlq','天津市东丽区',3,0),(54,43,'西青区',0,'',0,'xqq','天津市西青区',3,0),(55,43,'津南区',0,'',0,'jnq','天津市津南区',3,0),(56,43,'北辰区',0,'',0,'bcq','天津市北辰区',3,0),(57,43,'武清区',0,'',0,'wqq','天津市武清区',3,0),(58,43,'宝坻区',0,'',0,'bdq','天津市宝坻区',3,0),(59,43,'宁河县',0,'',0,'nhx','天津市宁河县',3,0),(60,43,'静海县',0,'',0,'jhx','天津市静海县',3,0),(61,43,'蓟县',0,'',0,'jx','天津市蓟县',3,0),(62,0,'重庆',0,'',0,'','',1,0),(63,62,'重庆',0,'c',0,'cq','重庆市',2,0),(64,63,'万州区',0,'',0,'wzq','重庆市万州区',3,0),(65,63,'涪陵区',0,'',0,'flq','重庆市涪陵区',3,0),(66,63,'渝中区',0,'',0,'yzq','重庆市渝中区',3,0),(67,63,'大渡口区',0,'',0,'ddkq','重庆市大渡口区',3,0),(68,63,'江北区',0,'',0,'jbq','重庆市江北区',3,0),(69,63,'沙坪坝区',0,'',0,'spbq','重庆市沙坪坝区',3,0),(70,63,'九龙坡区',0,'',0,'jlpq','重庆市九龙坡区',3,0),(71,63,'南岸区',0,'',0,'naq','重庆市南岸区',3,0),(72,63,'北碚区',0,'',0,'bbq','重庆市北碚区',3,0),(73,63,'万盛区',0,'',0,'wsq','重庆市万盛区',3,0),(74,63,'双桥区',0,'',0,'sqq','重庆市双桥区',3,0),(75,63,'渝北区',0,'',0,'ybq','重庆市渝北区',3,0),(76,63,'巴南区',0,'',0,'bnq','重庆市巴南区',3,0),(77,63,'黔江区',0,'',0,'qjq','重庆市黔江区',3,0),(78,63,'长寿区',0,'',0,'csq','重庆市长寿区',3,0),(79,63,'綦江县',0,'',0,'qjx','重庆市綦江县',3,0),(80,63,'潼南县',0,'',0,'tnx','重庆市潼南县',3,0),(81,63,'铜梁县',0,'',0,'tlx','重庆市铜梁县',3,0),(82,63,'大足县',0,'',0,'dzx','重庆市大足县',3,0),(83,63,'荣昌县',0,'',0,'rcx','重庆市荣昌县',3,0),(84,63,'璧山县',0,'',0,'bsx','重庆市璧山县',3,0),(85,63,'梁平县',0,'',0,'lpx','重庆市梁平县',3,0),(86,63,'城口县',0,'',0,'ckx','重庆市城口县',3,0),(87,63,'丰都县',0,'',0,'fdx','重庆市丰都县',3,0),(88,63,'垫江县',0,'',0,'djx','重庆市垫江县',3,0),(89,63,'武隆县',0,'',0,'wlx','重庆市武隆县',3,0),(90,63,'忠县',0,'',0,'zx','重庆市忠县',3,0),(91,63,'开县',0,'',0,'kx','重庆市开县',3,0),(92,63,'云阳县',0,'',0,'yyx','重庆市云阳县',3,0),(93,63,'奉节县',0,'',0,'fjx','重庆市奉节县',3,0),(94,63,'巫山县',0,'',0,'wsx','重庆市巫山县',3,0),(95,63,'巫溪县',0,'',0,'wxx','重庆市巫溪县',3,0),(96,63,'石柱土家族自治县',0,'',0,'sztjzzzx','重庆市石柱土家族自治县',3,0),(97,63,'秀山土家族苗族自治县',0,'',0,'xstjzmzzzx','重庆市秀山土家族苗族自治县',3,0),(98,63,'酉阳土家族苗族自治县',0,'',0,'yytjzmzzzx','重庆市酉阳土家族苗族自治县',3,0),(99,63,'彭水苗族土家族自治县',0,'',0,'psmztjzzzx','重庆市彭水苗族土家族自治县',3,0),(100,63,'江津市',0,'',0,'jjs','重庆市江津市',3,0),(101,63,'合川市',0,'',0,'hcs','重庆市合川市',3,0),(102,63,'永川市',0,'',0,'ycs','重庆市永川市',3,0),(103,63,'南川市',0,'',0,'ncs','重庆市南川市',3,0),(104,0,'安徽',0,'',1,'','',1,0),(105,104,'合肥',0,'h',1,'hf','安徽省合肥市',2,0),(106,105,'瑶海区',11,'',1,'yhq','安徽省合肥市瑶海区',3,0),(107,105,'庐阳区',12,'',1,'lyq','安徽省合肥市庐阳区',3,0),(108,105,'蜀山区',13,'',1,'ssq','安徽省合肥市蜀山区',3,0),(109,105,'包河区',10,'',1,'baohequ','安徽省合肥市包河区',3,0),(110,105,'长丰县',1,'',1,'cfx','安徽省合肥市长丰县',3,0),(111,105,'肥东县',3,'',1,'fdx','安徽省合肥市肥东县',3,0),(112,105,'肥西县',2,'',1,'fxx','安徽省合肥市肥西县',3,0),(113,104,'安庆',0,'a',0,'anqing','安徽省安庆市',2,0),(114,113,'迎江区',0,'',0,'yjq','安徽省安庆市迎江区',3,0),(115,113,'大观区',0,'',0,'dgq','安徽省安庆市大观区',3,0),(116,113,'郊区',0,'',0,'jq','安徽省安庆市郊区',3,0),(117,113,'怀宁县',0,'',0,'hnx','安徽省安庆市怀宁县',3,0),(118,113,'枞阳县',0,'',0,'yx','安徽省安庆市枞阳县',3,0),(119,113,'潜山县',0,'',0,'qsx','安徽省安庆市潜山县',3,0),(120,113,'太湖县',0,'',0,'thx','安徽省安庆市太湖县',3,0),(121,113,'宿松县',0,'',0,'ssx','安徽省安庆市宿松县',3,0),(122,113,'望江县',0,'',0,'wjx','安徽省安庆市望江县',3,0),(123,113,'岳西县',0,'',0,'yxx','安徽省安庆市岳西县',3,0),(124,113,'桐城市',0,'',0,'tcs','安徽省安庆市桐城市',3,0),(125,104,'蚌埠',0,'b',0,'bengbu','安徽省蚌埠市',2,0),(126,125,'龙子湖区',0,'',0,'lzhq','安徽省蚌埠市龙子湖区',3,0),(127,125,'蚌山区',0,'',0,'bsq','安徽省蚌埠市蚌山区',3,0),(128,125,'禹会区',0,'',0,'yhq','安徽省蚌埠市禹会区',3,0),(129,125,'淮上区',0,'',0,'hsq','安徽省蚌埠市淮上区',3,0),(130,125,'怀远县',0,'',0,'hyx','安徽省蚌埠市怀远县',3,0),(131,125,'五河县',0,'',0,'whx','安徽省蚌埠市五河县',3,0),(132,125,'固镇县',0,'',0,'gzx','安徽省蚌埠市固镇县',3,0),(133,104,'亳州',0,'b',0,'bozhou','安徽省亳州市',2,0),(134,133,'谯城区',0,'',0,'cq','安徽省亳州市谯城区',3,0),(135,133,'涡阳县',0,'',0,'wyx','安徽省亳州市涡阳县',3,0),(136,133,'蒙城县',0,'',0,'mcx','安徽省亳州市蒙城县',3,0),(137,133,'利辛县',0,'',0,'lxx','安徽省亳州市利辛县',3,0),(138,105,'巢湖市',4,'c',1,'chs','安徽省合肥市巢湖市',3,0),(3334,3330,'天鹅湖万达广场',0,'t',1,'tehwdgc','',4,0),(140,105,'庐江县',0,'',1,'ljx','安徽省合肥市庐江县',3,0),(141,211,'无为县',0,'',0,'wwx','安徽省芜湖市无为县',3,0),(142,195,'含山县',0,'',0,'hsx','安徽省马鞍山市含山县',3,0),(143,195,'和县',0,'',0,'hx','安徽省马鞍山市和县',3,0),(144,104,'池州',0,'c',0,'chizhou','安徽省池州市',2,0),(145,144,'贵池区',0,'',0,'gcq','安徽省池州市贵池区',3,0),(146,144,'东至县',0,'',0,'dzx','安徽省池州市东至县',3,0),(147,144,'石台县',0,'',0,'stx','安徽省池州市石台县',3,0),(148,144,'青阳县',0,'',0,'qyx','安徽省池州市青阳县',3,0),(149,104,'滁州',0,'c',0,'chuzhou','安徽省滁州市',2,0),(150,149,'琅琊区',0,'',0,'lq','安徽省滁州市琅琊区',3,0),(151,149,'南谯区',0,'',0,'nq','安徽省滁州市南谯区',3,0),(152,149,'来安县',0,'',0,'lax','安徽省滁州市来安县',3,0),(153,149,'全椒县',0,'',0,'qjx','安徽省滁州市全椒县',3,0),(154,149,'定远县',0,'',0,'dyx','安徽省滁州市定远县',3,0),(155,149,'凤阳县',0,'',0,'fyx','安徽省滁州市凤阳县',3,0),(156,149,'天长市',0,'',0,'tcs','安徽省滁州市天长市',3,0),(157,149,'明光市',0,'',0,'mgs','安徽省滁州市明光市',3,0),(158,104,'阜阳',0,'f',0,'fy','安徽省阜阳市',2,0),(159,158,'颍州区',0,'',0,'zq','安徽省阜阳市颍州区',3,0),(160,158,'颍东区',0,'',0,'dq','安徽省阜阳市颍东区',3,0),(161,158,'颍泉区',0,'',0,'qq','安徽省阜阳市颍泉区',3,0),(162,158,'临泉县',0,'',0,'lqx','安徽省阜阳市临泉县',3,0),(163,158,'太和县',0,'',0,'thx','安徽省阜阳市太和县',3,0),(164,158,'阜南县',0,'',0,'fnx','安徽省阜阳市阜南县',3,0),(165,158,'颍上县',0,'',0,'sx','安徽省阜阳市颍上县',3,0),(166,158,'界首市',0,'',0,'jss','安徽省阜阳市界首市',3,0),(167,104,'淮北',0,'h',0,'huaibei','安徽省淮北市',2,0),(168,167,'杜集区',0,'',0,'djq','安徽省淮北市杜集区',3,0),(169,167,'相山区',0,'',0,'xsq','安徽省淮北市相山区',3,0),(170,167,'烈山区',0,'',0,'lsq','安徽省淮北市烈山区',3,0),(171,167,'濉溪县',0,'',0,'sxx','安徽省淮北市濉溪县',3,0),(172,104,'淮南',0,'h',0,'hn','安徽省淮南市',2,0),(173,172,'大通区',0,'',0,'dtq','安徽省淮南市大通区',3,0),(174,172,'田家庵区',0,'',0,'tjaq','安徽省淮南市田家庵区',3,0),(175,172,'谢家集区',0,'',0,'xjjq','安徽省淮南市谢家集区',3,0),(176,172,'八公山区',0,'',0,'bgsq','安徽省淮南市八公山区',3,0),(177,172,'潘集区',0,'',0,'pjq','安徽省淮南市潘集区',3,0),(178,172,'凤台县',0,'',0,'ftx','安徽省淮南市凤台县',3,0),(179,104,'黄山',0,'h',0,'huangshan','安徽省黄山市',2,0),(180,179,'屯溪区',0,'',0,'txq','安徽省黄山市屯溪区',3,0),(181,179,'黄山区',0,'',0,'hsq','安徽省黄山市黄山区',3,0),(182,179,'徽州区',0,'',0,'hzq','安徽省黄山市徽州区',3,0),(183,179,'歙县',0,'',0,'x','安徽省黄山市歙县',3,0),(184,179,'休宁县',0,'',0,'xnx','安徽省黄山市休宁县',3,0),(185,179,'黟县',0,'',0,'x','安徽省黄山市黟县',3,0),(186,179,'祁门县',0,'',0,'qmx','安徽省黄山市祁门县',3,0),(187,104,'六安',0,'l',0,'la','安徽省六安市',2,0),(188,187,'金安区',0,'',0,'jaq','安徽省六安市金安区',3,0),(189,187,'裕安区',0,'',0,'yaq','安徽省六安市裕安区',3,0),(190,187,'寿县',0,'',0,'sx','安徽省六安市寿县',3,0),(191,187,'霍邱县',0,'',0,'hqx','安徽省六安市霍邱县',3,0),(192,187,'舒城县',0,'',0,'scx','安徽省六安市舒城县',3,0),(193,187,'金寨县',0,'',0,'jzx','安徽省六安市金寨县',3,0),(194,187,'霍山县',0,'',0,'hsx','安徽省六安市霍山县',3,0),(195,104,'马鞍山',0,'m',0,'mas','安徽省马鞍山市',2,0),(196,195,'金家庄区',0,'',0,'jjzq','安徽省马鞍山市金家庄区',3,0),(197,195,'花山区',0,'',0,'hsq','安徽省马鞍山市花山区',3,0),(198,195,'雨山区',0,'',0,'ysq','安徽省马鞍山市雨山区',3,0),(199,195,'当涂县',0,'',0,'dtx','安徽省马鞍山市当涂县',3,0),(200,104,'宿州',0,'s',0,'suzhou','安徽省宿州市',2,0),(201,200,'墉桥区',0,'',0,'qq','安徽省宿州市墉桥区',3,0),(202,200,'砀山县',0,'',0,'sx','安徽省宿州市砀山县',3,0),(203,200,'萧县',0,'',0,'xx','安徽省宿州市萧县',3,0),(204,200,'灵璧县',0,'',0,'lbx','安徽省宿州市灵璧县',3,0),(205,200,'泗县',0,'',0,'sx','安徽省宿州市泗县',3,0),(206,104,'铜陵',0,'t',0,'tongling','安徽省铜陵市',2,0),(207,206,'铜官山区',0,'',0,'tgsq','安徽省铜陵市铜官山区',3,0),(208,206,'狮子山区',0,'',0,'szsq','安徽省铜陵市狮子山区',3,0),(209,206,'郊区',0,'',0,'jq','安徽省铜陵市郊区',3,0),(210,206,'铜陵县',0,'',0,'tlx','安徽省铜陵市铜陵县',3,0),(211,104,'芜湖',0,'w',0,'wuhu','安徽省芜湖市',2,0),(212,211,'镜湖区',0,'',0,'jhq','安徽省芜湖市镜湖区',3,0),(213,211,'马塘区',0,'',0,'mtq','安徽省芜湖市马塘区',3,0),(214,211,'新芜区',0,'',0,'xwq','安徽省芜湖市新芜区',3,0),(215,211,'鸠江区',0,'',0,'jjq','安徽省芜湖市鸠江区',3,0),(216,211,'芜湖县',0,'',0,'whx','安徽省芜湖市芜湖县',3,0),(217,211,'繁昌县',0,'',0,'fcx','安徽省芜湖市繁昌县',3,0),(218,211,'南陵县',0,'',0,'nlx','安徽省芜湖市南陵县',3,0),(219,104,'宣城',0,'x',0,'xuancheng','安徽省宣城市',2,0),(220,219,'宣州区',0,'',0,'xzq','安徽省宣城市宣州区',3,0),(221,219,'郎溪县',0,'',0,'lxx','安徽省宣城市郎溪县',3,0),(222,219,'广德县',0,'',0,'gdx','安徽省宣城市广德县',3,0),(223,219,'泾县',0,'',0,'jx','安徽省宣城市泾县',3,0),(224,219,'绩溪县',0,'',0,'jxx','安徽省宣城市绩溪县',3,0),(225,219,'旌德县',0,'',0,'jdx','安徽省宣城市旌德县',3,0),(226,219,'宁国市',0,'',0,'ngs','安徽省宣城市宁国市',3,0),(227,0,'福建',0,'',0,'','',1,0),(228,227,'福州',0,'f',0,'fz','福建省福州市',2,0),(229,228,'鼓楼区',0,'',0,'glq','福建省福州市鼓楼区',3,0),(230,228,'台江区',0,'',0,'tjq','福建省福州市台江区',3,0),(231,228,'仓山区',0,'',0,'csq','福建省福州市仓山区',3,0),(232,228,'马尾区',0,'',0,'mwq','福建省福州市马尾区',3,0),(233,228,'晋安区',0,'',0,'jaq','福建省福州市晋安区',3,0),(234,228,'闽侯县',0,'',0,'mhx','福建省福州市闽侯县',3,0),(235,228,'连江县',0,'',0,'ljx','福建省福州市连江县',3,0),(236,228,'罗源县',0,'',0,'lyx','福建省福州市罗源县',3,0),(237,228,'闽清县',0,'',0,'mqx','福建省福州市闽清县',3,0),(238,228,'永泰县',0,'',0,'ytx','福建省福州市永泰县',3,0),(239,228,'平潭县',0,'',0,'ptx','福建省福州市平潭县',3,0),(240,228,'福清市',0,'',0,'fqs','福建省福州市福清市',3,0),(241,228,'长乐市',0,'',0,'cls','福建省福州市长乐市',3,0),(242,227,'龙岩',0,'l',0,'ly','福建省龙岩市',2,0),(243,242,'新罗区',0,'',0,'xlq','福建省龙岩市新罗区',3,0),(244,242,'长汀县',0,'',0,'ctx','福建省龙岩市长汀县',3,0),(245,242,'永定县',0,'',0,'ydx','福建省龙岩市永定县',3,0),(246,242,'上杭县',0,'',0,'shx','福建省龙岩市上杭县',3,0),(247,242,'武平县',0,'',0,'wpx','福建省龙岩市武平县',3,0),(248,242,'连城县',0,'',0,'lcx','福建省龙岩市连城县',3,0),(249,242,'漳平市',0,'',0,'zps','福建省龙岩市漳平市',3,0),(250,227,'南平',0,'n',0,'np','福建省南平市',2,0),(251,250,'延平区',0,'',0,'ypq','福建省南平市延平区',3,0),(252,250,'顺昌县',0,'',0,'scx','福建省南平市顺昌县',3,0),(253,250,'浦城县',0,'',0,'pcx','福建省南平市浦城县',3,0),(254,250,'光泽县',0,'',0,'gzx','福建省南平市光泽县',3,0),(255,250,'松溪县',0,'',0,'sxx','福建省南平市松溪县',3,0),(256,250,'政和县',0,'',0,'zhx','福建省南平市政和县',3,0),(257,250,'邵武市',0,'',0,'sws','福建省南平市邵武市',3,0),(258,250,'武夷山市',0,'',0,'wyss','福建省南平市武夷山市',3,0),(259,250,'建瓯市',0,'',0,'js','福建省南平市建瓯市',3,0),(260,250,'建阳市',0,'',0,'jys','福建省南平市建阳市',3,0),(261,227,'宁德',0,'n',0,'nd','福建省宁德市',2,0),(262,261,'蕉城区',0,'',0,'jcq','福建省宁德市蕉城区',3,0),(263,261,'霞浦县',0,'',0,'xpx','福建省宁德市霞浦县',3,0),(264,261,'古田县',0,'',0,'gtx','福建省宁德市古田县',3,0),(265,261,'屏南县',0,'',0,'pnx','福建省宁德市屏南县',3,0),(266,261,'寿宁县',0,'',0,'snx','福建省宁德市寿宁县',3,0),(267,261,'周宁县',0,'',0,'znx','福建省宁德市周宁县',3,0),(268,261,'柘荣县',0,'',0,'rx','福建省宁德市柘荣县',3,0),(269,261,'福安市',0,'',0,'fas','福建省宁德市福安市',3,0),(270,261,'福鼎市',0,'',0,'fds','福建省宁德市福鼎市',3,0),(271,227,'莆田',0,'p',0,'pt','福建省莆田市',2,0),(272,271,'城厢区',0,'',0,'cxq','福建省莆田市城厢区',3,0),(273,271,'涵江区',0,'',0,'hjq','福建省莆田市涵江区',3,0),(274,271,'荔城区',0,'',0,'lcq','福建省莆田市荔城区',3,0),(275,271,'秀屿区',0,'',0,'xyq','福建省莆田市秀屿区',3,0),(276,271,'仙游县',0,'',0,'xyx','福建省莆田市仙游县',3,0),(277,227,'泉州',0,'q',0,'qz','福建省泉州市',2,0),(278,277,'鲤城区',0,'',0,'lcq','福建省泉州市鲤城区',3,0),(279,277,'丰泽区',0,'',0,'fzq','福建省泉州市丰泽区',3,0),(280,277,'洛江区',0,'',0,'ljq','福建省泉州市洛江区',3,0),(281,277,'泉港区',0,'',0,'qgq','福建省泉州市泉港区',3,0),(282,277,'惠安县',0,'',0,'hax','福建省泉州市惠安县',3,0),(283,277,'安溪县',0,'',0,'axx','福建省泉州市安溪县',3,0),(284,277,'永春县',0,'',0,'ycx','福建省泉州市永春县',3,0),(285,277,'德化县',0,'',0,'dhx','福建省泉州市德化县',3,0),(286,277,'金门县',0,'',0,'jmx','福建省泉州市金门县',3,0),(287,277,'石狮市',0,'',0,'sss','福建省泉州市石狮市',3,0),(288,277,'晋江市',0,'',0,'jjs','福建省泉州市晋江市',3,0),(289,277,'南安市',0,'',0,'nas','福建省泉州市南安市',3,0),(290,227,'三明',0,'s',0,'sm','福建省三明市',2,0),(291,290,'梅列区',0,'',0,'mlq','福建省三明市梅列区',3,0),(292,290,'三元区',0,'',0,'syq','福建省三明市三元区',3,0),(293,290,'明溪县',0,'',0,'mxx','福建省三明市明溪县',3,0),(294,290,'清流县',0,'',0,'qlx','福建省三明市清流县',3,0),(295,290,'宁化县',0,'',0,'nhx','福建省三明市宁化县',3,0),(296,290,'大田县',0,'',0,'dtx','福建省三明市大田县',3,0),(297,290,'尤溪县',0,'',0,'yxx','福建省三明市尤溪县',3,0),(298,290,'沙县',0,'',0,'sx','福建省三明市沙县',3,0),(299,290,'将乐县',0,'',0,'jlx','福建省三明市将乐县',3,0),(300,290,'泰宁县',0,'',0,'tnx','福建省三明市泰宁县',3,0),(301,290,'建宁县',0,'',0,'jnx','福建省三明市建宁县',3,0),(302,290,'永安市',0,'',0,'yas','福建省三明市永安市',3,0),(303,227,'厦门',0,'x',0,'xm','福建省厦门市',2,0),(304,303,'思明区',0,'',0,'smq','福建省厦门市思明区',3,0),(305,303,'海沧区',0,'',0,'hcq','福建省厦门市海沧区',3,0),(306,303,'湖里区',0,'',0,'hlq','福建省厦门市湖里区',3,0),(307,303,'集美区',0,'',0,'jmq','福建省厦门市集美区',3,0),(308,303,'同安区',0,'',0,'taq','福建省厦门市同安区',3,0),(309,303,'翔安区',0,'',0,'xaq','福建省厦门市翔安区',3,0),(310,227,'漳州',0,'z',0,'zhangzhou','福建省漳州市',2,0),(311,310,'芗城区',0,'',0,'xcq','福建省漳州市芗城区',3,0),(312,310,'龙文区',0,'',0,'lwq','福建省漳州市龙文区',3,0),(313,310,'云霄县',0,'',0,'yxx','福建省漳州市云霄县',3,0),(314,310,'漳浦县',0,'',0,'zpx','福建省漳州市漳浦县',3,0),(315,310,'诏安县',0,'',0,'zax','福建省漳州市诏安县',3,0),(316,310,'长泰县',0,'',0,'ctx','福建省漳州市长泰县',3,0),(317,310,'东山县',0,'',0,'dsx','福建省漳州市东山县',3,0),(318,310,'南靖县',0,'',0,'njx','福建省漳州市南靖县',3,0),(319,310,'平和县',0,'',0,'phx','福建省漳州市平和县',3,0),(320,310,'华安县',0,'',0,'hax','福建省漳州市华安县',3,0),(321,310,'龙海市',0,'',0,'lhs','福建省漳州市龙海市',3,0),(322,0,'甘肃',0,'',0,'','',1,0),(323,322,'兰州',0,'l',0,'lz','甘肃省兰州市',2,0),(324,323,'城关区',0,'',0,'cgq','甘肃省兰州市城关区',3,0),(325,323,'七里河区',0,'',0,'qlhq','甘肃省兰州市七里河区',3,0),(326,323,'西固区',0,'',0,'xgq','甘肃省兰州市西固区',3,0),(327,323,'安宁区',0,'',0,'anq','甘肃省兰州市安宁区',3,0),(328,323,'红古区',0,'',0,'hgq','甘肃省兰州市红古区',3,0),(329,323,'永登县',0,'',0,'ydx','甘肃省兰州市永登县',3,0),(330,323,'皋兰县',0,'',0,'glx','甘肃省兰州市皋兰县',3,0),(331,323,'榆中县',0,'',0,'yzx','甘肃省兰州市榆中县',3,0),(332,322,'白银',0,'b',0,'by','甘肃省白银市',2,0),(333,332,'白银区',0,'',0,'byq','甘肃省白银市白银区',3,0),(334,332,'平川区',0,'',0,'pcq','甘肃省白银市平川区',3,0),(335,332,'靖远县',0,'',0,'jyx','甘肃省白银市靖远县',3,0),(336,332,'会宁县',0,'',0,'hnx','甘肃省白银市会宁县',3,0),(337,332,'景泰县',0,'',0,'jtx','甘肃省白银市景泰县',3,0),(338,322,'定西',0,'d',0,'dx','甘肃省定西市',2,0),(339,338,'安定区',0,'',0,'adq','甘肃省定西市安定区',3,0),(340,338,'通渭县',0,'',0,'twx','甘肃省定西市通渭县',3,0),(341,338,'陇西县',0,'',0,'lxx','甘肃省定西市陇西县',3,0),(342,338,'渭源县',0,'',0,'wyx','甘肃省定西市渭源县',3,0),(343,338,'临洮县',0,'',0,'lx','甘肃省定西市临洮县',3,0),(344,338,'漳县',0,'',0,'zx','甘肃省定西市漳县',3,0),(345,338,'岷县',0,'',0,'x','甘肃省定西市岷县',3,0),(346,322,'甘南',0,'g',0,'gn','甘肃省甘南藏族自治州',2,0),(347,346,'合作市',0,'',0,'hzs','甘肃省甘南藏族自治州合作市',3,0),(348,346,'临潭县',0,'',0,'ltx','甘肃省甘南藏族自治州临潭县',3,0),(349,346,'卓尼县',0,'',0,'znx','甘肃省甘南藏族自治州卓尼县',3,0),(350,346,'舟曲县',0,'',0,'zqx','甘肃省甘南藏族自治州舟曲县',3,0),(351,346,'迭部县',0,'',0,'dbx','甘肃省甘南藏族自治州迭部县',3,0),(352,346,'玛曲县',0,'',0,'mqx','甘肃省甘南藏族自治州玛曲县',3,0),(353,346,'碌曲县',0,'',0,'lqx','甘肃省甘南藏族自治州碌曲县',3,0),(354,346,'夏河县',0,'',0,'xhx','甘肃省甘南藏族自治州夏河县',3,0),(355,322,'嘉峪关',0,'j',0,'jyg','甘肃省嘉峪关市',2,0),(356,322,'金昌',0,'j',0,'jinchang','甘肃省金昌市',2,0),(357,356,'金川区',0,'',0,'jcq','甘肃省金昌市金川区',3,0),(358,356,'永昌县',0,'',0,'ycx','甘肃省金昌市永昌县',3,0),(359,322,'酒泉',0,'j',0,'jq','甘肃省酒泉市',2,0),(360,359,'肃州区',0,'',0,'szq','甘肃省酒泉市肃州区',3,0),(361,359,'金塔县',0,'',0,'jtx','甘肃省酒泉市金塔县',3,0),(362,359,'安西县',0,'',0,'axx','甘肃省酒泉市安西县',3,0),(363,359,'肃北蒙古族自治县',0,'',0,'sbmgzzzx','甘肃省酒泉市肃北蒙古族自治县',3,0),(364,359,'阿克塞哈萨克族自治县',0,'',0,'akshskzzzx','甘肃省酒泉市阿克塞哈萨克族自治县',3,0),(365,359,'玉门市',0,'',0,'yms','甘肃省酒泉市玉门市',3,0),(366,359,'敦煌市',0,'',0,'dhs','甘肃省酒泉市敦煌市',3,0),(367,322,'临夏',0,'l',0,'linxia','甘肃省临夏回族自治州',2,0),(368,367,'临夏市',0,'',0,'lxs','甘肃省临夏回族自治州临夏市',3,0),(369,367,'临夏县',0,'',0,'lxx','甘肃省临夏回族自治州临夏县',3,0),(370,367,'康乐县',0,'',0,'klx','甘肃省临夏回族自治州康乐县',3,0),(371,367,'永靖县',0,'',0,'yjx','甘肃省临夏回族自治州永靖县',3,0),(372,367,'广河县',0,'',0,'ghx','甘肃省临夏回族自治州广河县',3,0),(373,367,'和政县',0,'',0,'hzx','甘肃省临夏回族自治州和政县',3,0),(374,367,'东乡族自治县',0,'',0,'dxzzzx','甘肃省临夏回族自治州东乡族自治县',3,0),(375,367,'积石山保安族东乡族撒拉族自治县',0,'',0,'linxia/jssbazdxzslzz','甘肃省临夏回族自治州积石山保安族东乡族撒拉族自治县',3,0),(376,322,'陇南',0,'l',0,'ln','甘肃省陇南市',2,0),(377,376,'武都区',0,'',0,'wdq','甘肃省陇南市武都区',3,0),(378,376,'成县',0,'',0,'cx','甘肃省陇南市成县',3,0),(379,376,'文县',0,'',0,'wx','甘肃省陇南市文县',3,0),(380,376,'宕昌县',0,'',0,'cx','甘肃省陇南市宕昌县',3,0),(381,376,'康县',0,'',0,'kx','甘肃省陇南市康县',3,0),(382,376,'西和县',0,'',0,'xhx','甘肃省陇南市西和县',3,0),(383,376,'礼县',0,'',0,'lx','甘肃省陇南市礼县',3,0),(384,376,'徽县',0,'',0,'hx','甘肃省陇南市徽县',3,0),(385,376,'两当县',0,'',0,'ldx','甘肃省陇南市两当县',3,0),(386,322,'平凉',0,'p',0,'pl','甘肃省平凉市',2,0),(387,386,'崆峒区',0,'',0,'q','甘肃省平凉市崆峒区',3,0),(388,386,'泾川县',0,'',0,'cx','甘肃省平凉市泾川县',3,0),(389,386,'灵台县',0,'',0,'ltx','甘肃省平凉市灵台县',3,0),(390,386,'崇信县',0,'',0,'cxx','甘肃省平凉市崇信县',3,0),(391,386,'华亭县',0,'',0,'htx','甘肃省平凉市华亭县',3,0),(392,386,'庄浪县',0,'',0,'zlx','甘肃省平凉市庄浪县',3,0),(393,386,'静宁县',0,'',0,'jnx','甘肃省平凉市静宁县',3,0),(394,322,'庆阳',0,'q',0,'qingyang','甘肃省庆阳市',2,0),(395,394,'西峰区',0,'',0,'xfq','甘肃省庆阳市西峰区',3,0),(396,394,'庆城县',0,'',0,'qcx','甘肃省庆阳市庆城县',3,0),(397,394,'环县',0,'',0,'hx','甘肃省庆阳市环县',3,0),(398,394,'华池县',0,'',0,'hcx','甘肃省庆阳市华池县',3,0),(399,394,'合水县',0,'',0,'hsx','甘肃省庆阳市合水县',3,0),(400,394,'正宁县',0,'',0,'znx','甘肃省庆阳市正宁县',3,0),(401,394,'宁县',0,'',0,'nx','甘肃省庆阳市宁县',3,0),(402,394,'镇原县',0,'',0,'zyx','甘肃省庆阳市镇原县',3,0),(403,322,'天水',0,'t',0,'tianshui','甘肃省天水市',2,0),(404,403,'秦城区',0,'',0,'qcq','甘肃省天水市秦城区',3,0),(405,403,'北道区',0,'',0,'bdq','甘肃省天水市北道区',3,0),(406,403,'清水县',0,'',0,'qsx','甘肃省天水市清水县',3,0),(407,403,'秦安县',0,'',0,'qax','甘肃省天水市秦安县',3,0),(408,403,'甘谷县',0,'',0,'ggx','甘肃省天水市甘谷县',3,0),(409,403,'武山县',0,'',0,'wsx','甘肃省天水市武山县',3,0),(410,403,'张家川回族自治县',0,'',0,'zjchzzzx','甘肃省天水市张家川回族自治县',3,0),(411,322,'武威',0,'w',0,'weiwu','甘肃省武威市',2,0),(412,411,'凉州区',0,'',0,'lzq','甘肃省武威市凉州区',3,0),(413,411,'民勤县',0,'',0,'mqx','甘肃省武威市民勤县',3,0),(414,411,'古浪县',0,'',0,'glx','甘肃省武威市古浪县',3,0),(415,411,'天祝藏族自治县',0,'',0,'tzczzzx','甘肃省武威市天祝藏族自治县',3,0),(416,322,'张掖',0,'z',0,'zhangye','甘肃省张掖市',2,0),(417,416,'甘州区',0,'',0,'gzq','甘肃省张掖市甘州区',3,0),(418,416,'肃南裕固族自治县',0,'',0,'snygzzzx','甘肃省张掖市肃南裕固族自治县',3,0),(419,416,'民乐县',0,'',0,'mlx','甘肃省张掖市民乐县',3,0),(420,416,'临泽县',0,'',0,'lzx','甘肃省张掖市临泽县',3,0),(421,416,'高台县',0,'',0,'gtx','甘肃省张掖市高台县',3,0),(422,416,'山丹县',0,'',0,'sdx','甘肃省张掖市山丹县',3,0),(423,0,'广东',0,'',0,'','',1,0),(424,423,'广州',0,'g',0,'gz','广东省广州市',2,0),(425,424,'东山区',0,'',0,'dsq','广东省广州市东山区',3,0),(426,424,'荔湾区',0,'',0,'lwq','广东省广州市荔湾区',3,0),(427,424,'越秀区',0,'',0,'yxq','广东省广州市越秀区',3,0),(428,424,'海珠区',0,'',0,'hzq','广东省广州市海珠区',3,0),(429,424,'天河区',0,'',0,'thq','广东省广州市天河区',3,0),(430,424,'芳村区',0,'',0,'fcq','广东省广州市芳村区',3,0),(431,424,'白云区',0,'',0,'byq','广东省广州市白云区',3,0),(432,424,'黄埔区',0,'',0,'hpq','广东省广州市黄埔区',3,0),(433,424,'番禺区',0,'',0,'fq','广东省广州市番禺区',3,0),(434,424,'花都区',0,'',0,'hdq','广东省广州市花都区',3,0),(435,424,'增城市',0,'',0,'zcs','广东省广州市增城市',3,0),(436,424,'从化市',0,'',0,'chs','广东省广州市从化市',3,0),(437,423,'潮州',0,'c',0,'chaozhou','广东省潮州市',2,0),(438,437,'湘桥区',0,'',0,'xqq','广东省潮州市湘桥区',3,0),(439,437,'潮安县',0,'',0,'cax','广东省潮州市潮安县',3,0),(440,437,'饶平县',0,'',0,'rpx','广东省潮州市饶平县',3,0),(441,423,'东莞',0,'d',0,'dg','广东省东莞市',2,0),(442,423,'佛山',0,'f',0,'fs','广东省佛山市',2,0),(443,442,'禅城区',0,'',0,'cq','广东省佛山市禅城区',3,0),(444,442,'南海区',0,'',0,'nhq','广东省佛山市南海区',3,0),(445,442,'顺德区',0,'',0,'sdq','广东省佛山市顺德区',3,0),(446,442,'三水区',0,'',0,'ssq','广东省佛山市三水区',3,0),(447,442,'高明区',0,'',0,'gmq','广东省佛山市高明区',3,0),(448,423,'河源',0,'h',0,'heyuan','广东省河源市',2,0),(449,448,'源城区',0,'',0,'ycq','广东省河源市源城区',3,0),(450,448,'紫金县',0,'',0,'zjx','广东省河源市紫金县',3,0),(451,448,'龙川县',0,'',0,'lcx','广东省河源市龙川县',3,0),(452,448,'连平县',0,'',0,'lpx','广东省河源市连平县',3,0),(453,448,'和平县',0,'',0,'hpx','广东省河源市和平县',3,0),(454,448,'东源县',0,'',0,'dyx','广东省河源市东源县',3,0),(455,423,'惠州',0,'h',0,'huizhou','广东省惠州市',2,0),(456,455,'惠城区',0,'',0,'hcq','广东省惠州市惠城区',3,0),(457,455,'惠阳区',0,'',0,'hyq','广东省惠州市惠阳区',3,0),(458,455,'博罗县',0,'',0,'blx','广东省惠州市博罗县',3,0),(459,455,'惠东县',0,'',0,'hdx','广东省惠州市惠东县',3,0),(460,455,'龙门县',0,'',0,'lmx','广东省惠州市龙门县',3,0),(461,423,'江门',0,'j',0,'jm','广东省江门市',2,0),(462,461,'蓬江区',0,'',0,'pjq','广东省江门市蓬江区',3,0),(463,461,'江海区',0,'',0,'jhq','广东省江门市江海区',3,0),(464,461,'新会区',0,'',0,'xhq','广东省江门市新会区',3,0),(465,461,'台山市',0,'',0,'tss','广东省江门市台山市',3,0),(466,461,'开平市',0,'',0,'kps','广东省江门市开平市',3,0),(467,461,'鹤山市',0,'',0,'hss','广东省江门市鹤山市',3,0),(468,461,'恩平市',0,'',0,'eps','广东省江门市恩平市',3,0),(469,423,'揭阳',0,'j',0,'jy','广东省揭阳市',2,0),(470,469,'榕城区',0,'',0,'cq','广东省揭阳市榕城区',3,0),(471,469,'揭东县',0,'',0,'jdx','广东省揭阳市揭东县',3,0),(472,469,'揭西县',0,'',0,'jxx','广东省揭阳市揭西县',3,0),(473,469,'惠来县',0,'',0,'hlx','广东省揭阳市惠来县',3,0),(474,469,'普宁市',0,'',0,'pns','广东省揭阳市普宁市',3,0),(475,423,'茂名',0,'m',0,'mm','广东省茂名市',2,0),(476,475,'茂南区',0,'',0,'mnq','广东省茂名市茂南区',3,0),(477,475,'茂港区',0,'',0,'mgq','广东省茂名市茂港区',3,0),(478,475,'电白县',0,'',0,'dbx','广东省茂名市电白县',3,0),(479,475,'高州市',0,'',0,'gzs','广东省茂名市高州市',3,0),(480,475,'化州市',0,'',0,'hzs','广东省茂名市化州市',3,0),(481,475,'信宜市',0,'',0,'xys','广东省茂名市信宜市',3,0),(482,483,'梅江区',0,'',0,'mjq','广东省梅州市梅江区',3,0),(483,423,'梅州',0,'m',0,'mz','广东省梅州市',2,0),(484,483,'梅县',0,'',0,'mx','广东省梅州市梅县',3,0),(485,483,'大埔县',0,'',0,'dpx','广东省梅州市大埔县',3,0),(486,483,'丰顺县',0,'',0,'fsx','广东省梅州市丰顺县',3,0),(487,483,'五华县',0,'',0,'whx','广东省梅州市五华县',3,0),(488,483,'平远县',0,'',0,'pyx','广东省梅州市平远县',3,0),(489,483,'蕉岭县',0,'',0,'jlx','广东省梅州市蕉岭县',3,0),(490,483,'兴宁市',0,'',0,'xns','广东省梅州市兴宁市',3,0),(491,423,'清远',0,'q',0,'qingyuan','广东省清远市',2,0),(492,491,'清城区',0,'',0,'qcq','广东省清远市清城区',3,0),(493,491,'佛冈县',0,'',0,'fgx','广东省清远市佛冈县',3,0),(494,491,'阳山县',0,'',0,'ysx','广东省清远市阳山县',3,0),(495,491,'连山壮族瑶族自治县',0,'',0,'lszzyzzzx','广东省清远市连山壮族瑶族自治县',3,0),(496,491,'连南瑶族自治县',0,'',0,'lnyzzzx','广东省清远市连南瑶族自治县',3,0),(497,491,'清新县',0,'',0,'qxx','广东省清远市清新县',3,0),(498,491,'英德市',0,'',0,'yds','广东省清远市英德市',3,0),(499,491,'连州市',0,'',0,'lzs','广东省清远市连州市',3,0),(500,423,'汕头',0,'s',0,'st','广东省汕头市',2,0),(501,500,'龙湖区',0,'',0,'lhq','广东省汕头市龙湖区',3,0),(502,500,'金平区',0,'',0,'jpq','广东省汕头市金平区',3,0),(503,500,'濠江区',0,'',0,'jq','广东省汕头市濠江区',3,0),(504,500,'潮阳区',0,'',0,'cyq','广东省汕头市潮阳区',3,0),(505,500,'潮南区',0,'',0,'cnq','广东省汕头市潮南区',3,0),(506,500,'澄海区',0,'',0,'chq','广东省汕头市澄海区',3,0),(507,500,'南澳县',0,'',0,'nax','广东省汕头市南澳县',3,0),(508,423,'汕尾',0,'s',0,'sw','广东省汕尾市',2,0),(509,508,'城区',0,'',0,'cq','广东省汕尾市城区',3,0),(510,508,'海丰县',0,'',0,'hfx','广东省汕尾市海丰县',3,0),(511,508,'陆河县',0,'',0,'lhx','广东省汕尾市陆河县',3,0),(512,508,'陆丰市',0,'',0,'lfs','广东省汕尾市陆丰市',3,0),(513,423,'韶关',0,'s',0,'sg','广东省韶关市',2,0),(514,513,'武江区',0,'',0,'wjq','广东省韶关市武江区',3,0),(515,513,'浈江区',0,'',0,'jq','广东省韶关市浈江区',3,0),(516,513,'曲江区',0,'',0,'qjq','广东省韶关市曲江区',3,0),(517,513,'始兴县',0,'',0,'sxx','广东省韶关市始兴县',3,0),(518,513,'仁化县',0,'',0,'rhx','广东省韶关市仁化县',3,0),(519,513,'翁源县',0,'',0,'wyx','广东省韶关市翁源县',3,0),(520,513,'乳源瑶族自治县',0,'',0,'ryyzzzx','广东省韶关市乳源瑶族自治县',3,0),(521,513,'新丰县',0,'',0,'xfx','广东省韶关市新丰县',3,0),(522,513,'乐昌市',0,'',0,'lcs','广东省韶关市乐昌市',3,0),(523,513,'南雄市',0,'',0,'nxs','广东省韶关市南雄市',3,0),(524,423,'深圳',0,'s',0,'sz','广东省深圳市',2,0),(525,524,'罗湖区',0,'',0,'lhq','广东省深圳市罗湖区',3,0),(526,524,'福田区',0,'',0,'ftq','广东省深圳市福田区',3,0),(527,524,'南山区',0,'',0,'nsq','广东省深圳市南山区',3,0),(528,524,'宝安区',0,'',0,'baq','广东省深圳市宝安区',3,0),(529,524,'龙岗区',0,'',0,'lgq','广东省深圳市龙岗区',3,0),(530,524,'盐田区',0,'',0,'ytq','广东省深圳市盐田区',3,0),(531,423,'阳江',0,'y',0,'yj','广东省阳江市',2,0),(532,531,'江城区',0,'',0,'jcq','广东省阳江市江城区',3,0),(533,531,'阳西县',0,'',0,'yxx','广东省阳江市阳西县',3,0),(534,531,'阳东县',0,'',0,'ydx','广东省阳江市阳东县',3,0),(535,531,'阳春市',0,'',0,'ycs','广东省阳江市阳春市',3,0),(536,423,'云浮',0,'y',0,'yf','广东省云浮市',2,0),(537,536,'云城区',0,'',0,'ycq','广东省云浮市云城区',3,0),(538,536,'新兴县',0,'',0,'xxx','广东省云浮市新兴县',3,0),(539,536,'郁南县',0,'',0,'ynx','广东省云浮市郁南县',3,0),(540,536,'云安县',0,'',0,'yax','广东省云浮市云安县',3,0),(541,536,'罗定市',0,'',0,'lds','广东省云浮市罗定市',3,0),(542,423,'湛江',0,'z',0,'zhanjiang','广东省湛江市',2,0),(543,542,'赤坎区',0,'',0,'ckq','广东省湛江市赤坎区',3,0),(544,542,'霞山区',0,'',0,'xsq','广东省湛江市霞山区',3,0),(545,542,'坡头区',0,'',0,'ptq','广东省湛江市坡头区',3,0),(546,542,'麻章区',0,'',0,'mzq','广东省湛江市麻章区',3,0),(547,542,'遂溪县',0,'',0,'sxx','广东省湛江市遂溪县',3,0),(548,542,'徐闻县',0,'',0,'xwx','广东省湛江市徐闻县',3,0),(549,542,'廉江市',0,'',0,'ljs','广东省湛江市廉江市',3,0),(550,542,'雷州市',0,'',0,'lzs','广东省湛江市雷州市',3,0),(551,542,'吴川市',0,'',0,'wcs','广东省湛江市吴川市',3,0),(552,423,'肇庆',0,'z',0,'zq','广东省肇庆市',2,0),(553,552,'端州区',0,'',0,'dzq','广东省肇庆市端州区',3,0),(554,552,'鼎湖区',0,'',0,'dhq','广东省肇庆市鼎湖区',3,0),(555,552,'广宁县',0,'',0,'gnx','广东省肇庆市广宁县',3,0),(556,552,'怀集县',0,'',0,'hjx','广东省肇庆市怀集县',3,0),(557,552,'封开县',0,'',0,'fkx','广东省肇庆市封开县',3,0),(558,552,'德庆县',0,'',0,'dqx','广东省肇庆市德庆县',3,0),(559,552,'高要市',0,'',0,'gys','广东省肇庆市高要市',3,0),(560,552,'四会市',0,'',0,'shs','广东省肇庆市四会市',3,0),(561,423,'中山',0,'z',0,'zs','广东省中山市',2,0),(562,423,'珠海',0,'z',0,'zh','广东省珠海市',2,0),(563,562,'香洲区',0,'',0,'xzq','广东省珠海市香洲区',3,0),(564,562,'斗门区',0,'',0,'dmq','广东省珠海市斗门区',3,0),(565,562,'金湾区',0,'',0,'jwq','广东省珠海市金湾区',3,0),(566,0,'广西',0,'',0,'','',1,0),(567,566,'南宁',0,'n',0,'nn','广西自治区南宁市',2,0),(568,567,'兴宁区',0,'',0,'xnq','广西自治区南宁市兴宁区',3,0),(569,567,'青秀区',0,'',0,'qxq','广西自治区南宁市青秀区',3,0),(570,567,'江南区',0,'',0,'jnq','广西自治区南宁市江南区',3,0),(571,567,'西乡塘区',0,'',0,'xxtq','广西自治区南宁市西乡塘区',3,0),(572,567,'良庆区',0,'',0,'lqq','广西自治区南宁市良庆区',3,0),(573,567,'邕宁区',0,'',0,'nq','广西自治区南宁市邕宁区',3,0),(574,567,'武鸣县',0,'',0,'wmx','广西自治区南宁市武鸣县',3,0),(575,567,'隆安县',0,'',0,'lax','广西自治区南宁市隆安县',3,0),(576,567,'马山县',0,'',0,'msx','广西自治区南宁市马山县',3,0),(577,567,'上林县',0,'',0,'slx','广西自治区南宁市上林县',3,0),(578,567,'宾阳县',0,'',0,'byx','广西自治区南宁市宾阳县',3,0),(579,567,'横县',0,'',0,'hx','广西自治区南宁市横县',3,0),(580,566,'百色',0,'b',0,'baise','广西自治区百色市',2,0),(581,580,'右江区',0,'',0,'yjq','广西自治区百色市右江区',3,0),(582,580,'田阳县',0,'',0,'tyx','广西自治区百色市田阳县',3,0),(583,580,'田东县',0,'',0,'tdx','广西自治区百色市田东县',3,0),(584,580,'平果县',0,'',0,'pgx','广西自治区百色市平果县',3,0),(585,580,'德保县',0,'',0,'dbx','广西自治区百色市德保县',3,0),(586,580,'靖西县',0,'',0,'jxx','广西自治区百色市靖西县',3,0),(587,580,'那坡县',0,'',0,'npx','广西自治区百色市那坡县',3,0),(588,580,'凌云县',0,'',0,'lyx','广西自治区百色市凌云县',3,0),(589,580,'乐业县',0,'',0,'lyx','广西自治区百色市乐业县',3,0),(590,580,'田林县',0,'',0,'tlx','广西自治区百色市田林县',3,0),(591,580,'西林县',0,'',0,'xlx','广西自治区百色市西林县',3,0),(592,580,'隆林各族自治县',0,'',0,'llgzzzx','广西自治区百色市隆林各族自治县',3,0),(593,566,'北海',0,'b',0,'bh','广西自治区北海市',2,0),(594,593,'海城区',0,'',0,'hcq','广西自治区北海市海城区',3,0),(595,593,'银海区',0,'',0,'yhq','广西自治区北海市银海区',3,0),(596,593,'铁山港区',0,'',0,'tsgq','广西自治区北海市铁山港区',3,0),(597,593,'合浦县',0,'',0,'hpx','广西自治区北海市合浦县',3,0),(598,566,'崇左',0,'c',0,'chongzuo','广西自治区崇左市',2,0),(599,598,'江洲区',0,'',0,'jzq','广西自治区崇左市江洲区',3,0),(600,598,'扶绥县',0,'',0,'fsx','广西自治区崇左市扶绥县',3,0),(601,598,'宁明县',0,'',0,'nmx','广西自治区崇左市宁明县',3,0),(602,598,'龙州县',0,'',0,'lzx','广西自治区崇左市龙州县',3,0),(603,598,'大新县',0,'',0,'dxx','广西自治区崇左市大新县',3,0),(604,598,'天等县',0,'',0,'tdx','广西自治区崇左市天等县',3,0),(605,598,'凭祥市',0,'',0,'pxs','广西自治区崇左市凭祥市',3,0),(606,566,'防城港',0,'f',0,'fcg','广西自治区防城港市',2,0),(607,606,'港口区',0,'',0,'gkq','广西自治区防城港市港口区',3,0),(608,606,'防城区',0,'',0,'fcq','广西自治区防城港市防城区',3,0),(609,606,'上思县',0,'',0,'ssx','广西自治区防城港市上思县',3,0),(610,606,'东兴市',0,'',0,'dxs','广西自治区防城港市东兴市',3,0),(611,566,'贵港',0,'g',0,'gg','广西自治区贵港市',2,0),(612,611,'港北区',0,'',0,'gbq','广西自治区贵港市港北区',3,0),(613,611,'港南区',0,'',0,'gnq','广西自治区贵港市港南区',3,0),(614,611,'覃塘区',0,'',0,'tq','广西自治区贵港市覃塘区',3,0),(615,611,'平南县',0,'',0,'pnx','广西自治区贵港市平南县',3,0),(616,611,'桂平市',0,'',0,'gps','广西自治区贵港市桂平市',3,0),(617,566,'桂林',0,'g',0,'gl','广西自治区桂林市',2,0),(618,617,'秀峰区',0,'',0,'xfq','广西自治区桂林市秀峰区',3,0),(619,617,'叠彩区',0,'',0,'dcq','广西自治区桂林市叠彩区',3,0),(620,617,'象山区',0,'',0,'xsq','广西自治区桂林市象山区',3,0),(621,617,'七星区',0,'',0,'qxq','广西自治区桂林市七星区',3,0),(622,617,'雁山区',0,'',0,'ysq','广西自治区桂林市雁山区',3,0),(623,617,'阳朔县',0,'',0,'ysx','广西自治区桂林市阳朔县',3,0),(624,617,'临桂县',0,'',0,'lgx','广西自治区桂林市临桂县',3,0),(625,617,'灵川县',0,'',0,'lcx','广西自治区桂林市灵川县',3,0),(626,617,'全州县',0,'',0,'qzx','广西自治区桂林市全州县',3,0),(627,617,'兴安县',0,'',0,'xax','广西自治区桂林市兴安县',3,0),(628,617,'永福县',0,'',0,'yfx','广西自治区桂林市永福县',3,0),(629,617,'灌阳县',0,'',0,'gyx','广西自治区桂林市灌阳县',3,0),(630,617,'龙胜各族自治县',0,'',0,'lsgzzzx','广西自治区桂林市龙胜各族自治县',3,0),(631,617,'资源县',0,'',0,'zyx','广西自治区桂林市资源县',3,0),(632,617,'平乐县',0,'',0,'plx','广西自治区桂林市平乐县',3,0),(633,617,'荔蒲县',0,'',0,'lpx','广西自治区桂林市荔蒲县',3,0),(634,617,'恭城瑶族自治县',0,'',0,'gcyzzzx','广西自治区桂林市恭城瑶族自治县',3,0),(635,566,'河池',0,'h',0,'hc','广西自治区河池市',2,0),(636,635,'金城江区',0,'',0,'jcjq','广西自治区河池市金城江区',3,0),(637,635,'南丹县',0,'',0,'ndx','广西自治区河池市南丹县',3,0),(638,635,'天峨县',0,'',0,'tex','广西自治区河池市天峨县',3,0),(639,635,'凤山县',0,'',0,'fsx','广西自治区河池市凤山县',3,0),(640,635,'东兰县',0,'',0,'dlx','广西自治区河池市东兰县',3,0),(641,635,'罗城仫佬族自治县',0,'',0,'lclzzzx','广西自治区河池市罗城仫佬族自治县',3,0),(642,635,'环江毛南族自治县',0,'',0,'hjmnzzzx','广西自治区河池市环江毛南族自治县',3,0),(643,635,'巴马瑶族自治县',0,'',0,'bmyzzzx','广西自治区河池市巴马瑶族自治县',3,0),(644,635,'都安瑶族自治县',0,'',0,'dayzzzx','广西自治区河池市都安瑶族自治县',3,0),(645,635,'大化瑶族自治县',0,'',0,'dhyzzzx','广西自治区河池市大化瑶族自治县',3,0),(646,635,'宜州市',0,'',0,'yzs','广西自治区河池市宜州市',3,0),(647,566,'贺州',0,'h',0,'hezhou','广西自治区贺州市',2,0),(648,647,'八步区',0,'',0,'bbq','广西自治区贺州市八步区',3,0),(649,647,'昭平县',0,'',0,'zpx','广西自治区贺州市昭平县',3,0),(650,647,'钟山县',0,'',0,'zsx','广西自治区贺州市钟山县',3,0),(651,647,'富川瑶族自治县',0,'',0,'fcyzzzx','广西自治区贺州市富川瑶族自治县',3,0),(652,566,'来宾',0,'l',0,'lb','广西自治区来宾市',2,0),(653,652,'兴宾区',0,'',0,'xbq','广西自治区来宾市兴宾区',3,0),(654,652,'忻城县',0,'',0,'xcx','广西自治区来宾市忻城县',3,0),(655,652,'象州县',0,'',0,'xzx','广西自治区来宾市象州县',3,0),(656,652,'武宣县',0,'',0,'wxx','广西自治区来宾市武宣县',3,0),(657,652,'金秀瑶族自治县',0,'',0,'jxyzzzx','广西自治区来宾市金秀瑶族自治县',3,0),(658,652,'合山市',0,'',0,'hss','广西自治区来宾市合山市',3,0),(659,566,'柳州',0,'l',0,'liuzhou','广西自治区柳州市',2,0),(660,659,'城中区',0,'',0,'czq','广西自治区柳州市城中区',3,0),(661,659,'鱼峰区',0,'',0,'yfq','广西自治区柳州市鱼峰区',3,0),(662,659,'柳南区',0,'',0,'lnq','广西自治区柳州市柳南区',3,0),(663,659,'柳北区',0,'',0,'lbq','广西自治区柳州市柳北区',3,0),(664,659,'柳江县',0,'',0,'ljx','广西自治区柳州市柳江县',3,0),(665,659,'柳城县',0,'',0,'lcx','广西自治区柳州市柳城县',3,0),(666,659,'鹿寨县',0,'',0,'lzx','广西自治区柳州市鹿寨县',3,0),(667,659,'融安县',0,'',0,'rax','广西自治区柳州市融安县',3,0),(668,659,'融水苗族自治县',0,'',0,'rsmzzzx','广西自治区柳州市融水苗族自治县',3,0),(669,659,'三江侗族自治县',0,'',0,'sjdzzzx','广西自治区柳州市三江侗族自治县',3,0),(670,566,'钦州',0,'q',0,'qinzhou','广西自治区钦州市',2,0),(671,670,'钦南区',0,'',0,'qinzhouqnq/','广西自治区钦州市钦南区',3,0),(672,670,'钦北区',0,'',0,'qinzhouqbq/','广西自治区钦州市钦北区',3,0),(673,670,'灵山县',0,'',0,'qinzhoulsx/','广西自治区钦州市灵山县',3,0),(674,670,'浦北县',0,'',0,'qinzhoupbx/','广西自治区钦州市浦北县',3,0),(675,566,'梧州',0,'w',0,'wuzhou','广西自治区梧州市',2,0),(676,675,'万秀区',0,'',0,'wxq','广西自治区梧州市万秀区',3,0),(677,675,'蝶山区',0,'',0,'dsq','广西自治区梧州市蝶山区',3,0),(678,675,'长洲区',0,'',0,'czq','广西自治区梧州市长洲区',3,0),(679,675,'苍梧县',0,'',0,'cwx','广西自治区梧州市苍梧县',3,0),(680,675,'藤县',0,'',0,'tx','广西自治区梧州市藤县',3,0),(681,675,'蒙山县',0,'',0,'msx','广西自治区梧州市蒙山县',3,0),(682,675,'岑溪市',0,'',0,'xs','广西自治区梧州市岑溪市',3,0),(683,566,'玉林',0,'y',0,'yulin','广西自治区玉林市',2,0),(684,683,'玉州区',0,'',0,'yzq','广西自治区玉林市玉州区',3,0),(685,683,'容县',0,'',0,'rx','广西自治区玉林市容县',3,0),(686,683,'陆川县',0,'',0,'lcx','广西自治区玉林市陆川县',3,0),(687,683,'博白县',0,'',0,'bbx','广西自治区玉林市博白县',3,0),(688,683,'兴业县',0,'',0,'xyx','广西自治区玉林市兴业县',3,0),(689,683,'北流市',0,'',0,'bls','广西自治区玉林市北流市',3,0),(690,0,'贵州',0,'',0,'','',1,0),(691,690,'贵阳',0,'g',0,'gy','贵州省贵阳市',2,0),(692,691,'南明区',0,'',0,'nmq','贵州省贵阳市南明区',3,0),(693,691,'云岩区',0,'',0,'yyq','贵州省贵阳市云岩区',3,0),(694,691,'花溪区',0,'',0,'hxq','贵州省贵阳市花溪区',3,0),(695,691,'乌当区',0,'',0,'wdq','贵州省贵阳市乌当区',3,0),(696,691,'白云区',0,'',0,'byq','贵州省贵阳市白云区',3,0),(697,691,'小河区',0,'',0,'xhq','贵州省贵阳市小河区',3,0),(698,691,'开阳县',0,'',0,'kyx','贵州省贵阳市开阳县',3,0),(699,691,'息烽县',0,'',0,'xfx','贵州省贵阳市息烽县',3,0),(700,691,'修文县',0,'',0,'xwx','贵州省贵阳市修文县',3,0),(701,691,'清镇市',0,'',0,'qzs','贵州省贵阳市清镇市',3,0),(702,690,'安顺',0,'a',0,'anshun','贵州省安顺市',2,0),(703,702,'西秀区',0,'',0,'xxq','贵州省安顺市西秀区',3,0),(704,702,'平坝县',0,'',0,'pbx','贵州省安顺市平坝县',3,0),(705,702,'普定县',0,'',0,'pdx','贵州省安顺市普定县',3,0),(706,702,'镇宁布依族苗族自治县',0,'',0,'znbyzmzzzx','贵州省安顺市镇宁布依族苗族自治县',3,0),(707,702,'关岭布依族苗族自治县',0,'',0,'glbyzmzzzx','贵州省安顺市关岭布依族苗族自治县',3,0),(708,702,'紫云苗族布依族自治县',0,'',0,'zymzbyzzzx','贵州省安顺市紫云苗族布依族自治县',3,0),(709,690,'毕节',0,'b',0,'bijie','贵州省毕节地区',2,0),(710,709,'毕节市',0,'',0,'bjs','贵州省毕节地区毕节市',3,0),(711,709,'大方县',0,'',0,'dfx','贵州省毕节地区大方县',3,0),(712,709,'黔西县',0,'',0,'qxx','贵州省毕节地区黔西县',3,0),(713,709,'金沙县',0,'',0,'jsx','贵州省毕节地区金沙县',3,0),(714,709,'织金县',0,'',0,'zjx','贵州省毕节地区织金县',3,0),(715,709,'纳雍县',0,'',0,'nyx','贵州省毕节地区纳雍县',3,0),(716,709,'威宁彝族回族苗族自治县',0,'',0,'wnyzhzmzzzx','贵州省毕节地区威宁彝族回族苗族自治县',3,0),(717,709,'赫章县',0,'',0,'hzx','贵州省毕节地区赫章县',3,0),(718,690,'六盘水',0,'l',0,'lps','贵州省六盘水市',2,0),(719,718,'钟山区',0,'',0,'zsq','贵州省六盘水市钟山区',3,0),(720,718,'六枝特区',0,'',0,'lztq','贵州省六盘水市六枝特区',3,0),(721,718,'水城县',0,'',0,'scx','贵州省六盘水市水城县',3,0),(722,718,'盘县',0,'',0,'px','贵州省六盘水市盘县',3,0),(723,690,'黔东南',0,'q',0,'qdn','贵州省黔东南苗族侗族自治州',2,0),(724,723,'凯里市',0,'',0,'kls','贵州省黔东南苗族侗族自治州凯里市',3,0),(725,723,'黄平县',0,'',0,'hpx','贵州省黔东南苗族侗族自治州黄平县',3,0),(726,723,'施秉县',0,'',0,'sbx','贵州省黔东南苗族侗族自治州施秉县',3,0),(727,723,'三穗县',0,'',0,'ssx','贵州省黔东南苗族侗族自治州三穗县',3,0),(728,723,'镇远县',0,'',0,'zyx','贵州省黔东南苗族侗族自治州镇远县',3,0),(729,723,'岑巩县',0,'',0,'gx','贵州省黔东南苗族侗族自治州岑巩县',3,0),(730,723,'天柱县',0,'',0,'tzx','贵州省黔东南苗族侗族自治州天柱县',3,0),(731,723,'锦屏县',0,'',0,'jpx','贵州省黔东南苗族侗族自治州锦屏县',3,0),(732,723,'剑河县',0,'',0,'jhx','贵州省黔东南苗族侗族自治州剑河县',3,0),(733,723,'台江县',0,'',0,'tjx','贵州省黔东南苗族侗族自治州台江县',3,0),(734,723,'黎平县',0,'',0,'lpx','贵州省黔东南苗族侗族自治州黎平县',3,0),(735,723,'榕江县',0,'',0,'jx','贵州省黔东南苗族侗族自治州榕江县',3,0),(736,723,'从江县',0,'',0,'cjx','贵州省黔东南苗族侗族自治州从江县',3,0),(737,723,'雷山县',0,'',0,'lsx','贵州省黔东南苗族侗族自治州雷山县',3,0),(738,723,'麻江县',0,'',0,'mjx','贵州省黔东南苗族侗族自治州麻江县',3,0),(739,723,'丹寨县',0,'',0,'dzx','贵州省黔东南苗族侗族自治州丹寨县',3,0),(740,690,'黔南',0,'q',0,'qn','贵州省黔南布依族苗族自治州',2,0),(741,740,'都匀市',0,'',0,'dys','贵州省黔南布依族苗族自治州都匀市',3,0),(742,740,'福泉市',0,'',0,'fqs','贵州省黔南布依族苗族自治州福泉市',3,0),(743,740,'荔波县',0,'',0,'lbx','贵州省黔南布依族苗族自治州荔波县',3,0),(744,740,'贵定县',0,'',0,'gdx','贵州省黔南布依族苗族自治州贵定县',3,0),(745,740,'瓮安县',0,'',0,'wax','贵州省黔南布依族苗族自治州瓮安县',3,0),(746,740,'独山县',0,'',0,'dsx','贵州省黔南布依族苗族自治州独山县',3,0),(747,740,'平塘县',0,'',0,'ptx','贵州省黔南布依族苗族自治州平塘县',3,0),(748,740,'罗甸县',0,'',0,'ldx','贵州省黔南布依族苗族自治州罗甸县',3,0),(749,740,'长顺县',0,'',0,'csx','贵州省黔南布依族苗族自治州长顺县',3,0),(750,740,'龙里县',0,'',0,'llx','贵州省黔南布依族苗族自治州龙里县',3,0),(751,740,'惠水县',0,'',0,'hsx','贵州省黔南布依族苗族自治州惠水县',3,0),(752,740,'三都水族自治县',0,'',0,'sdszzzx','贵州省黔南布依族苗族自治州三都水族自治县',3,0),(753,690,'黔西南',0,'q',0,'qxn','贵州省黔西南布依族苗族自治州',2,0),(754,753,'兴义市',0,'',0,'xys','贵州省黔西南布依族苗族自治州兴义市',3,0),(755,753,'兴仁县',0,'',0,'xrx','贵州省黔西南布依族苗族自治州兴仁县',3,0),(756,753,'普安县',0,'',0,'pax','贵州省黔西南布依族苗族自治州普安县',3,0),(757,753,'晴隆县',0,'',0,'qlx','贵州省黔西南布依族苗族自治州晴隆县',3,0),(758,753,'贞丰县',0,'',0,'zfx','贵州省黔西南布依族苗族自治州贞丰县',3,0),(759,753,'望谟县',0,'',0,'wx','贵州省黔西南布依族苗族自治州望谟县',3,0),(760,753,'册亨县',0,'',0,'chx','贵州省黔西南布依族苗族自治州册亨县',3,0),(761,753,'安龙县',0,'',0,'alx','贵州省黔西南布依族苗族自治州安龙县',3,0),(762,690,'铜仁',0,'t',0,'tr','贵州省铜仁地区',2,0),(763,762,'铜仁市',0,'',0,'trs','贵州省铜仁地区铜仁市',3,0),(764,762,'江口县',0,'',0,'jkx','贵州省铜仁地区江口县',3,0),(765,762,'玉屏侗族自治县',0,'',0,'ypdzzzx','贵州省铜仁地区玉屏侗族自治县',3,0),(766,762,'石阡县',0,'',0,'sx','贵州省铜仁地区石阡县',3,0),(767,762,'思南县',0,'',0,'snx','贵州省铜仁地区思南县',3,0),(768,762,'印江土家族苗族自治县',0,'',0,'yjtjzmzzzx','贵州省铜仁地区印江土家族苗族自治县',3,0),(769,762,'德江县',0,'',0,'djx','贵州省铜仁地区德江县',3,0),(770,762,'沿河土家族自治县',0,'',0,'yhtjzzzx','贵州省铜仁地区沿河土家族自治县',3,0),(771,762,'松桃苗族自治县',0,'',0,'stmzzzx','贵州省铜仁地区松桃苗族自治县',3,0),(772,762,'万山特区',0,'',0,'wstq','贵州省铜仁地区万山特区',3,0),(773,690,'遵义',0,'z',0,'zunyi','贵州省遵义市',2,0),(774,773,'红花岗区',0,'',0,'hhgq','贵州省遵义市红花岗区',3,0),(775,773,'汇川区',0,'',0,'hcq','贵州省遵义市汇川区',3,0),(776,773,'遵义县',0,'',0,'zyx','贵州省遵义市遵义县',3,0),(777,773,'桐梓县',0,'',0,'tx','贵州省遵义市桐梓县',3,0),(778,773,'绥阳县',0,'',0,'syx','贵州省遵义市绥阳县',3,0),(779,773,'正安县',0,'',0,'zax','贵州省遵义市正安县',3,0),(780,773,'道真仡佬族苗族自治县',0,'',0,'dzlzmzzzx','贵州省遵义市道真仡佬族苗族自治县',3,0),(781,773,'务川仡佬族苗族自治县',0,'',0,'wclzmzzzx','贵州省遵义市务川仡佬族苗族自治县',3,0),(782,773,'凤冈县',0,'',0,'fgx','贵州省遵义市凤冈县',3,0),(783,773,'湄潭县',0,'',0,'tx','贵州省遵义市湄潭县',3,0),(784,773,'余庆县',0,'',0,'yqx','贵州省遵义市余庆县',3,0),(785,773,'习水县',0,'',0,'xsx','贵州省遵义市习水县',3,0),(786,773,'赤水市',0,'',0,'css','贵州省遵义市赤水市',3,0),(787,773,'仁怀市',0,'',0,'rhs','贵州省遵义市仁怀市',3,0),(788,0,'海南',0,'',0,'','',1,0),(789,788,'海口',0,'h',0,'haikou','海南省海口市',2,0),(790,789,'秀英区',0,'',0,'xyq','海南省海口市秀英区',3,0),(791,789,'龙华区',0,'',0,'lhq','海南省海口市龙华区',3,0),(792,789,'琼山区',0,'',0,'qsq','海南省海口市琼山区',3,0),(793,789,'美兰区',0,'',0,'mlq','海南省海口市美兰区',3,0),(794,788,'白沙',0,'b',0,'baisha','海南省白沙黎族自治县',2,0),(795,788,'保亭',0,'b',0,'baoting','海南省保亭黎族苗族自治县',2,0),(796,788,'昌江',0,'c',0,'changjiang','海南省昌江黎族自治县',2,0),(797,788,'澄迈',0,'c',0,'chengmai','海南省澄迈县',2,0),(798,788,'儋州',0,'d',0,'danzhou','海南省儋州市',2,0),(799,788,'定安县',0,'d',0,'dingan','海南省定安县',2,0),(800,788,'东方',0,'d',0,'dongfang','海南省东方市',2,0),(801,788,'乐东',0,'l',0,'ledong','海南省乐东黎族自治县',2,0),(802,788,'临高',0,'l',0,'lingao','海南省临高县',2,0),(803,788,'陵水',0,'l',0,'lingshui','海南省陵水黎族自治县',2,0),(804,788,'南沙群岛',0,'n',0,'nsqd','海南省南沙群岛',2,0),(805,788,'琼海',0,'q',0,'qionghai','海南省琼海市',2,0),(806,788,'琼中',0,'q',0,'qiongzhong','海南省琼中黎族苗族自治县',2,0),(807,788,'三亚',0,'s',0,'sanya','海南省三亚市',2,0),(808,788,'屯昌',0,'t',0,'tunchang','海南省屯昌县',2,0),(809,788,'万宁',0,'w',0,'wanning','海南省万宁市',2,0),(810,788,'文昌',0,'w',0,'wenchang','海南省文昌市',2,0),(811,788,'五指山',0,'w',0,'wzs','海南省五指山市',2,0),(812,788,'西沙群岛',0,'x',0,'xsqd','海南省西沙群岛',2,0),(813,788,'中沙群岛',0,'z',0,'zsqd','海南省中沙群岛的岛礁及其海域',2,0),(814,0,'河北',0,'',0,'','',1,0),(815,814,'石家庄',0,'s',0,'sjz','河北省石家庄市',2,0),(816,815,'长安区',0,'',0,'caq','河北省石家庄市长安区',3,0),(817,815,'桥东区',0,'',0,'qdq','河北省石家庄市桥东区',3,0),(818,815,'桥西区',0,'',0,'qxq','河北省石家庄市桥西区',3,0),(819,815,'新华区',0,'',0,'xhq','河北省石家庄市新华区',3,0),(820,815,'井陉矿区',0,'',0,'jkq','河北省石家庄市井陉矿区',3,0),(821,815,'裕华区',0,'',0,'yhq','河北省石家庄市裕华区',3,0),(822,815,'井陉县',0,'',0,'jx','河北省石家庄市井陉县',3,0),(823,815,'正定县',0,'',0,'zdx','河北省石家庄市正定县',3,0),(824,815,'栾城县',0,'',0,'cx','河北省石家庄市栾城县',3,0),(825,815,'行唐县',0,'',0,'xtx','河北省石家庄市行唐县',3,0),(826,815,'灵寿县',0,'',0,'lsx','河北省石家庄市灵寿县',3,0),(827,815,'高邑县',0,'',0,'gyx','河北省石家庄市高邑县',3,0),(828,815,'深泽县',0,'',0,'szx','河北省石家庄市深泽县',3,0),(829,815,'赞皇县',0,'',0,'zhx','河北省石家庄市赞皇县',3,0),(830,815,'无极县',0,'',0,'wjx','河北省石家庄市无极县',3,0),(831,815,'平山县',0,'',0,'psx','河北省石家庄市平山县',3,0),(832,815,'元氏县',0,'',0,'ysx','河北省石家庄市元氏县',3,0),(833,815,'赵县',0,'',0,'zx','河北省石家庄市赵县',3,0),(834,815,'辛集市',0,'',0,'xjs','河北省石家庄市辛集市',3,0),(835,815,'藁城市',0,'',0,'gcs','河北省石家庄市藁城市',3,0),(836,815,'晋州市',0,'',0,'jzs','河北省石家庄市晋州市',3,0),(837,815,'新乐市',0,'',0,'xls','河北省石家庄市新乐市',3,0),(838,815,'鹿泉市',0,'',0,'lqs','河北省石家庄市鹿泉市',3,0),(839,814,'保定',0,'b',0,'bd','河北省保定市',2,0),(840,839,'新市区',0,'',0,'xsq','河北省保定市新市区',3,0),(841,839,'北市区',0,'',0,'bsq','河北省保定市北市区',3,0),(842,839,'南市区',0,'',0,'nsq','河北省保定市南市区',3,0),(843,839,'满城县',0,'',0,'mcx','河北省保定市满城县',3,0),(844,839,'清苑县',0,'',0,'qyx','河北省保定市清苑县',3,0),(845,839,'涞水县',0,'',0,'sx','河北省保定市涞水县',3,0),(846,839,'阜平县',0,'',0,'fpx','河北省保定市阜平县',3,0),(847,839,'徐水县',0,'',0,'xsx','河北省保定市徐水县',3,0),(848,839,'定兴县',0,'',0,'dxx','河北省保定市定兴县',3,0),(849,839,'唐县',0,'',0,'tx','河北省保定市唐县',3,0),(850,839,'高阳县',0,'',0,'gyx','河北省保定市高阳县',3,0),(851,839,'容城县',0,'',0,'rcx','河北省保定市容城县',3,0),(852,839,'涞源县',0,'',0,'yx','河北省保定市涞源县',3,0),(853,839,'望都县',0,'',0,'wdx','河北省保定市望都县',3,0),(854,839,'安新县',0,'',0,'axx','河北省保定市安新县',3,0),(855,839,'易县',0,'',0,'yx','河北省保定市易县',3,0),(856,839,'曲阳县',0,'',0,'qyx','河北省保定市曲阳县',3,0),(857,839,'蠡县',0,'',0,'x','河北省保定市蠡县',3,0),(858,839,'顺平县',0,'',0,'spx','河北省保定市顺平县',3,0),(859,839,'博野县',0,'',0,'byx','河北省保定市博野县',3,0),(860,839,'雄县',0,'',0,'xx','河北省保定市雄县',3,0),(861,839,'涿州市',0,'',0,'zs','河北省保定市涿州市',3,0),(862,839,'定州市',0,'',0,'dzs','河北省保定市定州市',3,0),(863,839,'安国市',0,'',0,'ags','河北省保定市安国市',3,0),(864,839,'高碑店市',0,'',0,'gbds','河北省保定市高碑店市',3,0),(865,814,'沧州',0,'c',0,'cangzhou','河北省沧州市',2,0),(866,865,'新华区',0,'',0,'xhq','河北省沧州市新华区',3,0),(867,865,'运河区',0,'',0,'yhq','河北省沧州市运河区',3,0),(868,865,'沧县',0,'',0,'cx','河北省沧州市沧县',3,0),(869,865,'青县',0,'',0,'qx','河北省沧州市青县',3,0),(870,865,'东光县',0,'',0,'dgx','河北省沧州市东光县',3,0),(871,865,'海兴县',0,'',0,'hxx','河北省沧州市海兴县',3,0),(872,865,'盐山县',0,'',0,'ysx','河北省沧州市盐山县',3,0),(873,865,'肃宁县',0,'',0,'snx','河北省沧州市肃宁县',3,0),(874,865,'南皮县',0,'',0,'npx','河北省沧州市南皮县',3,0),(875,865,'吴桥县',0,'',0,'wqx','河北省沧州市吴桥县',3,0),(876,865,'献县',0,'',0,'xx','河北省沧州市献县',3,0),(877,865,'孟村回族自治县',0,'',0,'mchzzzx','河北省沧州市孟村回族自治县',3,0),(878,865,'泊头市',0,'',0,'bts','河北省沧州市泊头市',3,0),(879,865,'任丘市',0,'',0,'rqs','河北省沧州市任丘市',3,0),(880,865,'黄骅市',0,'',0,'hs','河北省沧州市黄骅市',3,0),(881,865,'河间市',0,'',0,'hjs','河北省沧州市河间市',3,0),(882,814,'承德',0,'c',0,'chengde','河北省承德市',2,0),(883,882,'双桥区',0,'',0,'sqq','河北省承德市双桥区',3,0),(884,882,'双滦区',0,'',0,'slq','河北省承德市双滦区',3,0),(885,882,'鹰手营子矿区',0,'',0,'ysyzkq','河北省承德市鹰手营子矿区',3,0),(886,882,'承德县',0,'',0,'cdx','河北省承德市承德县',3,0),(887,882,'兴隆县',0,'',0,'xlx','河北省承德市兴隆县',3,0),(888,882,'平泉县',0,'',0,'pqx','河北省承德市平泉县',3,0),(889,882,'滦平县',0,'',0,'lpx','河北省承德市滦平县',3,0),(890,882,'隆化县',0,'',0,'lhx','河北省承德市隆化县',3,0),(891,882,'丰宁满族自治县',0,'',0,'fnmzzzx','河北省承德市丰宁满族自治县',3,0),(892,882,'宽城满族自治县',0,'',0,'kcmzzzx','河北省承德市宽城满族自治县',3,0),(893,882,'围场满族蒙古族自治县',0,'',0,'wcmzmgzzzx','河北省承德市围场满族蒙古族自治县',3,0),(894,814,'邯郸',0,'h',0,'hd','河北省邯郸市',2,0),(895,894,'邯山区',0,'',0,'hsq','河北省邯郸市邯山区',3,0),(896,894,'丛台区',0,'',0,'ctq','河北省邯郸市丛台区',3,0),(897,894,'复兴区',0,'',0,'fxq','河北省邯郸市复兴区',3,0),(898,894,'峰峰矿区',0,'',0,'ffkq','河北省邯郸市峰峰矿区',3,0),(899,894,'邯郸县',0,'',0,'hdx','河北省邯郸市邯郸县',3,0),(900,894,'临漳县',0,'',0,'lzx','河北省邯郸市临漳县',3,0),(901,894,'成安县',0,'',0,'cax','河北省邯郸市成安县',3,0),(902,894,'大名县',0,'',0,'dmx','河北省邯郸市大名县',3,0),(903,894,'涉县',0,'',0,'sx','河北省邯郸市涉县',3,0),(904,894,'磁县',0,'',0,'cx','河北省邯郸市磁县',3,0),(905,894,'肥乡县',0,'',0,'fxx','河北省邯郸市肥乡县',3,0),(906,894,'永年县',0,'',0,'ynx','河北省邯郸市永年县',3,0),(907,894,'邱县',0,'',0,'qx','河北省邯郸市邱县',3,0),(908,894,'鸡泽县',0,'',0,'jzx','河北省邯郸市鸡泽县',3,0),(909,894,'广平县',0,'',0,'gpx','河北省邯郸市广平县',3,0),(910,894,'馆陶县',0,'',0,'gtx','河北省邯郸市馆陶县',3,0),(911,894,'魏县',0,'',0,'wx','河北省邯郸市魏县',3,0),(912,894,'曲周县',0,'',0,'qzx','河北省邯郸市曲周县',3,0),(913,894,'武安市',0,'',0,'was','河北省邯郸市武安市',3,0),(914,814,'衡水',0,'h',0,'hs','河北省衡水市',2,0),(915,914,'桃城区',0,'',0,'tcq','河北省衡水市桃城区',3,0),(916,914,'枣强县',0,'',0,'zqx','河北省衡水市枣强县',3,0),(917,914,'武邑县',0,'',0,'wyx','河北省衡水市武邑县',3,0),(918,914,'武强县',0,'',0,'wqx','河北省衡水市武强县',3,0),(919,914,'饶阳县',0,'',0,'ryx','河北省衡水市饶阳县',3,0),(920,914,'安平县',0,'',0,'apx','河北省衡水市安平县',3,0),(921,914,'故城县',0,'',0,'gcx','河北省衡水市故城县',3,0),(922,914,'景县',0,'',0,'jx','河北省衡水市景县',3,0),(923,914,'阜城县',0,'',0,'fcx','河北省衡水市阜城县',3,0),(924,914,'冀州市',0,'',0,'jzs','河北省衡水市冀州市',3,0),(925,914,'深州市',0,'',0,'szs','河北省衡水市深州市',3,0),(926,814,'廊坊',0,'l',0,'lf','河北省廊坊市',2,0),(927,926,'安次区',0,'',0,'acq','河北省廊坊市安次区',3,0),(928,926,'广阳区',0,'',0,'gyq','河北省廊坊市广阳区',3,0),(929,926,'固安县',0,'',0,'gax','河北省廊坊市固安县',3,0),(930,926,'永清县',0,'',0,'yqx','河北省廊坊市永清县',3,0),(931,926,'香河县',0,'',0,'xhx','河北省廊坊市香河县',3,0),(932,926,'大城县',0,'',0,'dcx','河北省廊坊市大城县',3,0),(933,926,'文安县',0,'',0,'wax','河北省廊坊市文安县',3,0),(934,926,'大厂回族自治县',0,'',0,'dchzzzx','河北省廊坊市大厂回族自治县',3,0),(935,926,'霸州市',0,'',0,'bzs','河北省廊坊市霸州市',3,0),(936,926,'三河市',0,'',0,'shs','河北省廊坊市三河市',3,0),(937,814,'秦皇岛',0,'q',0,'qhd','河北省秦皇岛市',2,0),(938,937,'海港区',0,'',0,'hgq','河北省秦皇岛市海港区',3,0),(939,937,'山海关区',0,'',0,'shgq','河北省秦皇岛市山海关区',3,0),(940,937,'北戴河区',0,'',0,'bdhq','河北省秦皇岛市北戴河区',3,0),(941,937,'青龙满族自治县',0,'',0,'qlmzzzx','河北省秦皇岛市青龙满族自治县',3,0),(942,937,'昌黎县',0,'',0,'clx','河北省秦皇岛市昌黎县',3,0),(943,937,'抚宁县',0,'',0,'fnx','河北省秦皇岛市抚宁县',3,0),(944,937,'卢龙县',0,'',0,'llx','河北省秦皇岛市卢龙县',3,0),(945,814,'唐山',0,'t',0,'ts','河北省唐山市',2,0),(946,945,'路南区',0,'',0,'lnq','河北省唐山市路南区',3,0),(947,945,'路北区',0,'',0,'lbq','河北省唐山市路北区',3,0),(948,945,'古冶区',0,'',0,'gyq','河北省唐山市古冶区',3,0),(949,945,'开平区',0,'',0,'kpq','河北省唐山市开平区',3,0),(950,945,'丰南区',0,'',0,'fnq','河北省唐山市丰南区',3,0),(951,945,'丰润区',0,'',0,'frq','河北省唐山市丰润区',3,0),(952,945,'滦县',0,'',0,'lx','河北省唐山市滦县',3,0),(953,945,'滦南县',0,'',0,'lnx','河北省唐山市滦南县',3,0),(954,945,'乐亭县',0,'',0,'ltx','河北省唐山市乐亭县',3,0),(955,945,'迁西县',0,'',0,'qxx','河北省唐山市迁西县',3,0),(956,945,'玉田县',0,'',0,'ytx','河北省唐山市玉田县',3,0),(957,945,'唐海县',0,'',0,'thx','河北省唐山市唐海县',3,0),(958,945,'遵化市',0,'',0,'zhs','河北省唐山市遵化市',3,0),(959,945,'迁安市',0,'',0,'qas','河北省唐山市迁安市',3,0),(960,814,'邢台',0,'x',0,'xt','河北省邢台市',2,0),(961,960,'桥东区',0,'',0,'qdq','河北省邢台市桥东区',3,0),(962,960,'桥西区',0,'',0,'qxq','河北省邢台市桥西区',3,0),(963,960,'邢台县',0,'',0,'xtx','河北省邢台市邢台县',3,0),(964,960,'临城县',0,'',0,'lcx','河北省邢台市临城县',3,0),(965,960,'内丘县',0,'',0,'nqx','河北省邢台市内丘县',3,0),(966,960,'柏乡县',0,'',0,'bxx','河北省邢台市柏乡县',3,0),(967,960,'隆尧县',0,'',0,'lyx','河北省邢台市隆尧县',3,0),(968,960,'任县',0,'',0,'rx','河北省邢台市任县',3,0),(969,960,'南和县',0,'',0,'nhx','河北省邢台市南和县',3,0),(970,960,'宁晋县',0,'',0,'njx','河北省邢台市宁晋县',3,0),(971,960,'巨鹿县',0,'',0,'jlx','河北省邢台市巨鹿县',3,0),(972,960,'新河县',0,'',0,'xhx','河北省邢台市新河县',3,0),(973,960,'广宗县',0,'',0,'gzx','河北省邢台市广宗县',3,0),(974,960,'平乡县',0,'',0,'pxx','河北省邢台市平乡县',3,0),(975,960,'威县',0,'',0,'wx','河北省邢台市威县',3,0),(976,960,'清河县',0,'',0,'qhx','河北省邢台市清河县',3,0),(977,960,'临西县',0,'',0,'lxx','河北省邢台市临西县',3,0),(978,960,'南宫市',0,'',0,'ngs','河北省邢台市南宫市',3,0),(979,960,'沙河市',0,'',0,'shs','河北省邢台市沙河市',3,0),(980,814,'张家口',0,'z',0,'zjk','河北省张家口市',2,0),(981,980,'桥东区',0,'',0,'qdq','河北省张家口市桥东区',3,0),(982,980,'桥西区',0,'',0,'qxq','河北省张家口市桥西区',3,0),(983,980,'宣化区',0,'',0,'xhq','河北省张家口市宣化区',3,0),(984,980,'下花园区',0,'',0,'xhyq','河北省张家口市下花园区',3,0),(985,980,'宣化县',0,'',0,'xhx','河北省张家口市宣化县',3,0),(986,980,'张北县',0,'',0,'zbx','河北省张家口市张北县',3,0),(987,980,'康保县',0,'',0,'kbx','河北省张家口市康保县',3,0),(988,980,'沽源县',0,'',0,'gyx','河北省张家口市沽源县',3,0),(989,980,'尚义县',0,'',0,'syx','河北省张家口市尚义县',3,0),(990,980,'蔚县',0,'',0,'wx','河北省张家口市蔚县',3,0),(991,980,'阳原县',0,'',0,'yyx','河北省张家口市阳原县',3,0),(992,980,'怀安县',0,'',0,'hax','河北省张家口市怀安县',3,0),(993,980,'万全县',0,'',0,'wqx','河北省张家口市万全县',3,0),(994,980,'怀来县',0,'',0,'hlx','河北省张家口市怀来县',3,0),(995,980,'涿鹿县',0,'',0,'lx','河北省张家口市涿鹿县',3,0),(996,980,'赤城县',0,'',0,'ccx','河北省张家口市赤城县',3,0),(997,980,'崇礼县',0,'',0,'clx','河北省张家口市崇礼县',3,0),(998,0,'河南',0,'',0,'','',1,0),(999,998,'郑州',0,'z',0,'zz','河南省郑州市',2,0),(1000,999,'中原区',0,'',0,'zyq','河南省郑州市中原区',3,0),(1001,999,'二七区',0,'',0,'eqq','河南省郑州市二七区',3,0),(1002,999,'管城回族区',0,'',0,'gchzq','河南省郑州市管城回族区',3,0),(1003,999,'金水区',0,'',0,'jsq','河南省郑州市金水区',3,0),(1004,999,'上街区',0,'',0,'sjq','河南省郑州市上街区',3,0),(1005,999,'邙山区',0,'',0,'sq','河南省郑州市邙山区',3,0),(1006,999,'中牟县',0,'',0,'zmx','河南省郑州市中牟县',3,0),(1007,999,'巩义市',0,'',0,'gys','河南省郑州市巩义市',3,0),(1008,999,'荥阳市',0,'',0,'ys','河南省郑州市荥阳市',3,0),(1009,999,'新密市',0,'',0,'xms','河南省郑州市新密市',3,0),(1010,999,'新郑市',0,'',0,'xzs','河南省郑州市新郑市',3,0),(1011,999,'登封市',0,'',0,'dfs','河南省郑州市登封市',3,0),(1012,998,'安阳',0,'a',0,'ay','河南省安阳市',2,0),(1013,1012,'文峰区',0,'',0,'wfq','河南省安阳市文峰区',3,0),(1014,1012,'北关区',0,'',0,'bgq','河南省安阳市北关区',3,0),(1015,1012,'殷都区',0,'',0,'ydq','河南省安阳市殷都区',3,0),(1016,1012,'龙安区',0,'',0,'laq','河南省安阳市龙安区',3,0),(1017,1012,'安阳县',0,'',0,'ayx','河南省安阳市安阳县',3,0),(1018,1012,'汤阴县',0,'',0,'tyx','河南省安阳市汤阴县',3,0),(1019,1012,'滑县',0,'',0,'hx','河南省安阳市滑县',3,0),(1020,1012,'内黄县',0,'',0,'nhx','河南省安阳市内黄县',3,0),(1021,1012,'林州市',0,'',0,'lzs','河南省安阳市林州市',3,0),(1022,998,'鹤壁',0,'h',0,'hb','河南省鹤壁市',2,0),(1023,1022,'鹤山区',0,'',0,'hsq','河南省鹤壁市鹤山区',3,0),(1024,1022,'山城区',0,'',0,'scq','河南省鹤壁市山城区',3,0),(1025,1022,'淇滨区',0,'',0,'bq','河南省鹤壁市淇滨区',3,0),(1026,1022,'浚县',0,'',0,'jx','河南省鹤壁市浚县',3,0),(1027,1022,'淇县',0,'',0,'x','河南省鹤壁市淇县',3,0),(1028,998,'济源',0,'j',0,'jiyuan','河南省济源市',2,0),(1029,998,'焦作',0,'j',0,'jiaozuo','河南省焦作市',2,0),(1030,1029,'解放区',0,'',0,'jfq','河南省焦作市解放区',3,0),(1031,1029,'中站区',0,'',0,'zzq','河南省焦作市中站区',3,0),(1032,1029,'马村区',0,'',0,'mcq','河南省焦作市马村区',3,0),(1033,1029,'山阳区',0,'',0,'syq','河南省焦作市山阳区',3,0),(1034,1029,'修武县',0,'',0,'xwx','河南省焦作市修武县',3,0),(1035,1029,'博爱县',0,'',0,'bax','河南省焦作市博爱县',3,0),(1036,1029,'武陟县',0,'',0,'wx','河南省焦作市武陟县',3,0),(1037,1029,'温县',0,'',0,'wx','河南省焦作市温县',3,0),(1038,1029,'济源市',0,'',0,'jys','河南省焦作市济源市',3,0),(1039,1029,'沁阳市',0,'',0,'qys','河南省焦作市沁阳市',3,0),(1040,1029,'孟州市',0,'',0,'mzs','河南省焦作市孟州市',3,0),(1041,998,'开封',0,'k',0,'kaifeng','河南省开封市',2,0),(1042,1041,'龙亭区',0,'',0,'ltq','河南省开封市龙亭区',3,0),(1043,1041,'顺河回族区',0,'',0,'shhzq','河南省开封市顺河回族区',3,0),(1044,1041,'鼓楼区',0,'',0,'glq','河南省开封市鼓楼区',3,0),(1045,1041,'南关区',0,'',0,'ngq','河南省开封市南关区',3,0),(1046,1041,'郊区',0,'',0,'jq','河南省开封市郊区',3,0),(1047,1041,'杞县',0,'',0,'x','河南省开封市杞县',3,0),(1048,1041,'通许县',0,'',0,'txx','河南省开封市通许县',3,0),(1049,1041,'尉氏县',0,'',0,'wsx','河南省开封市尉氏县',3,0),(1050,1041,'开封县',0,'',0,'kfx','河南省开封市开封县',3,0),(1051,998,'兰考县',0,'l',0,'lkx','河南省兰考县',2,0),(1052,998,'洛阳',0,'l',0,'luoyang','河南省洛阳市',2,0),(1053,1052,'老城区',0,'',0,'lcq','河南省洛阳市老城区',3,0),(1054,1052,'西工区',0,'',0,'xgq','河南省洛阳市西工区',3,0),(1055,1052,'廛河回族区',0,'',0,'hhzq','河南省洛阳市廛河回族区',3,0),(1056,1052,'涧西区',0,'',0,'jxq','河南省洛阳市涧西区',3,0),(1057,1052,'吉利区',0,'',0,'jlq','河南省洛阳市吉利区',3,0),(1058,1052,'洛龙区',0,'',0,'llq','河南省洛阳市洛龙区',3,0),(1059,1052,'孟津县',0,'',0,'mjx','河南省洛阳市孟津县',3,0),(1060,1052,'新安县',0,'',0,'xax','河南省洛阳市新安县',3,0),(1061,1052,'栾川县',0,'',0,'cx','河南省洛阳市栾川县',3,0),(1062,1052,'嵩县',0,'',0,'x','河南省洛阳市嵩县',3,0),(1063,1052,'汝阳县',0,'',0,'ryx','河南省洛阳市汝阳县',3,0),(1064,1052,'宜阳县',0,'',0,'yyx','河南省洛阳市宜阳县',3,0),(1065,1052,'洛宁县',0,'',0,'lnx','河南省洛阳市洛宁县',3,0),(1066,1052,'伊川县',0,'',0,'ycx','河南省洛阳市伊川县',3,0),(1067,1052,'偃师市',0,'',0,'ss','河南省洛阳市偃师市',3,0),(1068,998,'漯河',0,'l',0,'luohe','河南省漯河市',2,0),(1069,1068,'源汇区',0,'',0,'yhq','河南省漯河市源汇区',3,0),(1070,1068,'郾城区',0,'',0,'cq','河南省漯河市郾城区',3,0),(1071,1068,'召陵区',0,'',0,'zlq','河南省漯河市召陵区',3,0),(1072,1068,'舞阳县',0,'',0,'wyx','河南省漯河市舞阳县',3,0),(1073,1068,'临颍县',0,'',0,'lx','河南省漯河市临颍县',3,0),(1074,998,'南阳',0,'n',0,'ny','河南省南阳市',2,0),(1075,1074,'宛城区',0,'',0,'wcq','河南省南阳市宛城区',3,0),(1076,1074,'卧龙区',0,'',0,'wlq','河南省南阳市卧龙区',3,0),(1077,1074,'南召县',0,'',0,'nzx','河南省南阳市南召县',3,0),(1078,1074,'方城县',0,'',0,'fcx','河南省南阳市方城县',3,0),(1079,1074,'西峡县',0,'',0,'xxx','河南省南阳市西峡县',3,0),(1080,1074,'镇平县',0,'',0,'zpx','河南省南阳市镇平县',3,0),(1081,1074,'内乡县',0,'',0,'nxx','河南省南阳市内乡县',3,0),(1082,1074,'淅川县',0,'',0,'cx','河南省南阳市淅川县',3,0),(1083,1074,'社旗县',0,'',0,'sqx','河南省南阳市社旗县',3,0),(1084,1074,'唐河县',0,'',0,'thx','河南省南阳市唐河县',3,0),(1085,1074,'新野县',0,'',0,'xyx','河南省南阳市新野县',3,0),(1086,1074,'桐柏县',0,'',0,'tbx','河南省南阳市桐柏县',3,0),(1087,1074,'邓州市',0,'',0,'dzs','河南省南阳市邓州市',3,0),(1088,998,'平顶山',0,'p',0,'pds','河南省平顶山市',2,0),(1089,1088,'新华区',0,'',0,'xhq','河南省平顶山市新华区',3,0),(1090,1088,'卫东区',0,'',0,'wdq','河南省平顶山市卫东区',3,0),(1091,1088,'石龙区',0,'',0,'slq','河南省平顶山市石龙区',3,0),(1092,1088,'湛河区',0,'',0,'zhq','河南省平顶山市湛河区',3,0),(1093,1088,'宝丰县',0,'',0,'bfx','河南省平顶山市宝丰县',3,0),(1094,1088,'叶县',0,'',0,'yx','河南省平顶山市叶县',3,0),(1095,1088,'鲁山县',0,'',0,'lsx','河南省平顶山市鲁山县',3,0),(1096,1088,'郏县',0,'',0,'x','河南省平顶山市郏县',3,0),(1097,1088,'舞钢市',0,'',0,'wgs','河南省平顶山市舞钢市',3,0),(1098,1088,'汝州市',0,'',0,'rzs','河南省平顶山市汝州市',3,0),(1099,998,'濮阳',0,'p',0,'puyang','河南省濮阳市',2,0),(1100,1099,'华龙区',0,'',0,'hlq','河南省濮阳市华龙区',3,0),(1101,1099,'清丰县',0,'',0,'qfx','河南省濮阳市清丰县',3,0),(1102,1099,'南乐县',0,'',0,'nlx','河南省濮阳市南乐县',3,0),(1103,1099,'范县',0,'',0,'fx','河南省濮阳市范县',3,0),(1104,1099,'台前县',0,'',0,'tqx','河南省濮阳市台前县',3,0),(1105,1099,'濮阳县',0,'',0,'yx','河南省濮阳市濮阳县',3,0),(1106,998,'三门峡',0,'s',0,'smx','河南省三门峡市',2,0),(1107,1106,'湖滨区',0,'',0,'hbq','河南省三门峡市湖滨区',3,0),(1108,1106,'渑池县',0,'',0,'cx','河南省三门峡市渑池县',3,0),(1109,1106,'陕县',0,'',0,'sx','河南省三门峡市陕县',3,0),(1110,1106,'卢氏县',0,'',0,'lsx','河南省三门峡市卢氏县',3,0),(1111,1106,'义马市',0,'',0,'yms','河南省三门峡市义马市',3,0),(1112,1106,'灵宝市',0,'',0,'lbs','河南省三门峡市灵宝市',3,0),(1113,998,'商丘',0,'s',0,'sq','河南省商丘市',2,0),(1114,1113,'梁园区',0,'',0,'lyq','河南省商丘市梁园区',3,0),(1115,1113,'睢阳区',0,'',0,'yq','河南省商丘市睢阳区',3,0),(1116,1113,'民权县',0,'',0,'mqx','河南省商丘市民权县',3,0),(1117,1113,'睢县',0,'',0,'x','河南省商丘市睢县',3,0),(1118,1113,'宁陵县',0,'',0,'nlx','河南省商丘市宁陵县',3,0),(1119,1113,'柘城县',0,'',0,'cx','河南省商丘市柘城县',3,0),(1120,1113,'虞城县',0,'',0,'ycx','河南省商丘市虞城县',3,0),(1121,1113,'夏邑县',0,'',0,'xyx','河南省商丘市夏邑县',3,0),(1122,1113,'永城市',0,'',0,'ycs','河南省商丘市永城市',3,0),(1123,998,'新乡',0,'x',0,'xx','河南省新乡市',2,0),(1124,1123,'红旗区',0,'',0,'hqq','河南省新乡市红旗区',3,0),(1125,1123,'卫滨区',0,'',0,'wbq','河南省新乡市卫滨区',3,0),(1126,1123,'凤泉区',0,'',0,'fqq','河南省新乡市凤泉区',3,0),(1127,1123,'牧野区',0,'',0,'myq','河南省新乡市牧野区',3,0),(1128,1123,'新乡县',0,'',0,'xxx','河南省新乡市新乡县',3,0),(1129,1123,'获嘉县',0,'',0,'hjx','河南省新乡市获嘉县',3,0),(1130,1123,'原阳县',0,'',0,'yyx','河南省新乡市原阳县',3,0),(1131,1123,'延津县',0,'',0,'yjx','河南省新乡市延津县',3,0),(1132,1123,'封丘县',0,'',0,'fqx','河南省新乡市封丘县',3,0),(1133,1123,'长垣县',0,'',0,'cyx','河南省新乡市长垣县',3,0),(1134,1123,'卫辉市',0,'',0,'whs','河南省新乡市卫辉市',3,0),(1135,1123,'辉县市',0,'',0,'hxs','河南省新乡市辉县市',3,0),(1136,998,'信阳',0,'x',0,'xy','河南省信阳市',2,0),(1137,1136,'师河区',0,'',0,'shq','河南省信阳市师河区',3,0),(1138,1136,'平桥区',0,'',0,'pqq','河南省信阳市平桥区',3,0),(1139,1136,'罗山县',0,'',0,'lsx','河南省信阳市罗山县',3,0),(1140,1136,'光山县',0,'',0,'gsx','河南省信阳市光山县',3,0),(1141,1136,'新县',0,'',0,'xx','河南省信阳市新县',3,0),(1142,1136,'商城县',0,'',0,'scx','河南省信阳市商城县',3,0),(1143,1136,'固始县',0,'',0,'gsx','河南省信阳市固始县',3,0),(1144,1136,'潢川县',0,'',0,'cx','河南省信阳市潢川县',3,0),(1145,1136,'淮滨县',0,'',0,'hbx','河南省信阳市淮滨县',3,0),(1146,1136,'息县',0,'',0,'xx','河南省信阳市息县',3,0),(1147,998,'许昌',0,'x',0,'xc','河南省许昌市',2,0),(1148,1147,'魏都区',0,'',0,'wdq','河南省许昌市魏都区',3,0),(1149,1147,'许昌县',0,'',0,'xcx','河南省许昌市许昌县',3,0),(1150,1147,'鄢陵县',0,'',0,'lx','河南省许昌市鄢陵县',3,0),(1151,1147,'襄城县',0,'',0,'xcx','河南省许昌市襄城县',3,0),(1152,1147,'禹州市',0,'',0,'yzs','河南省许昌市禹州市',3,0),(1153,1147,'长葛市',0,'',0,'cgs','河南省许昌市长葛市',3,0),(1154,998,'周口',0,'z',0,'zk','河南省周口市',2,0),(1155,1154,'川汇区',0,'',0,'chq','河南省周口市川汇区',3,0),(1156,1154,'扶沟县',0,'',0,'fgx','河南省周口市扶沟县',3,0),(1157,1154,'西华县',0,'',0,'xhx','河南省周口市西华县',3,0),(1158,1154,'商水县',0,'',0,'ssx','河南省周口市商水县',3,0),(1159,1154,'沈丘县',0,'',0,'sqx','河南省周口市沈丘县',3,0),(1160,1154,'郸城县',0,'',0,'dcx','河南省周口市郸城县',3,0),(1161,1154,'淮阳县',0,'',0,'hyx','河南省周口市淮阳县',3,0),(1162,1154,'太康县',0,'',0,'tkx','河南省周口市太康县',3,0),(1163,1154,'鹿邑县',0,'',0,'lyx','河南省周口市鹿邑县',3,0),(1164,1154,'项城市',0,'',0,'xcs','河南省周口市项城市',3,0),(1165,998,'驻马店',0,'z',0,'zmd','河南省驻马店市',2,0),(1166,1165,'驿城区',0,'',0,'cq','河南省驻马店市驿城区',3,0),(1167,1165,'西平县',0,'',0,'xpx','河南省驻马店市西平县',3,0),(1168,1165,'上蔡县',0,'',0,'scx','河南省驻马店市上蔡县',3,0),(1169,1165,'平舆县',0,'',0,'pyx','河南省驻马店市平舆县',3,0),(1170,1165,'正阳县',0,'',0,'zyx','河南省驻马店市正阳县',3,0),(1171,1165,'确山县',0,'',0,'qsx','河南省驻马店市确山县',3,0),(1172,1165,'泌阳县',0,'',0,'myx','河南省驻马店市泌阳县',3,0),(1173,1165,'汝南县',0,'',0,'rnx','河南省驻马店市汝南县',3,0),(1174,1165,'遂平县',0,'',0,'spx','河南省驻马店市遂平县',3,0),(1175,1165,'新蔡县',0,'',0,'xcx','河南省驻马店市新蔡县',3,0),(1176,0,'黑龙江',0,'',0,'','',1,0),(1177,1176,'哈尔滨',0,'h',0,'hrb','黑龙江省哈尔滨市',2,0),(1178,1177,'道里区',0,'',0,'dlq','黑龙江省哈尔滨市道里区',3,0),(1179,1177,'南岗区',0,'',0,'ngq','黑龙江省哈尔滨市南岗区',3,0),(1180,1177,'道外区',0,'',0,'dwq','黑龙江省哈尔滨市道外区',3,0),(1181,1177,'香坊区',0,'',0,'xfq','黑龙江省哈尔滨市香坊区',3,0),(1182,1177,'动力区',0,'',0,'dlq','黑龙江省哈尔滨市动力区',3,0),(1183,1177,'平房区',0,'',0,'pfq','黑龙江省哈尔滨市平房区',3,0),(1184,1177,'松北区',0,'',0,'sbq','黑龙江省哈尔滨市松北区',3,0),(1185,1177,'呼兰区',0,'',0,'hlq','黑龙江省哈尔滨市呼兰区',3,0),(1186,1177,'依兰县',0,'',0,'ylx','黑龙江省哈尔滨市依兰县',3,0),(1187,1177,'方正县',0,'',0,'fzx','黑龙江省哈尔滨市方正县',3,0),(1188,1177,'宾县',0,'',0,'bx','黑龙江省哈尔滨市宾县',3,0),(1189,1177,'巴彦县',0,'',0,'byx','黑龙江省哈尔滨市巴彦县',3,0),(1190,1177,'木兰县',0,'',0,'mlx','黑龙江省哈尔滨市木兰县',3,0),(1191,1177,'通河县',0,'',0,'thx','黑龙江省哈尔滨市通河县',3,0),(1192,1177,'延寿县',0,'',0,'ysx','黑龙江省哈尔滨市延寿县',3,0),(1193,1177,'阿城市',0,'',0,'acs','黑龙江省哈尔滨市阿城市',3,0),(1194,1177,'双城市',0,'',0,'scs','黑龙江省哈尔滨市双城市',3,0),(1195,1177,'尚志市',0,'',0,'szs','黑龙江省哈尔滨市尚志市',3,0),(1196,1177,'五常市',0,'',0,'wcs','黑龙江省哈尔滨市五常市',3,0),(1197,1176,'大庆',0,'d',0,'dq','黑龙江省大庆市',2,0),(1198,1197,'萨尔图区',0,'',0,'setq','黑龙江省大庆市萨尔图区',3,0),(1199,1197,'龙凤区',0,'',0,'lfq','黑龙江省大庆市龙凤区',3,0),(1200,1197,'让胡路区',0,'',0,'rhlq','黑龙江省大庆市让胡路区',3,0),(1201,1197,'红岗区',0,'',0,'hgq','黑龙江省大庆市红岗区',3,0),(1202,1197,'大同区',0,'',0,'dtq','黑龙江省大庆市大同区',3,0),(1203,1197,'肇州县',0,'',0,'zzx','黑龙江省大庆市肇州县',3,0),(1204,1197,'肇源县',0,'',0,'zyx','黑龙江省大庆市肇源县',3,0),(1205,1197,'林甸县',0,'',0,'ldx','黑龙江省大庆市林甸县',3,0),(1206,1197,'杜尔伯特蒙古族自治县',0,'',0,'debtmgzzzx','黑龙江省大庆市杜尔伯特蒙古族自治县',3,0),(1207,1176,'大兴安岭',0,'d',0,'dxal','黑龙江省大兴安岭地区',2,0),(1208,1207,'呼玛县',0,'',0,'hmx','黑龙江省大兴安岭地区呼玛县',3,0),(1209,1207,'塔河县',0,'',0,'thx','黑龙江省大兴安岭地区塔河县',3,0),(1210,1207,'漠河县',0,'',0,'mhx','黑龙江省大兴安岭地区漠河县',3,0),(1211,1176,'鹤岗',0,'h',0,'hegang','黑龙江省鹤岗市',2,0),(1212,1211,'向阳区',0,'',0,'xyq','黑龙江省鹤岗市向阳区',3,0),(1213,1211,'工农区',0,'',0,'gnq','黑龙江省鹤岗市工农区',3,0),(1214,1211,'南山区',0,'',0,'nsq','黑龙江省鹤岗市南山区',3,0),(1215,1211,'兴安区',0,'',0,'xaq','黑龙江省鹤岗市兴安区',3,0),(1216,1211,'东山区',0,'',0,'dsq','黑龙江省鹤岗市东山区',3,0),(1217,1211,'兴山区',0,'',0,'xsq','黑龙江省鹤岗市兴山区',3,0),(1218,1211,'萝北县',0,'',0,'lbx','黑龙江省鹤岗市萝北县',3,0),(1219,1211,'绥滨县',0,'',0,'sbx','黑龙江省鹤岗市绥滨县',3,0),(1220,1176,'黑河',0,'h',0,'heihe','黑龙江省黑河市',2,0),(1221,1220,'爱辉区',0,'',0,'ahq','黑龙江省黑河市爱辉区',3,0),(1222,1220,'嫩江县',0,'',0,'njx','黑龙江省黑河市嫩江县',3,0),(1223,1220,'逊克县',0,'',0,'xkx','黑龙江省黑河市逊克县',3,0),(1224,1220,'孙吴县',0,'',0,'swx','黑龙江省黑河市孙吴县',3,0),(1225,1220,'北安市',0,'',0,'bas','黑龙江省黑河市北安市',3,0),(1226,1220,'五大连池市',0,'',0,'wdlcs','黑龙江省黑河市五大连池市',3,0),(1227,1176,'鸡西',0,'j',0,'jixi','黑龙江省鸡西市',2,0),(1228,1227,'鸡冠区',0,'',0,'jgq','黑龙江省鸡西市鸡冠区',3,0),(1229,1227,'恒山区',0,'',0,'hsq','黑龙江省鸡西市恒山区',3,0),(1230,1227,'滴道区',0,'',0,'ddq','黑龙江省鸡西市滴道区',3,0),(1231,1227,'梨树区',0,'',0,'lsq','黑龙江省鸡西市梨树区',3,0),(1232,1227,'城子河区',0,'',0,'czhq','黑龙江省鸡西市城子河区',3,0),(1233,1227,'麻山区',0,'',0,'msq','黑龙江省鸡西市麻山区',3,0),(1234,1227,'鸡东县',0,'',0,'jdx','黑龙江省鸡西市鸡东县',3,0),(1235,1227,'虎林市',0,'',0,'hls','黑龙江省鸡西市虎林市',3,0),(1236,1227,'密山市',0,'',0,'mss','黑龙江省鸡西市密山市',3,0),(1237,1176,'佳木斯',0,'j',0,'jms','黑龙江省佳木斯市',2,0),(1238,1237,'永红区',0,'',0,'yhq','黑龙江省佳木斯市永红区',3,0),(1239,1237,'向阳区',0,'',0,'xyq','黑龙江省佳木斯市向阳区',3,0),(1240,1237,'前进区',0,'',0,'qjq','黑龙江省佳木斯市前进区',3,0),(1241,1237,'东风区',0,'',0,'dfq','黑龙江省佳木斯市东风区',3,0),(1242,1237,'郊区',0,'',0,'jq','黑龙江省佳木斯市郊区',3,0),(1243,1237,'桦南县',0,'',0,'nx','黑龙江省佳木斯市桦南县',3,0),(1244,1237,'桦川县',0,'',0,'cx','黑龙江省佳木斯市桦川县',3,0),(1245,1237,'汤原县',0,'',0,'tyx','黑龙江省佳木斯市汤原县',3,0),(1246,1237,'抚远县',0,'',0,'fyx','黑龙江省佳木斯市抚远县',3,0),(1247,1237,'同江市',0,'',0,'tjs','黑龙江省佳木斯市同江市',3,0),(1248,1237,'富锦市',0,'',0,'fjs','黑龙江省佳木斯市富锦市',3,0),(1249,1176,'牡丹江',0,'m',0,'mdj','黑龙江省牡丹江市',2,0),(1250,1249,'东安区',0,'',0,'daq','黑龙江省牡丹江市东安区',3,0),(1251,1249,'阳明区',0,'',0,'ymq','黑龙江省牡丹江市阳明区',3,0),(1252,1249,'爱民区',0,'',0,'amq','黑龙江省牡丹江市爱民区',3,0),(1253,1249,'西安区',0,'',0,'xaq','黑龙江省牡丹江市西安区',3,0),(1254,1249,'东宁县',0,'',0,'dnx','黑龙江省牡丹江市东宁县',3,0),(1255,1249,'林口县',0,'',0,'lkx','黑龙江省牡丹江市林口县',3,0),(1256,1249,'绥芬河市',0,'',0,'sfhs','黑龙江省牡丹江市绥芬河市',3,0),(1257,1249,'海林市',0,'',0,'hls','黑龙江省牡丹江市海林市',3,0),(1258,1249,'宁安市',0,'',0,'nas','黑龙江省牡丹江市宁安市',3,0),(1259,1249,'穆棱市',0,'',0,'mls','黑龙江省牡丹江市穆棱市',3,0),(1260,1176,'七台河',0,'q',0,'qth','黑龙江省七台河市',2,0),(1261,1260,'新兴区',0,'',0,'xxq','黑龙江省七台河市新兴区',3,0),(1262,1260,'桃山区',0,'',0,'tsq','黑龙江省七台河市桃山区',3,0),(1263,1260,'茄子河区',0,'',0,'qzhq','黑龙江省七台河市茄子河区',3,0),(1264,1260,'勃利县',0,'',0,'blx','黑龙江省七台河市勃利县',3,0),(1265,1176,'齐齐哈尔',0,'q',0,'qqhr','黑龙江省齐齐哈尔市',2,0),(1266,1265,'龙沙区',0,'',0,'lsq','黑龙江省齐齐哈尔市龙沙区',3,0),(1267,1265,'建华区',0,'',0,'jhq','黑龙江省齐齐哈尔市建华区',3,0),(1268,1265,'铁锋区',0,'',0,'tfq','黑龙江省齐齐哈尔市铁锋区',3,0),(1269,1265,'昂昂溪区',0,'',0,'aaxq','黑龙江省齐齐哈尔市昂昂溪区',3,0),(1270,1265,'富拉尔基区',0,'',0,'flejq','黑龙江省齐齐哈尔市富拉尔基区',3,0),(1271,1265,'碾子山区',0,'',0,'nzsq','黑龙江省齐齐哈尔市碾子山区',3,0),(1272,1265,'梅里斯达斡尔族区',0,'',0,'mlsdwezq','黑龙江省齐齐哈尔市梅里斯达斡尔族区',3,0),(1273,1265,'龙江县',0,'',0,'ljx','黑龙江省齐齐哈尔市龙江县',3,0),(1274,1265,'依安县',0,'',0,'yax','黑龙江省齐齐哈尔市依安县',3,0),(1275,1265,'泰来县',0,'',0,'tlx','黑龙江省齐齐哈尔市泰来县',3,0),(1276,1265,'甘南县',0,'',0,'gnx','黑龙江省齐齐哈尔市甘南县',3,0),(1277,1265,'富裕县',0,'',0,'fyx','黑龙江省齐齐哈尔市富裕县',3,0),(1278,1265,'克山县',0,'',0,'ksx','黑龙江省齐齐哈尔市克山县',3,0),(1279,1265,'克东县',0,'',0,'kdx','黑龙江省齐齐哈尔市克东县',3,0),(1280,1265,'拜泉县',0,'',0,'bqx','黑龙江省齐齐哈尔市拜泉县',3,0),(1281,1265,'讷河市',0,'',0,'hs','黑龙江省齐齐哈尔市讷河市',3,0),(1282,1176,'双鸭山',0,'s',0,'sys','黑龙江省双鸭山市',2,0),(1283,1282,'尖山区',0,'',0,'jsq','黑龙江省双鸭山市尖山区',3,0),(1284,1282,'岭东区',0,'',0,'ldq','黑龙江省双鸭山市岭东区',3,0),(1285,1282,'四方台区',0,'',0,'sftq','黑龙江省双鸭山市四方台区',3,0),(1286,1282,'宝山区',0,'',0,'bsq','黑龙江省双鸭山市宝山区',3,0),(1287,1282,'集贤县',0,'',0,'jxx','黑龙江省双鸭山市集贤县',3,0),(1288,1282,'友谊县',0,'',0,'yyx','黑龙江省双鸭山市友谊县',3,0),(1289,1282,'宝清县',0,'',0,'bqx','黑龙江省双鸭山市宝清县',3,0),(1290,1282,'饶河县',0,'',0,'rhx','黑龙江省双鸭山市饶河县',3,0),(1291,1176,'绥化',0,'s',0,'suihua','黑龙江省绥化市',2,0),(1292,1291,'北林区',0,'',0,'blq','黑龙江省绥化市北林区',3,0),(1293,1291,'望奎县',0,'',0,'wkx','黑龙江省绥化市望奎县',3,0),(1294,1291,'兰西县',0,'',0,'lxx','黑龙江省绥化市兰西县',3,0),(1295,1291,'青冈县',0,'',0,'qgx','黑龙江省绥化市青冈县',3,0),(1296,1291,'庆安县',0,'',0,'qax','黑龙江省绥化市庆安县',3,0),(1297,1291,'明水县',0,'',0,'msx','黑龙江省绥化市明水县',3,0),(1298,1291,'绥棱县',0,'',0,'slx','黑龙江省绥化市绥棱县',3,0),(1299,1291,'安达市',0,'',0,'ads','黑龙江省绥化市安达市',3,0),(1300,1291,'肇东市',0,'',0,'zds','黑龙江省绥化市肇东市',3,0),(1301,1291,'海伦市',0,'',0,'hls','黑龙江省绥化市海伦市',3,0),(1302,1176,'伊春',0,'y',0,'yich','黑龙江省伊春市',2,0),(1303,1302,'伊春区',0,'',0,'ycq','黑龙江省伊春市伊春区',3,0),(1304,1302,'南岔区',0,'',0,'ncq','黑龙江省伊春市南岔区',3,0),(1305,1302,'友好区',0,'',0,'yhq','黑龙江省伊春市友好区',3,0),(1306,1302,'西林区',0,'',0,'xlq','黑龙江省伊春市西林区',3,0),(1307,1302,'翠峦区',0,'',0,'clq','黑龙江省伊春市翠峦区',3,0),(1308,1302,'新青区',0,'',0,'xqq','黑龙江省伊春市新青区',3,0),(1309,1302,'美溪区',0,'',0,'mxq','黑龙江省伊春市美溪区',3,0),(1310,1302,'金山屯区',0,'',0,'jstq','黑龙江省伊春市金山屯区',3,0),(1311,1302,'五营区',0,'',0,'wyq','黑龙江省伊春市五营区',3,0),(1312,1302,'乌马河区',0,'',0,'wmhq','黑龙江省伊春市乌马河区',3,0),(1313,1302,'汤旺河区',0,'',0,'twhq','黑龙江省伊春市汤旺河区',3,0),(1314,1302,'带岭区',0,'',0,'dlq','黑龙江省伊春市带岭区',3,0),(1315,1302,'乌伊岭区',0,'',0,'wylq','黑龙江省伊春市乌伊岭区',3,0),(1316,1302,'红星区',0,'',0,'hxq','黑龙江省伊春市红星区',3,0),(1317,1302,'上甘岭区',0,'',0,'sglq','黑龙江省伊春市上甘岭区',3,0),(1318,1302,'嘉荫县',0,'',0,'jyx','黑龙江省伊春市嘉荫县',3,0),(1319,1302,'铁力市',0,'',0,'tls','黑龙江省伊春市铁力市',3,0),(1320,0,'湖北',0,'',0,'','',1,0),(1321,1320,'武汉',0,'w',0,'wh','湖北省武汉市',2,0),(1322,1321,'江岸区',0,'',0,'jaq','湖北省武汉市江岸区',3,0),(1323,1321,'江汉区',0,'',0,'jhq','湖北省武汉市江汉区',3,0),(1324,1321,'乔口区',0,'',0,'qkq','湖北省武汉市乔口区',3,0),(1325,1321,'汉阳区',0,'',0,'hyq','湖北省武汉市汉阳区',3,0),(1326,1321,'武昌区',0,'',0,'wcq','湖北省武汉市武昌区',3,0),(1327,1321,'青山区',0,'',0,'qsq','湖北省武汉市青山区',3,0),(1328,1321,'洪山区',0,'',0,'hsq','湖北省武汉市洪山区',3,0),(1329,1321,'东西湖区',0,'',0,'dxhq','湖北省武汉市东西湖区',3,0),(1330,1321,'汉南区',0,'',0,'hnq','湖北省武汉市汉南区',3,0),(1331,1321,'蔡甸区',0,'',0,'cdq','湖北省武汉市蔡甸区',3,0),(1332,1321,'江夏区',0,'',0,'jxq','湖北省武汉市江夏区',3,0),(1333,1321,'黄陂区',0,'',0,'hq','湖北省武汉市黄陂区',3,0),(1334,1321,'新洲区',0,'',0,'xzq','湖北省武汉市新洲区',3,0),(1335,1320,'鄂州',0,'e',0,'ez','湖北省鄂州市',2,0),(1336,1335,'梁子湖区',0,'',0,'lzhq','湖北省鄂州市梁子湖区',3,0),(1337,1335,'华容区',0,'',0,'hrq','湖北省鄂州市华容区',3,0),(1338,1335,'鄂城区',0,'',0,'ecq','湖北省鄂州市鄂城区',3,0),(1339,1320,'恩施',0,'e',0,'es','湖北省恩施土家族苗族自治州',2,0),(1340,1339,'恩施市',0,'',0,'ess','湖北省恩施土家族苗族自治州恩施市',3,0),(1341,1339,'利川市',0,'',0,'lcs','湖北省恩施土家族苗族自治州利川市',3,0),(1342,1339,'建始县',0,'',0,'jsx','湖北省恩施土家族苗族自治州建始县',3,0),(1343,1339,'巴东县',0,'',0,'bdx','湖北省恩施土家族苗族自治州巴东县',3,0),(1344,1339,'宣恩县',0,'',0,'xex','湖北省恩施土家族苗族自治州宣恩县',3,0),(1345,1339,'咸丰县',0,'',0,'xfx','湖北省恩施土家族苗族自治州咸丰县',3,0),(1346,1339,'来凤县',0,'',0,'lfx','湖北省恩施土家族苗族自治州来凤县',3,0),(1347,1339,'鹤峰县',0,'',0,'hfx','湖北省恩施土家族苗族自治州鹤峰县',3,0),(1348,1320,'黄冈',0,'h',0,'hg','湖北省黄冈市',2,0),(1349,1348,'黄州区',0,'',0,'hzq','湖北省黄冈市黄州区',3,0),(1350,1348,'团风县',0,'',0,'tfx','湖北省黄冈市团风县',3,0),(1351,1348,'红安县',0,'',0,'hax','湖北省黄冈市红安县',3,0),(1352,1348,'罗田县',0,'',0,'ltx','湖北省黄冈市罗田县',3,0),(1353,1348,'英山县',0,'',0,'ysx','湖北省黄冈市英山县',3,0),(1354,1348,'浠水县',0,'',0,'sx','湖北省黄冈市浠水县',3,0),(1355,1348,'蕲春县',0,'',0,'cx','湖北省黄冈市蕲春县',3,0),(1356,1348,'黄梅县',0,'',0,'hmx','湖北省黄冈市黄梅县',3,0),(1357,1348,'麻城市',0,'',0,'mcs','湖北省黄冈市麻城市',3,0),(1358,1348,'武穴市',0,'',0,'wxs','湖北省黄冈市武穴市',3,0),(1359,1320,'黄石',0,'h',0,'huangshi','湖北省黄石市',2,0),(1360,1359,'黄石港区',0,'',0,'hsgq','湖北省黄石市黄石港区',3,0),(1361,1359,'西塞山区',0,'',0,'xssq','湖北省黄石市西塞山区',3,0),(1362,1359,'下陆区',0,'',0,'xlq','湖北省黄石市下陆区',3,0),(1363,1359,'铁山区',0,'',0,'tsq','湖北省黄石市铁山区',3,0),(1364,1359,'阳新县',0,'',0,'yxx','湖北省黄石市阳新县',3,0),(1365,1359,'大冶市',0,'',0,'dys','湖北省黄石市大冶市',3,0),(1366,1320,'荆门',0,'j',0,'jingmen','湖北省荆门市',2,0),(1367,1366,'东宝区',0,'',0,'dbq','湖北省荆门市东宝区',3,0),(1368,1366,'掇刀区',0,'',0,'ddq','湖北省荆门市掇刀区',3,0),(1369,1366,'京山县',0,'',0,'jsx','湖北省荆门市京山县',3,0),(1370,1366,'沙洋县',0,'',0,'syx','湖北省荆门市沙洋县',3,0),(1371,1366,'钟祥市',0,'',0,'zxs','湖北省荆门市钟祥市',3,0),(1372,1320,'荆州',0,'j',0,'jingzhou','湖北省荆州市',2,0),(1373,1372,'沙市区',0,'',0,'ssq','湖北省荆州市沙市区',3,0),(1374,1372,'荆州区',0,'',0,'jzq','湖北省荆州市荆州区',3,0),(1375,1372,'公安县',0,'',0,'gax','湖北省荆州市公安县',3,0),(1376,1372,'监利县',0,'',0,'jlx','湖北省荆州市监利县',3,0),(1377,1372,'江陵县',0,'',0,'jlx','湖北省荆州市江陵县',3,0),(1378,1372,'石首市',0,'',0,'sss','湖北省荆州市石首市',3,0),(1379,1372,'洪湖市',0,'',0,'hhs','湖北省荆州市洪湖市',3,0),(1380,1372,'松滋市',0,'',0,'szs','湖北省荆州市松滋市',3,0),(1381,1320,'潜江',0,'q',0,'qianjiang','湖北省潜江市',2,0),(1382,1320,'神农架',0,'s',0,'snj','湖北省神农架林区',2,0),(1383,1320,'十堰',0,'s',0,'shiyan','湖北省十堰市',2,0),(1384,1383,'茅箭区',0,'',0,'mjq','湖北省十堰市茅箭区',3,0),(1385,1383,'张湾区',0,'',0,'zwq','湖北省十堰市张湾区',3,0),(1386,1383,'郧县',0,'',0,'yx','湖北省十堰市郧县',3,0),(1387,1383,'郧西县',0,'',0,'yxx','湖北省十堰市郧西县',3,0),(1388,1383,'竹山县',0,'',0,'zsx','湖北省十堰市竹山县',3,0),(1389,1383,'竹溪县',0,'',0,'zxx','湖北省十堰市竹溪县',3,0),(1390,1383,'房县',0,'',0,'fx','湖北省十堰市房县',3,0),(1391,1383,'丹江口市',0,'',0,'djks','湖北省十堰市丹江口市',3,0),(1392,1320,'随州',0,'s',0,'suizhou','湖北省随州市',2,0),(1393,1392,'曾都区',0,'',0,'zdq','湖北省随州市曾都区',3,0),(1394,1392,'广水市',0,'',0,'gss','湖北省随州市广水市',3,0),(1395,1320,'天门',0,'t',0,'tm','湖北省天门市',2,0),(1396,1320,'仙桃',0,'x',0,'xiantao','湖北省仙桃市',2,0),(1397,1320,'咸宁',0,'x',0,'xianning','湖北省咸宁市',2,0),(1398,1397,'咸安区',0,'',0,'xaq','湖北省咸宁市咸安区',3,0),(1399,1397,'嘉鱼县',0,'',0,'jyx','湖北省咸宁市嘉鱼县',3,0),(1400,1397,'通城县',0,'',0,'tcx','湖北省咸宁市通城县',3,0),(1401,1397,'崇阳县',0,'',0,'cyx','湖北省咸宁市崇阳县',3,0),(1402,1397,'通山县',0,'',0,'tsx','湖北省咸宁市通山县',3,0),(1403,1397,'赤壁市',0,'',0,'cbs','湖北省咸宁市赤壁市',3,0),(1404,1320,'襄阳',0,'x',0,'xy','湖北省襄阳市',2,0),(1405,1404,'襄城区',0,'',0,'xcq','湖北省襄阳市襄城区',3,0),(1406,1404,'樊城区',0,'',0,'fcq','湖北省襄阳市樊城区',3,0),(1407,1404,'襄阳区',0,'',0,'xyq','湖北省襄阳市襄阳区',3,0),(1408,1404,'南漳县',0,'',0,'nzx','湖北省襄阳市南漳县',3,0),(1409,1404,'谷城县',0,'',0,'gcx','湖北省襄阳市谷城县',3,0),(1410,1404,'保康县',0,'',0,'bkx','湖北省襄阳市保康县',3,0),(1411,1404,'老河口市',0,'',0,'lhks','湖北省襄阳市老河口市',3,0),(1412,1404,'枣阳市',0,'',0,'zys','湖北省襄阳市枣阳市',3,0),(1413,1404,'宜城市',0,'',0,'ycs','湖北省襄阳市宜城市',3,0),(1414,1320,'孝感',0,'x',0,'xiaogan','湖北省孝感市',2,0),(1415,1414,'孝南区',0,'',0,'xnq','湖北省孝感市孝南区',3,0),(1416,1414,'孝昌县',0,'',0,'xcx','湖北省孝感市孝昌县',3,0),(1417,1414,'大悟县',0,'',0,'dwx','湖北省孝感市大悟县',3,0),(1418,1414,'云梦县',0,'',0,'ymx','湖北省孝感市云梦县',3,0),(1419,1414,'应城市',0,'',0,'ycs','湖北省孝感市应城市',3,0),(1420,1414,'安陆市',0,'',0,'als','湖北省孝感市安陆市',3,0),(1421,1414,'汉川市',0,'',0,'hcs','湖北省孝感市汉川市',3,0),(1422,1320,'宜昌',0,'y',0,'yc','湖北省宜昌市',2,0),(1423,1422,'西陵区',0,'',0,'xlq','湖北省宜昌市西陵区',3,0),(1424,1422,'伍家岗区',0,'',0,'wjgq','湖北省宜昌市伍家岗区',3,0),(1425,1422,'点军区',0,'',0,'djq','湖北省宜昌市点军区',3,0),(1426,1422,'猇亭区',0,'',0,'tq','湖北省宜昌市猇亭区',3,0),(1427,1422,'夷陵区',0,'',0,'ylq','湖北省宜昌市夷陵区',3,0),(1428,1422,'远安县',0,'',0,'yax','湖北省宜昌市远安县',3,0),(1429,1422,'兴山县',0,'',0,'xsx','湖北省宜昌市兴山县',3,0),(1430,1422,'秭归县',0,'',0,'gx','湖北省宜昌市秭归县',3,0),(1431,1422,'长阳土家族自治县',0,'',0,'cytjzzzx','湖北省宜昌市长阳土家族自治县',3,0),(1432,1422,'五峰土家族自治县',0,'',0,'wftjzzzx','湖北省宜昌市五峰土家族自治县',3,0),(1433,1422,'宜都市',0,'',0,'yds','湖北省宜昌市宜都市',3,0),(1434,1422,'当阳市',0,'',0,'dys','湖北省宜昌市当阳市',3,0),(1435,1422,'枝江市',0,'',0,'zjs','湖北省宜昌市枝江市',3,0),(1436,0,'湖南',0,'',0,'','',1,0),(1437,1436,'长沙',0,'c',0,'cs','湖南省长沙市',2,0),(1438,1437,'芙蓉区',0,'',0,'frq','湖南省长沙市芙蓉区',3,0),(1439,1437,'天心区',0,'',0,'txq','湖南省长沙市天心区',3,0),(1440,1437,'岳麓区',0,'',0,'ylq','湖南省长沙市岳麓区',3,0),(1441,1437,'开福区',0,'',0,'kfq','湖南省长沙市开福区',3,0),(1442,1437,'雨花区',0,'',0,'yhq','湖南省长沙市雨花区',3,0),(1443,1437,'长沙县',0,'',0,'csx','湖南省长沙市长沙县',3,0),(1444,1437,'望城县',0,'',0,'wcx','湖南省长沙市望城县',3,0),(1445,1437,'宁乡县',0,'',0,'nxx','湖南省长沙市宁乡县',3,0),(1446,1437,'浏阳市',0,'',0,'ys','湖南省长沙市浏阳市',3,0),(1447,1436,'常德',0,'c',0,'changde','湖南省常德市',2,0),(1448,1447,'武陵区',0,'',0,'wlq','湖南省常德市武陵区',3,0),(1449,1447,'鼎城区',0,'',0,'dcq','湖南省常德市鼎城区',3,0),(1450,1447,'安乡县',0,'',0,'axx','湖南省常德市安乡县',3,0),(1451,1447,'汉寿县',0,'',0,'hsx','湖南省常德市汉寿县',3,0),(1452,1447,'澧县',0,'',0,'x','湖南省常德市澧县',3,0),(1453,1447,'临澧县',0,'',0,'lx','湖南省常德市临澧县',3,0),(1454,1447,'桃源县',0,'',0,'tyx','湖南省常德市桃源县',3,0),(1455,1447,'石门县',0,'',0,'smx','湖南省常德市石门县',3,0),(1456,1447,'津市市',0,'',0,'jss','湖南省常德市津市市',3,0),(1457,1436,'郴州',0,'c',0,'chenzhou','湖南省郴州市',2,0),(1458,1457,'北湖区',0,'',0,'bhq','湖南省郴州市北湖区',3,0),(1459,1457,'苏仙区',0,'',0,'sxq','湖南省郴州市苏仙区',3,0),(1460,1457,'桂阳县',0,'',0,'gyx','湖南省郴州市桂阳县',3,0),(1461,1457,'宜章县',0,'',0,'yzx','湖南省郴州市宜章县',3,0),(1462,1457,'永兴县',0,'',0,'yxx','湖南省郴州市永兴县',3,0),(1463,1457,'嘉禾县',0,'',0,'jhx','湖南省郴州市嘉禾县',3,0),(1464,1457,'临武县',0,'',0,'lwx','湖南省郴州市临武县',3,0),(1465,1457,'汝城县',0,'',0,'rcx','湖南省郴州市汝城县',3,0),(1466,1457,'桂东县',0,'',0,'gdx','湖南省郴州市桂东县',3,0),(1467,1457,'安仁县',0,'',0,'arx','湖南省郴州市安仁县',3,0),(1468,1457,'资兴市',0,'',0,'zxs','湖南省郴州市资兴市',3,0),(1469,1436,'衡阳',0,'h',0,'hy','湖南省衡阳市',2,0),(1470,1469,'珠晖区',0,'',0,'zq','湖南省衡阳市珠晖区',3,0),(1471,1469,'雁峰区',0,'',0,'yfq','湖南省衡阳市雁峰区',3,0),(1472,1469,'石鼓区',0,'',0,'sgq','湖南省衡阳市石鼓区',3,0),(1473,1469,'蒸湘区',0,'',0,'zxq','湖南省衡阳市蒸湘区',3,0),(1474,1469,'南岳区',0,'',0,'nyq','湖南省衡阳市南岳区',3,0),(1475,1469,'衡阳县',0,'',0,'hyx','湖南省衡阳市衡阳县',3,0),(1476,1469,'衡南县',0,'',0,'hnx','湖南省衡阳市衡南县',3,0),(1477,1469,'衡山县',0,'',0,'hsx','湖南省衡阳市衡山县',3,0),(1478,1469,'衡东县',0,'',0,'hdx','湖南省衡阳市衡东县',3,0),(1479,1469,'祁东县',0,'',0,'qdx','湖南省衡阳市祁东县',3,0),(1480,1469,'耒阳市',0,'',0,'ys','湖南省衡阳市耒阳市',3,0),(1481,1469,'常宁市',0,'',0,'cns','湖南省衡阳市常宁市',3,0),(1482,1436,'怀化',0,'h',0,'hh','湖南省怀化市',2,0),(1483,1482,'鹤城区',0,'',0,'hcq','湖南省怀化市鹤城区',3,0),(1484,1482,'中方县',0,'',0,'zfx','湖南省怀化市中方县',3,0),(1485,1482,'沅陵县',0,'',0,'lx','湖南省怀化市沅陵县',3,0),(1486,1482,'辰溪县',0,'',0,'cxx','湖南省怀化市辰溪县',3,0),(1487,1482,'溆浦县',0,'',0,'px','湖南省怀化市溆浦县',3,0),(1488,1482,'会同县',0,'',0,'htx','湖南省怀化市会同县',3,0),(1489,1482,'麻阳苗族自治县',0,'',0,'mymzzzx','湖南省怀化市麻阳苗族自治县',3,0),(1490,1482,'新晃侗族自治县',0,'',0,'xhdzzzx','湖南省怀化市新晃侗族自治县',3,0),(1491,1482,'芷江侗族自治县',0,'',0,'jdzzzx','湖南省怀化市芷江侗族自治县',3,0),(1492,1482,'靖州苗族侗族自治县',0,'',0,'jzmzdzzzx','湖南省怀化市靖州苗族侗族自治县',3,0),(1493,1482,'通道侗族自治县',0,'',0,'tddzzzx','湖南省怀化市通道侗族自治县',3,0),(1494,1482,'洪江市',0,'',0,'hjs','湖南省怀化市洪江市',3,0),(1495,1436,'娄底',0,'l',0,'ld','湖南省娄底市',2,0),(1496,1495,'娄星区',0,'',0,'lxq','湖南省娄底市娄星区',3,0),(1497,1495,'双峰县',0,'',0,'sfx','湖南省娄底市双峰县',3,0),(1498,1495,'新化县',0,'',0,'xhx','湖南省娄底市新化县',3,0),(1499,1495,'冷水江市',0,'',0,'lsjs','湖南省娄底市冷水江市',3,0),(1500,1495,'涟源市',0,'',0,'lys','湖南省娄底市涟源市',3,0),(1501,1436,'邵阳',0,'s',0,'shaoyang','湖南省邵阳市',2,0),(1502,1501,'双清区',0,'',0,'sqq','湖南省邵阳市双清区',3,0),(1503,1501,'大祥区',0,'',0,'dxq','湖南省邵阳市大祥区',3,0),(1504,1501,'北塔区',0,'',0,'btq','湖南省邵阳市北塔区',3,0),(1505,1501,'邵东县',0,'',0,'sdx','湖南省邵阳市邵东县',3,0),(1506,1501,'新邵县',0,'',0,'xsx','湖南省邵阳市新邵县',3,0),(1507,1501,'邵阳县',0,'',0,'syx','湖南省邵阳市邵阳县',3,0),(1508,1501,'隆回县',0,'',0,'lhx','湖南省邵阳市隆回县',3,0),(1509,1501,'洞口县',0,'',0,'dkx','湖南省邵阳市洞口县',3,0),(1510,1501,'绥宁县',0,'',0,'snx','湖南省邵阳市绥宁县',3,0),(1511,1501,'新宁县',0,'',0,'xnx','湖南省邵阳市新宁县',3,0),(1512,1501,'城步苗族自治县',0,'',0,'cbmzzzx','湖南省邵阳市城步苗族自治县',3,0),(1513,1501,'武冈市',0,'',0,'wgs','湖南省邵阳市武冈市',3,0),(1514,1436,'湘潭',0,'x',0,'xiangtan','湖南省湘潭市',2,0),(1515,1514,'雨湖区',0,'',0,'yhq','湖南省湘潭市雨湖区',3,0),(1516,1514,'岳塘区',0,'',0,'ytq','湖南省湘潭市岳塘区',3,0),(1517,1514,'湘潭县',0,'',0,'xtx','湖南省湘潭市湘潭县',3,0),(1518,1514,'湘乡市',0,'',0,'xxs','湖南省湘潭市湘乡市',3,0),(1519,1514,'韶山市',0,'',0,'sss','湖南省湘潭市韶山市',3,0),(1520,1436,'湘西',0,'x',0,'xiangxi','湖南省湘西土家族苗族自治州',2,0),(1521,1520,'吉首市',0,'',0,'jss','湖南省湘西土家族苗族自治州吉首市',3,0),(1522,1520,'泸溪县',0,'',0,'xx','湖南省湘西土家族苗族自治州泸溪县',3,0),(1523,1520,'凤凰县',0,'',0,'fhx','湖南省湘西土家族苗族自治州凤凰县',3,0),(1524,1520,'花垣县',0,'',0,'hyx','湖南省湘西土家族苗族自治州花垣县',3,0),(1525,1520,'保靖县',0,'',0,'bjx','湖南省湘西土家族苗族自治州保靖县',3,0),(1526,1520,'古丈县',0,'',0,'gzx','湖南省湘西土家族苗族自治州古丈县',3,0),(1527,1520,'永顺县',0,'',0,'ysx','湖南省湘西土家族苗族自治州永顺县',3,0),(1528,1520,'龙山县',0,'',0,'lsx','湖南省湘西土家族苗族自治州龙山县',3,0),(1529,1436,'益阳',0,'y',0,'yiyang','湖南省益阳市',2,0),(1530,1529,'资阳区',0,'',0,'zyq','湖南省益阳市资阳区',3,0),(1531,1529,'赫山区',0,'',0,'hsq','湖南省益阳市赫山区',3,0),(1532,1529,'南县',0,'',0,'nx','湖南省益阳市南县',3,0),(1533,1529,'桃江县',0,'',0,'tjx','湖南省益阳市桃江县',3,0),(1534,1529,'安化县',0,'',0,'ahx','湖南省益阳市安化县',3,0),(1535,1529,'沅江市',0,'',0,'js','湖南省益阳市沅江市',3,0),(1536,1436,'永州',0,'y',0,'yongzhou','湖南省永州市',2,0),(1537,1536,'芝山区',0,'',0,'yongzhouzsq/','湖南省永州市芝山区',3,0),(1538,1536,'冷水滩区',0,'',0,'yongzhoulstq/','湖南省永州市冷水滩区',3,0),(1539,1536,'祁阳县',0,'',0,'yongzhouqyx/','湖南省永州市祁阳县',3,0),(1540,1536,'东安县',0,'',0,'yongzhoudax/','湖南省永州市东安县',3,0),(1541,1536,'双牌县',0,'',0,'yongzhouspx/','湖南省永州市双牌县',3,0),(1542,1536,'道县',0,'',0,'yongzhoudx/','湖南省永州市道县',3,0),(1543,1536,'江永县',0,'',0,'yongzhoujyx/','湖南省永州市江永县',3,0),(1544,1536,'宁远县',0,'',0,'yongzhounyx/','湖南省永州市宁远县',3,0),(1545,1536,'蓝山县',0,'',0,'yongzhoulsx/','湖南省永州市蓝山县',3,0),(1546,1536,'新田县',0,'',0,'yongzhouxtx/','湖南省永州市新田县',3,0),(1547,1536,'江华瑶族自治县',0,'',0,'yongzhoujhyzzzx/','湖南省永州市江华瑶族自治县',3,0),(1548,1436,'岳阳',0,'y',0,'yy','湖南省岳阳市',2,0),(1549,1548,'岳阳楼区',0,'',0,'yylq','湖南省岳阳市岳阳楼区',3,0),(1550,1548,'云溪区',0,'',0,'yxq','湖南省岳阳市云溪区',3,0),(1551,1548,'君山区',0,'',0,'jsq','湖南省岳阳市君山区',3,0),(1552,1548,'岳阳县',0,'',0,'yyx','湖南省岳阳市岳阳县',3,0),(1553,1548,'华容县',0,'',0,'hrx','湖南省岳阳市华容县',3,0),(1554,1548,'湘阴县',0,'',0,'xyx','湖南省岳阳市湘阴县',3,0),(1555,1548,'平江县',0,'',0,'pjx','湖南省岳阳市平江县',3,0),(1556,1548,'汨罗市',0,'',0,'ls','湖南省岳阳市汨罗市',3,0),(1557,1548,'临湘市',0,'',0,'lxs','湖南省岳阳市临湘市',3,0),(1558,1436,'张家界',0,'z',0,'zjj','湖南省张家界市',2,0),(1559,1558,'永定区',0,'',0,'ydq','湖南省张家界市永定区',3,0),(1560,1558,'武陵源区',0,'',0,'wlyq','湖南省张家界市武陵源区',3,0),(1561,1558,'慈利县',0,'',0,'clx','湖南省张家界市慈利县',3,0),(1562,1558,'桑植县',0,'',0,'szx','湖南省张家界市桑植县',3,0),(1563,1436,'株洲',0,'z',0,'zhuzhou','湖南省株洲市',2,0),(1564,1563,'荷塘区',0,'',0,'htq','湖南省株洲市荷塘区',3,0),(1565,1563,'芦淞区',0,'',0,'lq','湖南省株洲市芦淞区',3,0),(1566,1563,'石峰区',0,'',0,'sfq','湖南省株洲市石峰区',3,0),(1567,1563,'天元区',0,'',0,'tyq','湖南省株洲市天元区',3,0),(1568,1563,'株洲县',0,'',0,'zzx','湖南省株洲市株洲县',3,0),(1569,1563,'攸县',0,'',0,'x','湖南省株洲市攸县',3,0),(1570,1563,'茶陵县',0,'',0,'clx','湖南省株洲市茶陵县',3,0),(1571,1563,'炎陵县',0,'',0,'ylx','湖南省株洲市炎陵县',3,0),(1572,1563,'醴陵市',0,'',0,'ls','湖南省株洲市醴陵市',3,0),(1573,0,'吉林',0,'',0,'','',1,0),(1574,1573,'长春',0,'c',0,'cc','吉林省长春市',2,0),(1575,1574,'南关区',0,'',0,'ngq','吉林省长春市南关区',3,0),(1576,1574,'宽城区',0,'',0,'kcq','吉林省长春市宽城区',3,0),(1577,1574,'朝阳区',0,'',0,'cyq','吉林省长春市朝阳区',3,0),(1578,1574,'二道区',0,'',0,'edq','吉林省长春市二道区',3,0),(1579,1574,'绿园区',0,'',0,'lyq','吉林省长春市绿园区',3,0),(1580,1574,'双阳区',0,'',0,'syq','吉林省长春市双阳区',3,0),(1581,1574,'农安县',0,'',0,'nax','吉林省长春市农安县',3,0),(1582,1574,'九台市',0,'',0,'jts','吉林省长春市九台市',3,0),(1583,1574,'榆树市',0,'',0,'yss','吉林省长春市榆树市',3,0),(1584,1574,'德惠市',0,'',0,'dhs','吉林省长春市德惠市',3,0),(1585,1573,'白城',0,'b',0,'bc','吉林省白城市',2,0),(1586,1585,'洮北区',0,'',0,'bq','吉林省白城市洮北区',3,0),(1587,1585,'镇赉县',0,'',0,'zx','吉林省白城市镇赉县',3,0),(1588,1585,'通榆县',0,'',0,'tyx','吉林省白城市通榆县',3,0),(1589,1585,'洮南市',0,'',0,'ns','吉林省白城市洮南市',3,0),(1590,1585,'大安市',0,'',0,'das','吉林省白城市大安市',3,0),(1591,1573,'白山',0,'b',0,'baishan','吉林省白山市',2,0),(1592,1591,'八道江区',0,'',0,'bdjq','吉林省白山市八道江区',3,0),(1593,1591,'抚松县',0,'',0,'fsx','吉林省白山市抚松县',3,0),(1594,1591,'靖宇县',0,'',0,'jyx','吉林省白山市靖宇县',3,0),(1595,1591,'长白朝鲜族自治县',0,'',0,'cbcxzzzx','吉林省白山市长白朝鲜族自治县',3,0),(1596,1591,'江源县',0,'',0,'jyx','吉林省白山市江源县',3,0),(1597,1591,'临江市',0,'',0,'ljs','吉林省白山市临江市',3,0),(1598,1573,'吉林',0,'j',0,'jl','吉林省吉林市',2,0),(1599,1598,'昌邑区',0,'',0,'cyq','吉林省吉林市昌邑区',3,0),(1600,1598,'龙潭区',0,'',0,'ltq','吉林省吉林市龙潭区',3,0),(1601,1598,'船营区',0,'',0,'cyq','吉林省吉林市船营区',3,0),(1602,1598,'丰满区',0,'',0,'fmq','吉林省吉林市丰满区',3,0),(1603,1598,'永吉县',0,'',0,'yjx','吉林省吉林市永吉县',3,0),(1604,1598,'蛟河市',0,'',0,'hs','吉林省吉林市蛟河市',3,0),(1605,1598,'桦甸市',0,'',0,'ds','吉林省吉林市桦甸市',3,0),(1606,1598,'舒兰市',0,'',0,'sls','吉林省吉林市舒兰市',3,0),(1607,1598,'磐石市',0,'',0,'pss','吉林省吉林市磐石市',3,0),(1608,1573,'辽源',0,'l',0,'liaoyuan','吉林省辽源市',2,0),(1609,1608,'龙山区',0,'',0,'lsq','吉林省辽源市龙山区',3,0),(1610,1608,'西安区',0,'',0,'xaq','吉林省辽源市西安区',3,0),(1611,1608,'东丰县',0,'',0,'dfx','吉林省辽源市东丰县',3,0),(1612,1608,'东辽县',0,'',0,'dlx','吉林省辽源市东辽县',3,0),(1613,1573,'四平',0,'s',0,'sp','吉林省四平市',2,0),(1614,1613,'铁西区',0,'',0,'txq','吉林省四平市铁西区',3,0),(1615,1613,'铁东区',0,'',0,'tdq','吉林省四平市铁东区',3,0),(1616,1613,'梨树县',0,'',0,'lsx','吉林省四平市梨树县',3,0),(1617,1613,'伊通满族自治县',0,'',0,'ytmzzzx','吉林省四平市伊通满族自治县',3,0),(1618,1613,'公主岭市',0,'',0,'gzls','吉林省四平市公主岭市',3,0),(1619,1613,'双辽市',0,'',0,'sls','吉林省四平市双辽市',3,0),(1620,1573,'松原',0,'s',0,'songyuan','吉林省松原市',2,0),(1621,1620,'宁江区',0,'',0,'njq','吉林省松原市宁江区',3,0),(1622,1620,'前郭尔罗斯蒙古族自治县',0,'',0,'songyuan/qgelsmgzzzx','吉林省松原市前郭尔罗斯蒙古族自治县',3,0),(1623,1620,'长岭县',0,'',0,'clx','吉林省松原市长岭县',3,0),(1624,1620,'乾安县',0,'',0,'qax','吉林省松原市乾安县',3,0),(1625,1620,'扶余县',0,'',0,'fyx','吉林省松原市扶余县',3,0),(1626,1573,'通化',0,'t',0,'th','吉林省通化市',2,0),(1627,1626,'东昌区',0,'',0,'dcq','吉林省通化市东昌区',3,0),(1628,1626,'二道江区',0,'',0,'edjq','吉林省通化市二道江区',3,0),(1629,1626,'通化县',0,'',0,'thx','吉林省通化市通化县',3,0),(1630,1626,'辉南县',0,'',0,'hnx','吉林省通化市辉南县',3,0),(1631,1626,'柳河县',0,'',0,'lhx','吉林省通化市柳河县',3,0),(1632,1626,'梅河口市',0,'',0,'mhks','吉林省通化市梅河口市',3,0),(1633,1626,'集安市',0,'',0,'jas','吉林省通化市集安市',3,0),(1634,1573,'延边',0,'y',0,'yanbian','吉林省延边朝鲜族自治州',2,0),(1635,1634,'延吉市',0,'',0,'yjs','吉林省延边朝鲜族自治州延吉市',3,0),(1636,1634,'图们市',0,'',0,'tms','吉林省延边朝鲜族自治州图们市',3,0),(1637,1634,'敦化市',0,'',0,'dhs','吉林省延边朝鲜族自治州敦化市',3,0),(1638,1634,'珲春市',0,'',0,'cs','吉林省延边朝鲜族自治州珲春市',3,0),(1639,1634,'龙井市',0,'',0,'ljs','吉林省延边朝鲜族自治州龙井市',3,0),(1640,1634,'和龙市',0,'',0,'hls','吉林省延边朝鲜族自治州和龙市',3,0),(1641,1634,'汪清县',0,'',0,'wqx','吉林省延边朝鲜族自治州汪清县',3,0),(1642,1634,'安图县',0,'',0,'atx','吉林省延边朝鲜族自治州安图县',3,0),(1643,0,'江苏',0,'',0,'','',1,0),(1644,1643,'南京',0,'n',0,'nj','江苏省南京市',2,0),(1645,1644,'玄武区',0,'',0,'xwq','江苏省南京市玄武区',3,0),(1646,1644,'白下区',0,'',0,'bxq','江苏省南京市白下区',3,0),(1647,1644,'秦淮区',0,'',0,'qhq','江苏省南京市秦淮区',3,0),(1648,1644,'建邺区',0,'',0,'jq','江苏省南京市建邺区',3,0),(1649,1644,'鼓楼区',0,'',0,'glq','江苏省南京市鼓楼区',3,0),(1650,1644,'下关区',0,'',0,'xgq','江苏省南京市下关区',3,0),(1651,1644,'浦口区',0,'',0,'pkq','江苏省南京市浦口区',3,0),(1652,1644,'栖霞区',0,'',0,'qxq','江苏省南京市栖霞区',3,0),(1653,1644,'雨花台区',0,'',0,'yhtq','江苏省南京市雨花台区',3,0),(1654,1644,'江宁区',0,'',0,'jnq','江苏省南京市江宁区',3,0),(1655,1644,'六合区',0,'',0,'lhq','江苏省南京市六合区',3,0),(1656,1644,'溧水县',0,'',0,'sx','江苏省南京市溧水县',3,0),(1657,1644,'高淳县',0,'',0,'gcx','江苏省南京市高淳县',3,0),(1658,1643,'常州',0,'c',0,'cz','江苏省常州市',2,0),(1659,1658,'天宁区',0,'',0,'tnq','江苏省常州市天宁区',3,0),(1660,1658,'钟楼区',0,'',0,'zlq','江苏省常州市钟楼区',3,0),(1661,1658,'戚墅堰区',0,'',0,'qsyq','江苏省常州市戚墅堰区',3,0),(1662,1658,'新北区',0,'',0,'xbq','江苏省常州市新北区',3,0),(1663,1658,'武进区',0,'',0,'wjq','江苏省常州市武进区',3,0),(1664,1658,'溧阳市',0,'',0,'ys','江苏省常州市溧阳市',3,0),(1665,1658,'金坛市',0,'',0,'jts','江苏省常州市金坛市',3,0),(1666,1643,'淮安',0,'h',0,'ha','江苏省淮安市',2,0),(1667,1666,'清河区',0,'',0,'qhq','江苏省淮安市清河区',3,0),(1668,1666,'楚州区',0,'',0,'czq','江苏省淮安市楚州区',3,0),(1669,1666,'淮阴区',0,'',0,'hyq','江苏省淮安市淮阴区',3,0),(1670,1666,'清浦区',0,'',0,'qpq','江苏省淮安市清浦区',3,0),(1671,1666,'涟水县',0,'',0,'lsx','江苏省淮安市涟水县',3,0),(1672,1666,'洪泽县',0,'',0,'hzx','江苏省淮安市洪泽县',3,0),(1673,1666,'盱眙县',0,'',0,'x','江苏省淮安市盱眙县',3,0),(1674,1666,'金湖县',0,'',0,'jhx','江苏省淮安市金湖县',3,0),(1675,1643,'连云港',0,'l',0,'lyg','江苏省连云港市',2,0),(1676,1675,'连云区',0,'',0,'lyq','江苏省连云港市连云区',3,0),(1677,1675,'新浦区',0,'',0,'xpq','江苏省连云港市新浦区',3,0),(1678,1675,'海州区',0,'',0,'hzq','江苏省连云港市海州区',3,0),(1679,1675,'赣榆县',0,'',0,'gyx','江苏省连云港市赣榆县',3,0),(1680,1675,'东海县',0,'',0,'dhx','江苏省连云港市东海县',3,0),(1681,1675,'灌云县',0,'',0,'gyx','江苏省连云港市灌云县',3,0),(1682,1675,'灌南县',0,'',0,'gnx','江苏省连云港市灌南县',3,0),(1683,1643,'南通',0,'n',0,'nt','江苏省南通市',2,0),(1684,1683,'崇川区',0,'',0,'ccq','江苏省南通市崇川区',3,0),(1685,1683,'港闸区',0,'',0,'gzq','江苏省南通市港闸区',3,0),(1686,1683,'海安县',0,'',0,'hax','江苏省南通市海安县',3,0),(1687,1683,'如东县',0,'',0,'rdx','江苏省南通市如东县',3,0),(1688,1683,'启东市',0,'',0,'qds','江苏省南通市启东市',3,0),(1689,1683,'如皋市',0,'',0,'rgs','江苏省南通市如皋市',3,0),(1690,1683,'通州市',0,'',0,'tzs','江苏省南通市通州市',3,0),(1691,1683,'海门市',0,'',0,'hms','江苏省南通市海门市',3,0),(1692,1643,'苏州',0,'s',0,'su','江苏省苏州市',2,0),(1693,1692,'沧浪区',0,'',0,'suclq/','江苏省苏州市沧浪区',3,0),(1694,1692,'平江区',0,'',0,'supjq/','江苏省苏州市平江区',3,0),(1695,1692,'金阊区',0,'',0,'sujq/','江苏省苏州市金阊区',3,0),(1696,1692,'虎丘区',0,'',0,'suhqq/','江苏省苏州市虎丘区',3,0),(1697,1692,'吴中区',0,'',0,'suwzq/','江苏省苏州市吴中区',3,0),(1698,1692,'相城区',0,'',0,'suxcq/','江苏省苏州市相城区',3,0),(1699,1692,'常熟市',0,'',0,'sucss/','江苏省苏州市常熟市',3,0),(1700,1692,'张家港市',0,'',0,'suzjgs/','江苏省苏州市张家港市',3,0),(1701,1692,'昆山市',0,'',0,'sukss/','江苏省苏州市昆山市',3,0),(1702,1692,'吴江市',0,'',0,'suwjs/','江苏省苏州市吴江市',3,0),(1703,1692,'太仓市',0,'',0,'sutcs/','江苏省苏州市太仓市',3,0),(1704,1643,'宿迁',0,'s',0,'suqian','江苏省宿迁市',2,0),(1705,1704,'宿城区',0,'',0,'scq','江苏省宿迁市宿城区',3,0),(1706,1704,'宿豫区',0,'',0,'syq','江苏省宿迁市宿豫区',3,0),(1707,1704,'沭阳县',0,'',0,'syx','江苏省宿迁市沭阳县',3,0),(1708,1704,'泗阳县',0,'',0,'syx','江苏省宿迁市泗阳县',3,0),(1709,1704,'泗洪县',0,'',0,'shx','江苏省宿迁市泗洪县',3,0),(1710,1643,'泰州',0,'t',0,'taizhou','江苏省泰州市',2,0),(1711,1710,'海陵区',0,'',0,'hlq','江苏省泰州市海陵区',3,0),(1712,1710,'高港区',0,'',0,'ggq','江苏省泰州市高港区',3,0),(1713,1710,'兴化市',0,'',0,'xhs','江苏省泰州市兴化市',3,0),(1714,1710,'靖江市',0,'',0,'jjs','江苏省泰州市靖江市',3,0),(1715,1710,'泰兴市',0,'',0,'txs','江苏省泰州市泰兴市',3,0),(1716,1710,'姜堰市',0,'',0,'jys','江苏省泰州市姜堰市',3,0),(1717,1643,'无锡',0,'w',0,'wx','江苏省无锡市',2,0),(1718,1717,'崇安区',0,'',0,'caq','江苏省无锡市崇安区',3,0),(1719,1717,'南长区',0,'',0,'ncq','江苏省无锡市南长区',3,0),(1720,1717,'北塘区',0,'',0,'btq','江苏省无锡市北塘区',3,0),(1721,1717,'锡山区',0,'',0,'xsq','江苏省无锡市锡山区',3,0),(1722,1717,'惠山区',0,'',0,'hsq','江苏省无锡市惠山区',3,0),(1723,1717,'滨湖区',0,'',0,'bhq','江苏省无锡市滨湖区',3,0),(1724,1717,'江阴市',0,'',0,'jys','江苏省无锡市江阴市',3,0),(1725,1717,'宜兴市',0,'',0,'yxs','江苏省无锡市宜兴市',3,0),(1726,1643,'徐州',0,'x',0,'xz','江苏省徐州市',2,0),(1727,1726,'鼓楼区',0,'',0,'glq','江苏省徐州市鼓楼区',3,0),(1728,1726,'云龙区',0,'',0,'ylq','江苏省徐州市云龙区',3,0),(1729,1726,'九里区',0,'',0,'jlq','江苏省徐州市九里区',3,0),(1730,1726,'贾汪区',0,'',0,'jwq','江苏省徐州市贾汪区',3,0),(1731,1726,'泉山区',0,'',0,'qsq','江苏省徐州市泉山区',3,0),(1732,1726,'丰县',0,'',0,'fx','江苏省徐州市丰县',3,0),(1733,1726,'沛县',0,'',0,'px','江苏省徐州市沛县',3,0),(1734,1726,'铜山县',0,'',0,'tsx','江苏省徐州市铜山县',3,0),(1735,1726,'睢宁县',0,'',0,'nx','江苏省徐州市睢宁县',3,0),(1736,1726,'新沂市',0,'',0,'xys','江苏省徐州市新沂市',3,0),(1737,1726,'邳州市',0,'',0,'zs','江苏省徐州市邳州市',3,0),(1738,1643,'盐城',0,'y',0,'yancheng','江苏省盐城市',2,0),(1739,1738,'亭湖区',0,'',0,'thq','江苏省盐城市亭湖区',3,0),(1740,1738,'盐都区',0,'',0,'ydq','江苏省盐城市盐都区',3,0),(1741,1738,'响水县',0,'',0,'xsx','江苏省盐城市响水县',3,0),(1742,1738,'滨海县',0,'',0,'bhx','江苏省盐城市滨海县',3,0),(1743,1738,'阜宁县',0,'',0,'fnx','江苏省盐城市阜宁县',3,0),(1744,1738,'射阳县',0,'',0,'syx','江苏省盐城市射阳县',3,0),(1745,1738,'建湖县',0,'',0,'jhx','江苏省盐城市建湖县',3,0),(1746,1738,'东台市',0,'',0,'dts','江苏省盐城市东台市',3,0),(1747,1738,'大丰市',0,'',0,'dfs','江苏省盐城市大丰市',3,0),(1748,1643,'扬州',0,'y',0,'yz','江苏省扬州市',2,0),(1749,1748,'广陵区',0,'',0,'glq','江苏省扬州市广陵区',3,0),(1750,1748,'邗江区',0,'',0,'jq','江苏省扬州市邗江区',3,0),(1751,1748,'郊区',0,'',0,'jq','江苏省扬州市郊区',3,0),(1752,1748,'宝应县',0,'',0,'byx','江苏省扬州市宝应县',3,0),(1753,1748,'仪征市',0,'',0,'yzs','江苏省扬州市仪征市',3,0),(1754,1748,'高邮市',0,'',0,'gys','江苏省扬州市高邮市',3,0),(1755,1748,'江都市',0,'',0,'jds','江苏省扬州市江都市',3,0),(1756,1643,'镇江',0,'z',0,'zj','江苏省镇江市',2,0),(1757,1756,'京口区',0,'',0,'jkq','江苏省镇江市京口区',3,0),(1758,1756,'润州区',0,'',0,'rzq','江苏省镇江市润州区',3,0),(1759,1756,'丹徒区',0,'',0,'dtq','江苏省镇江市丹徒区',3,0),(1760,1756,'丹阳市',0,'',0,'dys','江苏省镇江市丹阳市',3,0),(1761,1756,'扬中市',0,'',0,'yzs','江苏省镇江市扬中市',3,0),(1762,1756,'句容市',0,'',0,'jrs','江苏省镇江市句容市',3,0),(1763,0,'江西',0,'',0,'','',1,0),(1764,1763,'南昌',0,'n',0,'nc','江西省南昌市',2,0),(1765,1764,'东湖区',0,'',0,'dhq','江西省南昌市东湖区',3,0),(1766,1764,'西湖区',0,'',0,'xhq','江西省南昌市西湖区',3,0),(1767,1764,'青云谱区',0,'',0,'qypq','江西省南昌市青云谱区',3,0),(1768,1764,'湾里区',0,'',0,'wlq','江西省南昌市湾里区',3,0),(1769,1764,'青山湖区',0,'',0,'qshq','江西省南昌市青山湖区',3,0),(1770,1764,'南昌县',0,'',0,'ncx','江西省南昌市南昌县',3,0),(1771,1764,'新建县',0,'',0,'xjx','江西省南昌市新建县',3,0),(1772,1764,'安义县',0,'',0,'ayx','江西省南昌市安义县',3,0),(1773,1764,'进贤县',0,'',0,'jxx','江西省南昌市进贤县',3,0),(1774,1763,'抚州',0,'f',0,'fuzhou','江西省抚州市',2,0),(1775,1774,'临川区',0,'',0,'lcq','江西省抚州市临川区',3,0),(1776,1774,'南城县',0,'',0,'ncx','江西省抚州市南城县',3,0),(1777,1774,'黎川县',0,'',0,'lcx','江西省抚州市黎川县',3,0),(1778,1774,'南丰县',0,'',0,'nfx','江西省抚州市南丰县',3,0),(1779,1774,'崇仁县',0,'',0,'crx','江西省抚州市崇仁县',3,0),(1780,1774,'乐安县',0,'',0,'lax','江西省抚州市乐安县',3,0),(1781,1774,'宜黄县',0,'',0,'yhx','江西省抚州市宜黄县',3,0),(1782,1774,'金溪县',0,'',0,'jxx','江西省抚州市金溪县',3,0),(1783,1774,'资溪县',0,'',0,'zxx','江西省抚州市资溪县',3,0),(1784,1774,'东乡县',0,'',0,'dxx','江西省抚州市东乡县',3,0),(1785,1774,'广昌县',0,'',0,'gcx','江西省抚州市广昌县',3,0),(1786,1763,'赣州',0,'g',0,'ganzhou','江西省赣州市',2,0),(1787,1786,'章贡区',0,'',0,'zgq','江西省赣州市章贡区',3,0),(1788,1786,'赣县',0,'',0,'gx','江西省赣州市赣县',3,0),(1789,1786,'信丰县',0,'',0,'xfx','江西省赣州市信丰县',3,0),(1790,1786,'大余县',0,'',0,'dyx','江西省赣州市大余县',3,0),(1791,1786,'上犹县',0,'',0,'syx','江西省赣州市上犹县',3,0),(1792,1786,'崇义县',0,'',0,'cyx','江西省赣州市崇义县',3,0),(1793,1786,'安远县',0,'',0,'ayx','江西省赣州市安远县',3,0),(1794,1786,'龙南县',0,'',0,'lnx','江西省赣州市龙南县',3,0),(1795,1786,'定南县',0,'',0,'dnx','江西省赣州市定南县',3,0),(1796,1786,'全南县',0,'',0,'qnx','江西省赣州市全南县',3,0),(1797,1786,'宁都县',0,'',0,'ndx','江西省赣州市宁都县',3,0),(1798,1786,'于都县',0,'',0,'ydx','江西省赣州市于都县',3,0),(1799,1786,'兴国县',0,'',0,'xgx','江西省赣州市兴国县',3,0),(1800,1786,'会昌县',0,'',0,'hcx','江西省赣州市会昌县',3,0),(1801,1786,'寻乌县',0,'',0,'xwx','江西省赣州市寻乌县',3,0),(1802,1786,'石城县',0,'',0,'scx','江西省赣州市石城县',3,0),(1803,1786,'瑞金市',0,'',0,'rjs','江西省赣州市瑞金市',3,0),(1804,1786,'南康市',0,'',0,'nks','江西省赣州市南康市',3,0),(1805,1763,'吉安',0,'j',0,'ja','江西省吉安市',2,0),(1806,1805,'吉州区',0,'',0,'jzq','江西省吉安市吉州区',3,0),(1807,1805,'青原区',0,'',0,'qyq','江西省吉安市青原区',3,0),(1808,1805,'吉安县',0,'',0,'jax','江西省吉安市吉安县',3,0),(1809,1805,'吉水县',0,'',0,'jsx','江西省吉安市吉水县',3,0),(1810,1805,'峡江县',0,'',0,'xjx','江西省吉安市峡江县',3,0),(1811,1805,'新干县',0,'',0,'xgx','江西省吉安市新干县',3,0),(1812,1805,'永丰县',0,'',0,'yfx','江西省吉安市永丰县',3,0),(1813,1805,'泰和县',0,'',0,'thx','江西省吉安市泰和县',3,0),(1814,1805,'遂川县',0,'',0,'scx','江西省吉安市遂川县',3,0),(1815,1805,'万安县',0,'',0,'wax','江西省吉安市万安县',3,0),(1816,1805,'安福县',0,'',0,'afx','江西省吉安市安福县',3,0),(1817,1805,'永新县',0,'',0,'yxx','江西省吉安市永新县',3,0),(1818,1805,'井冈山市',0,'',0,'jgss','江西省吉安市井冈山市',3,0),(1819,1763,'景德镇',0,'j',0,'jdz','江西省景德镇市',2,0),(1820,1819,'昌江区',0,'',0,'cjq','江西省景德镇市昌江区',3,0),(1821,1819,'珠山区',0,'',0,'zsq','江西省景德镇市珠山区',3,0),(1822,1819,'浮梁县',0,'',0,'flx','江西省景德镇市浮梁县',3,0),(1823,1819,'乐平市',0,'',0,'lps','江西省景德镇市乐平市',3,0),(1824,1763,'九江',0,'j',0,'jj','江西省九江市',2,0),(1825,1824,'庐山区',0,'',0,'lsq','江西省九江市庐山区',3,0),(1826,1824,'浔阳区',0,'',0,'yq','江西省九江市浔阳区',3,0),(1827,1824,'九江县',0,'',0,'jjx','江西省九江市九江县',3,0),(1828,1824,'武宁县',0,'',0,'wnx','江西省九江市武宁县',3,0),(1829,1824,'修水县',0,'',0,'xsx','江西省九江市修水县',3,0),(1830,1824,'永修县',0,'',0,'yxx','江西省九江市永修县',3,0),(1831,1824,'德安县',0,'',0,'dax','江西省九江市德安县',3,0),(1832,1824,'星子县',0,'',0,'xzx','江西省九江市星子县',3,0),(1833,1824,'都昌县',0,'',0,'dcx','江西省九江市都昌县',3,0),(1834,1824,'湖口县',0,'',0,'hkx','江西省九江市湖口县',3,0),(1835,1824,'彭泽县',0,'',0,'pzx','江西省九江市彭泽县',3,0),(1836,1824,'瑞昌市',0,'',0,'rcs','江西省九江市瑞昌市',3,0),(1837,1763,'萍乡',0,'p',0,'px','江西省萍乡市',2,0),(1838,1837,'安源区',0,'',0,'ayq','江西省萍乡市安源区',3,0),(1839,1837,'湘东区',0,'',0,'xdq','江西省萍乡市湘东区',3,0),(1840,1837,'莲花县',0,'',0,'lhx','江西省萍乡市莲花县',3,0),(1841,1837,'上栗县',0,'',0,'slx','江西省萍乡市上栗县',3,0),(1842,1837,'芦溪县',0,'',0,'lxx','江西省萍乡市芦溪县',3,0),(1843,1763,'上饶',0,'s',0,'sr','江西省上饶市',2,0),(1844,1843,'信州区',0,'',0,'xzq','江西省上饶市信州区',3,0),(1845,1843,'上饶县',0,'',0,'srx','江西省上饶市上饶县',3,0),(1846,1843,'广丰县',0,'',0,'gfx','江西省上饶市广丰县',3,0),(1847,1843,'玉山县',0,'',0,'ysx','江西省上饶市玉山县',3,0),(1848,1843,'铅山县',0,'',0,'qsx','江西省上饶市铅山县',3,0),(1849,1843,'横峰县',0,'',0,'hfx','江西省上饶市横峰县',3,0),(1850,1843,'弋阳县',0,'',0,'yx','江西省上饶市弋阳县',3,0),(1851,1843,'余干县',0,'',0,'ygx','江西省上饶市余干县',3,0),(1852,1843,'鄱阳县',0,'',0,'pyx','江西省上饶市鄱阳县',3,0),(1853,1843,'万年县',0,'',0,'wnx','江西省上饶市万年县',3,0),(1854,1843,'婺源县',0,'',0,'yx','江西省上饶市婺源县',3,0),(1855,1843,'德兴市',0,'',0,'dxs','江西省上饶市德兴市',3,0),(1856,1763,'新余',0,'x',0,'xinyu','江西省新余市',2,0),(1857,1856,'渝水区',0,'',0,'ysq','江西省新余市渝水区',3,0),(1858,1856,'分宜县',0,'',0,'fyx','江西省新余市分宜县',3,0),(1859,1763,'宜春',0,'y',0,'yichun','江西省宜春市',2,0),(1860,1859,'袁州区',0,'',0,'yzq','江西省宜春市袁州区',3,0),(1861,1859,'奉新县',0,'',0,'fxx','江西省宜春市奉新县',3,0),(1862,1859,'万载县',0,'',0,'wzx','江西省宜春市万载县',3,0),(1863,1859,'上高县',0,'',0,'sgx','江西省宜春市上高县',3,0),(1864,1859,'宜丰县',0,'',0,'yfx','江西省宜春市宜丰县',3,0),(1865,1859,'靖安县',0,'',0,'jax','江西省宜春市靖安县',3,0),(1866,1859,'铜鼓县',0,'',0,'tgx','江西省宜春市铜鼓县',3,0),(1867,1859,'丰城市',0,'',0,'fcs','江西省宜春市丰城市',3,0),(1868,1859,'樟树市',0,'',0,'zss','江西省宜春市樟树市',3,0),(1869,1859,'高安市',0,'',0,'gas','江西省宜春市高安市',3,0),(1870,1763,'鹰潭',0,'y',0,'yingtan','江西省鹰潭市',2,0),(1871,1870,'月湖区',0,'',0,'yhq','江西省鹰潭市月湖区',3,0),(1872,1870,'余江县',0,'',0,'yjx','江西省鹰潭市余江县',3,0),(1873,1870,'贵溪市',0,'',0,'gxs','江西省鹰潭市贵溪市',3,0),(1874,0,'辽宁',0,'',0,'','',1,0),(1875,1874,'沈阳',0,'s',0,'sy','辽宁省沈阳市',2,0),(1876,1875,'和平区',0,'',0,'hpq','辽宁省沈阳市和平区',3,0),(1877,1875,'沈河区',0,'',0,'shq','辽宁省沈阳市沈河区',3,0),(1878,1875,'大东区',0,'',0,'ddq','辽宁省沈阳市大东区',3,0),(1879,1875,'皇姑区',0,'',0,'hgq','辽宁省沈阳市皇姑区',3,0),(1880,1875,'铁西区',0,'',0,'txq','辽宁省沈阳市铁西区',3,0),(1881,1875,'苏家屯区',0,'',0,'sjtq','辽宁省沈阳市苏家屯区',3,0),(1882,1875,'东陵区',0,'',0,'dlq','辽宁省沈阳市东陵区',3,0),(1883,1875,'新城子区',0,'',0,'xczq','辽宁省沈阳市新城子区',3,0),(1884,1875,'于洪区',0,'',0,'yhq','辽宁省沈阳市于洪区',3,0),(1885,1875,'辽中县',0,'',0,'lzx','辽宁省沈阳市辽中县',3,0),(1886,1875,'康平县',0,'',0,'kpx','辽宁省沈阳市康平县',3,0),(1887,1875,'法库县',0,'',0,'fkx','辽宁省沈阳市法库县',3,0),(1888,1875,'新民市',0,'',0,'xms','辽宁省沈阳市新民市',3,0),(1889,1874,'鞍山',0,'a',0,'as','辽宁省鞍山市',2,0),(1890,1889,'铁东区',0,'',0,'tdq','辽宁省鞍山市铁东区',3,0),(1891,1889,'铁西区',0,'',0,'txq','辽宁省鞍山市铁西区',3,0),(1892,1889,'立山区',0,'',0,'lsq','辽宁省鞍山市立山区',3,0),(1893,1889,'千山区',0,'',0,'qsq','辽宁省鞍山市千山区',3,0),(1894,1889,'台安县',0,'',0,'tax','辽宁省鞍山市台安县',3,0),(1895,1889,'岫岩满族自治县',0,'',0,'ymzzzx','辽宁省鞍山市岫岩满族自治县',3,0),(1896,1889,'海城市',0,'',0,'hcs','辽宁省鞍山市海城市',3,0),(1897,1874,'本溪',0,'b',0,'benxi','辽宁省本溪市',2,0),(1898,1897,'平山区',0,'',0,'psq','辽宁省本溪市平山区',3,0),(1899,1897,'溪湖区',0,'',0,'xhq','辽宁省本溪市溪湖区',3,0),(1900,1897,'明山区',0,'',0,'msq','辽宁省本溪市明山区',3,0),(1901,1897,'南芬区',0,'',0,'nfq','辽宁省本溪市南芬区',3,0),(1902,1897,'本溪满族自治县',0,'',0,'bxmzzzx','辽宁省本溪市本溪满族自治县',3,0),(1903,1897,'桓仁满族自治县',0,'',0,'hrmzzzx','辽宁省本溪市桓仁满族自治县',3,0),(1904,1874,'朝阳',0,'c',0,'cy','辽宁省朝阳市',2,0),(1905,1904,'双塔区',0,'',0,'stq','辽宁省朝阳市双塔区',3,0),(1906,1904,'龙城区',0,'',0,'lcq','辽宁省朝阳市龙城区',3,0),(1907,1904,'朝阳县',0,'',0,'cyx','辽宁省朝阳市朝阳县',3,0),(1908,1904,'建平县',0,'',0,'jpx','辽宁省朝阳市建平县',3,0),(1909,1904,'喀喇沁左翼蒙古族自治县',0,'',0,'klqzymgzzzx','辽宁省朝阳市喀喇沁左翼蒙古族自治县',3,0),(1910,1904,'北票市',0,'',0,'bps','辽宁省朝阳市北票市',3,0),(1911,1904,'凌源市',0,'',0,'lys','辽宁省朝阳市凌源市',3,0),(1912,1874,'大连',0,'d',0,'dl','辽宁省大连市',2,0),(1913,1912,'中山区',0,'',0,'zsq','辽宁省大连市中山区',3,0),(1914,1912,'西岗区',0,'',0,'xgq','辽宁省大连市西岗区',3,0),(1915,1912,'沙河口区',0,'',0,'shkq','辽宁省大连市沙河口区',3,0),(1916,1912,'甘井子区',0,'',0,'gjzq','辽宁省大连市甘井子区',3,0),(1917,1912,'旅顺口区',0,'',0,'lskq','辽宁省大连市旅顺口区',3,0),(1918,1912,'金州区',0,'',0,'jzq','辽宁省大连市金州区',3,0),(1919,1912,'长海县',0,'',0,'chx','辽宁省大连市长海县',3,0),(1920,1912,'瓦房店市',0,'',0,'wfds','辽宁省大连市瓦房店市',3,0),(1921,1912,'普兰店市',0,'',0,'plds','辽宁省大连市普兰店市',3,0),(1922,1912,'庄河市',0,'',0,'zhs','辽宁省大连市庄河市',3,0),(1923,1874,'丹东',0,'d',0,'dandong','辽宁省丹东市',2,0),(1924,1923,'元宝区',0,'',0,'ybq','辽宁省丹东市元宝区',3,0),(1925,1923,'振兴区',0,'',0,'zxq','辽宁省丹东市振兴区',3,0),(1926,1923,'振安区',0,'',0,'zaq','辽宁省丹东市振安区',3,0),(1927,1923,'宽甸满族自治县',0,'',0,'kdmzzzx','辽宁省丹东市宽甸满族自治县',3,0),(1928,1923,'东港市',0,'',0,'dgs','辽宁省丹东市东港市',3,0),(1929,1923,'凤城市',0,'',0,'fcs','辽宁省丹东市凤城市',3,0),(1930,1874,'抚顺',0,'f',0,'fushun','辽宁省抚顺市',2,0),(1931,1930,'新抚区',0,'',0,'xfq','辽宁省抚顺市新抚区',3,0),(1932,1930,'东洲区',0,'',0,'dzq','辽宁省抚顺市东洲区',3,0),(1933,1930,'望花区',0,'',0,'whq','辽宁省抚顺市望花区',3,0),(1934,1930,'顺城区',0,'',0,'scq','辽宁省抚顺市顺城区',3,0),(1935,1930,'抚顺县',0,'',0,'fsx','辽宁省抚顺市抚顺县',3,0),(1936,1930,'新宾满族自治县',0,'',0,'xbmzzzx','辽宁省抚顺市新宾满族自治县',3,0),(1937,1930,'清原满族自治县',0,'',0,'qymzzzx','辽宁省抚顺市清原满族自治县',3,0),(1938,1874,'阜新',0,'f',0,'fx','辽宁省阜新市',2,0),(1939,1938,'海州区',0,'',0,'hzq','辽宁省阜新市海州区',3,0),(1940,1938,'新邱区',0,'',0,'xqq','辽宁省阜新市新邱区',3,0),(1941,1938,'太平区',0,'',0,'tpq','辽宁省阜新市太平区',3,0),(1942,1938,'清河门区',0,'',0,'qhmq','辽宁省阜新市清河门区',3,0),(1943,1938,'细河区',0,'',0,'xhq','辽宁省阜新市细河区',3,0),(1944,1938,'阜新蒙古族自治县',0,'',0,'fxmgzzzx','辽宁省阜新市阜新蒙古族自治县',3,0),(1945,1938,'彰武县',0,'',0,'zwx','辽宁省阜新市彰武县',3,0),(1946,1874,'葫芦岛',0,'h',0,'hld','辽宁省葫芦岛市',2,0),(1947,1946,'连山区',0,'',0,'lsq','辽宁省葫芦岛市连山区',3,0),(1948,1946,'龙港区',0,'',0,'lgq','辽宁省葫芦岛市龙港区',3,0),(1949,1946,'南票区',0,'',0,'npq','辽宁省葫芦岛市南票区',3,0),(1950,1946,'绥中县',0,'',0,'szx','辽宁省葫芦岛市绥中县',3,0),(1951,1946,'建昌县',0,'',0,'jcx','辽宁省葫芦岛市建昌县',3,0),(1952,1946,'兴城市',0,'',0,'xcs','辽宁省葫芦岛市兴城市',3,0),(1953,1874,'锦州',0,'j',0,'jinzhou','辽宁省锦州市',2,0),(1954,1953,'古塔区',0,'',0,'gtq','辽宁省锦州市古塔区',3,0),(1955,1953,'凌河区',0,'',0,'lhq','辽宁省锦州市凌河区',3,0),(1956,1953,'太和区',0,'',0,'thq','辽宁省锦州市太和区',3,0),(1957,1953,'黑山县',0,'',0,'hsx','辽宁省锦州市黑山县',3,0),(1958,1953,'义县',0,'',0,'yx','辽宁省锦州市义县',3,0),(1959,1953,'凌海市',0,'',0,'lhs','辽宁省锦州市凌海市',3,0),(1960,1953,'北宁市',0,'',0,'bns','辽宁省锦州市北宁市',3,0),(1961,1874,'辽阳',0,'l',0,'liaoyang','辽宁省辽阳市',2,0),(1962,1961,'白塔区',0,'',0,'btq','辽宁省辽阳市白塔区',3,0),(1963,1961,'文圣区',0,'',0,'wsq','辽宁省辽阳市文圣区',3,0),(1964,1961,'宏伟区',0,'',0,'hwq','辽宁省辽阳市宏伟区',3,0),(1965,1961,'弓长岭区',0,'',0,'gclq','辽宁省辽阳市弓长岭区',3,0),(1966,1961,'太子河区',0,'',0,'tzhq','辽宁省辽阳市太子河区',3,0),(1967,1961,'辽阳县',0,'',0,'lyx','辽宁省辽阳市辽阳县',3,0),(1968,1961,'灯塔市',0,'',0,'dts','辽宁省辽阳市灯塔市',3,0),(1969,1874,'盘锦',0,'p',0,'pj','辽宁省盘锦市',2,0),(1970,1969,'双台子区',0,'',0,'stzq','辽宁省盘锦市双台子区',3,0),(1971,1969,'兴隆台区',0,'',0,'xltq','辽宁省盘锦市兴隆台区',3,0),(1972,1969,'大洼县',0,'',0,'dwx','辽宁省盘锦市大洼县',3,0),(1973,1969,'盘山县',0,'',0,'psx','辽宁省盘锦市盘山县',3,0),(1974,1874,'铁岭',0,'t',0,'tl','辽宁省铁岭市',2,0),(1975,1974,'银州区',0,'',0,'yzq','辽宁省铁岭市银州区',3,0),(1976,1974,'清河区',0,'',0,'qhq','辽宁省铁岭市清河区',3,0),(1977,1974,'铁岭县',0,'',0,'tlx','辽宁省铁岭市铁岭县',3,0),(1978,1974,'西丰县',0,'',0,'xfx','辽宁省铁岭市西丰县',3,0),(1979,1974,'昌图县',0,'',0,'ctx','辽宁省铁岭市昌图县',3,0),(1980,1974,'调兵山市',0,'',0,'dbss','辽宁省铁岭市调兵山市',3,0),(1981,1974,'开原市',0,'',0,'kys','辽宁省铁岭市开原市',3,0),(1982,1874,'营口',0,'y',0,'yk','辽宁省营口市',2,0),(1983,1982,'站前区',0,'',0,'zqq','辽宁省营口市站前区',3,0),(1984,1982,'西市区',0,'',0,'xsq','辽宁省营口市西市区',3,0),(1985,1982,'鲅鱼圈区',0,'',0,'yqq','辽宁省营口市鲅鱼圈区',3,0),(1986,1982,'老边区',0,'',0,'lbq','辽宁省营口市老边区',3,0),(1987,1982,'盖州市',0,'',0,'gzs','辽宁省营口市盖州市',3,0),(1988,1982,'大石桥市',0,'',0,'dsqs','辽宁省营口市大石桥市',3,0),(1989,0,'内蒙古',0,'',0,'','',1,0),(1990,1989,'呼和浩特',0,'h',0,'hu','内蒙古呼和浩特市',2,0),(1991,1990,'新城区',0,'',0,'xcq','内蒙古呼和浩特市新城区',3,0),(1992,1990,'回民区',0,'',0,'hmq','内蒙古呼和浩特市回民区',3,0),(1993,1990,'玉泉区',0,'',0,'yqq','内蒙古呼和浩特市玉泉区',3,0),(1994,1990,'赛罕区',0,'',0,'shq','内蒙古呼和浩特市赛罕区',3,0),(1995,1990,'土默特左旗',0,'',0,'tmtzq','内蒙古呼和浩特市土默特左旗',3,0),(1996,1990,'托克托县',0,'',0,'tktx','内蒙古呼和浩特市托克托县',3,0),(1997,1990,'和林格尔县',0,'',0,'hlgex','内蒙古呼和浩特市和林格尔县',3,0),(1998,1990,'清水河县',0,'',0,'qshx','内蒙古呼和浩特市清水河县',3,0),(1999,1990,'武川县',0,'',0,'wcx','内蒙古呼和浩特市武川县',3,0),(2000,1989,'阿拉善盟',0,'a',0,'alsm','内蒙古阿拉善盟',2,0),(2001,2000,'阿拉善左旗',0,'',0,'alszq','内蒙古阿拉善盟阿拉善左旗',3,0),(2002,2000,'阿拉善右旗',0,'',0,'alsyq','内蒙古阿拉善盟阿拉善右旗',3,0),(2003,2000,'额济纳旗',0,'',0,'ejnq','内蒙古阿拉善盟额济纳旗',3,0),(2004,1989,'巴彦淖尔',0,'b',0,'bycem','内蒙古巴彦淖尔市',2,0),(2005,2004,'临河区',0,'',0,'lhq','内蒙古巴彦淖尔市临河区',3,0),(2006,2004,'五原县',0,'',0,'wyx','内蒙古巴彦淖尔市五原县',3,0),(2007,2004,'磴口县',0,'',0,'kx','内蒙古巴彦淖尔市磴口县',3,0),(2008,2004,'乌拉特前旗',0,'',0,'wltqq','内蒙古巴彦淖尔市乌拉特前旗',3,0),(2009,2004,'乌拉特中旗',0,'',0,'wltzq','内蒙古巴彦淖尔市乌拉特中旗',3,0),(2010,2004,'乌拉特后旗',0,'',0,'wlthq','内蒙古巴彦淖尔市乌拉特后旗',3,0),(2011,2004,'杭锦后旗',0,'',0,'hjhq','内蒙古巴彦淖尔市杭锦后旗',3,0),(2012,1989,'包头',0,'b',0,'bt','内蒙古包头市',2,0),(2013,2012,'东河区',0,'',0,'dhq','内蒙古包头市东河区',3,0),(2014,2012,'昆都仑区',0,'',0,'kdlq','内蒙古包头市昆都仑区',3,0),(2015,2012,'青山区',0,'',0,'qsq','内蒙古包头市青山区',3,0),(2016,2012,'石拐区',0,'',0,'sgq','内蒙古包头市石拐区',3,0),(2017,2012,'白云矿区',0,'',0,'bykq','内蒙古包头市白云矿区',3,0),(2018,2012,'九原区',0,'',0,'jyq','内蒙古包头市九原区',3,0),(2019,2012,'土默特右旗',0,'',0,'tmtyq','内蒙古包头市土默特右旗',3,0),(2020,2012,'固阳县',0,'',0,'gyx','内蒙古包头市固阳县',3,0),(2021,2012,'达尔罕茂明安联合旗',0,'',0,'dehmmalhq','内蒙古包头市达尔罕茂明安联合旗',3,0),(2022,1989,'赤峰',0,'c',0,'chifeng','内蒙古赤峰市',2,0),(2023,2022,'红山区',0,'',0,'hsq','内蒙古赤峰市红山区',3,0),(2024,2022,'元宝山区',0,'',0,'ybsq','内蒙古赤峰市元宝山区',3,0),(2025,2022,'松山区',0,'',0,'ssq','内蒙古赤峰市松山区',3,0),(2026,2022,'阿鲁科尔沁旗',0,'',0,'alkeqq','内蒙古赤峰市阿鲁科尔沁旗',3,0),(2027,2022,'巴林左旗',0,'',0,'blzq','内蒙古赤峰市巴林左旗',3,0),(2028,2022,'巴林右旗',0,'',0,'blyq','内蒙古赤峰市巴林右旗',3,0),(2029,2022,'林西县',0,'',0,'lxx','内蒙古赤峰市林西县',3,0),(2030,2022,'克什克腾旗',0,'',0,'ksktq','内蒙古赤峰市克什克腾旗',3,0),(2031,2022,'翁牛特旗',0,'',0,'wntq','内蒙古赤峰市翁牛特旗',3,0),(2032,2022,'喀喇沁旗',0,'',0,'klqq','内蒙古赤峰市喀喇沁旗',3,0),(2033,2022,'宁城县',0,'',0,'ncx','内蒙古赤峰市宁城县',3,0),(2034,2022,'敖汉旗',0,'',0,'ahq','内蒙古赤峰市敖汉旗',3,0),(2035,1989,'鄂尔多斯',0,'e',0,'erds',' 内蒙古鄂尔多斯市',2,0),(3508,3466,'锦艺城',0,'j',0,'jyc','',3,0),(3488,3465,'经三路沿线',0,'j',0,'jslyx','',3,0),(3487,3465,'金水区省政府',0,'j',0,'jsqszf','',3,0),(3479,3465,'陈寨/张家村',0,'c',0,'cz/zjc','',3,0),(3478,3465,'宝龙城市广场',0,'b',0,'blcsgc','',3,0),(3465,2035,'金水区',0,'',0,'vjsq','河南省郑州市',3,0),(3466,2035,'中原区',0,'',0,'vzyq','河南省郑州市',3,0),(3467,2035,'二七区',0,'',0,'veqq','河南省郑州市',3,0),(2044,1989,'呼伦贝尔',0,'h',0,'hlbe','内蒙古呼伦贝尔市',2,0),(2045,2044,'海拉尔区',0,'',0,'hleq','内蒙古呼伦贝尔市海拉尔区',3,0),(2046,2044,'阿荣旗',0,'',0,'arq','内蒙古呼伦贝尔市阿荣旗',3,0),(2047,2044,'莫力达瓦达斡尔族自治旗',0,'',0,'mldwdwezzzq','内蒙古呼伦贝尔市莫力达瓦达斡尔族自治旗',3,0),(2048,2044,'鄂伦春自治旗',0,'',0,'elczzq','内蒙古呼伦贝尔市鄂伦春自治旗',3,0),(2049,2044,'鄂温克族自治旗',0,'',0,'ewkzzzq','内蒙古呼伦贝尔市鄂温克族自治旗',3,0),(2050,2044,'陈巴尔虎旗',0,'',0,'cbehq','内蒙古呼伦贝尔市陈巴尔虎旗',3,0),(2051,2044,'新巴尔虎左旗',0,'',0,'xbehzq','内蒙古呼伦贝尔市新巴尔虎左旗',3,0),(2052,2044,'新巴尔虎右旗',0,'',0,'xbehyq','内蒙古呼伦贝尔市新巴尔虎右旗',3,0),(2053,2044,'满洲里市',0,'',0,'mzls','内蒙古呼伦贝尔市满洲里市',3,0),(2054,2044,'牙克石市',0,'',0,'ykss','内蒙古呼伦贝尔市牙克石市',3,0),(2055,2044,'扎兰屯市',0,'',0,'zlts','内蒙古呼伦贝尔市扎兰屯市',3,0),(2056,2044,'额尔古纳市',0,'',0,'eegns','内蒙古呼伦贝尔市额尔古纳市',3,0),(2057,2044,'根河市',0,'',0,'ghs','内蒙古呼伦贝尔市根河市',3,0),(2058,1989,'通辽',0,'t',0,'tongliao','内蒙古通辽市',2,0),(2059,2058,'科尔沁区',0,'',0,'keqq','内蒙古通辽市科尔沁区',3,0),(2060,2058,'科尔沁左翼中旗',0,'',0,'keqzyzq','内蒙古通辽市科尔沁左翼中旗',3,0),(2061,2058,'科尔沁左翼后旗',0,'',0,'keqzyhq','内蒙古通辽市科尔沁左翼后旗',3,0),(2062,2058,'开鲁县',0,'',0,'klx','内蒙古通辽市开鲁县',3,0),(2063,2058,'库伦旗',0,'',0,'klq','内蒙古通辽市库伦旗',3,0),(2064,2058,'奈曼旗',0,'',0,'nmq','内蒙古通辽市奈曼旗',3,0),(2065,2058,'扎鲁特旗',0,'',0,'zltq','内蒙古通辽市扎鲁特旗',3,0),(2066,2058,'霍林郭勒市',0,'',0,'hlgls','内蒙古通辽市霍林郭勒市',3,0),(2067,1989,'乌海',0,'w',0,'wuhai','内蒙古乌海市',2,0),(2068,2067,'海勃湾区',0,'',0,'hbwq','内蒙古乌海市海勃湾区',3,0),(2069,2067,'海南区',0,'',0,'hnq','内蒙古乌海市海南区',3,0),(2070,2067,'乌达区',0,'',0,'wdq','内蒙古乌海市乌达区',3,0),(2071,1989,'乌兰察布',0,'w',0,'wlcb','内蒙古乌兰察布市',2,0),(2072,2071,'集宁区',0,'',0,'jnq','内蒙古乌兰察布市集宁区',3,0),(2073,2071,'卓资县',0,'',0,'zzx','内蒙古乌兰察布市卓资县',3,0),(2074,2071,'化德县',0,'',0,'hdx','内蒙古乌兰察布市化德县',3,0),(2075,2071,'商都县',0,'',0,'sdx','内蒙古乌兰察布市商都县',3,0),(2076,2071,'兴和县',0,'',0,'xhx','内蒙古乌兰察布市兴和县',3,0),(2077,2071,'凉城县',0,'',0,'lcx','内蒙古乌兰察布市凉城县',3,0),(2078,2071,'察哈尔右翼前旗',0,'',0,'cheyyqq','内蒙古乌兰察布市察哈尔右翼前旗',3,0),(2079,2071,'察哈尔右翼中旗',0,'',0,'cheyyzq','内蒙古乌兰察布市察哈尔右翼中旗',3,0),(2080,2071,'察哈尔右翼后旗',0,'',0,'cheyyhq','内蒙古乌兰察布市察哈尔右翼后旗',3,0),(2081,2071,'四子王旗',0,'',0,'szwq','内蒙古乌兰察布市四子王旗',3,0),(2082,2071,'丰镇市',0,'',0,'fzs','内蒙古乌兰察布市丰镇市',3,0),(2083,1989,'锡林郭勒盟',0,'x',0,'xl','内蒙古锡林郭勒盟',2,0),(2084,2083,'二连浩特市',0,'',0,'elhts','内蒙古锡林郭勒盟二连浩特市',3,0),(2085,2083,'锡林浩特市',0,'',0,'xlhts','内蒙古锡林郭勒盟锡林浩特市',3,0),(2086,2083,'阿巴嘎旗',0,'',0,'abgq','内蒙古锡林郭勒盟阿巴嘎旗',3,0),(2087,2083,'苏尼特左旗',0,'',0,'sntzq','内蒙古锡林郭勒盟苏尼特左旗',3,0),(2088,2083,'苏尼特右旗',0,'',0,'sntyq','内蒙古锡林郭勒盟苏尼特右旗',3,0),(2089,2083,'东乌珠穆沁旗',0,'',0,'dwzmqq','内蒙古锡林郭勒盟东乌珠穆沁旗',3,0),(2090,2083,'西乌珠穆沁旗',0,'',0,'xwzmqq','内蒙古锡林郭勒盟西乌珠穆沁旗',3,0),(2091,2083,'太仆寺旗',0,'',0,'tpsq','内蒙古锡林郭勒盟太仆寺旗',3,0),(2092,2083,'镶黄旗',0,'',0,'xhq','内蒙古锡林郭勒盟镶黄旗',3,0),(2093,2083,'正镶白旗',0,'',0,'zxbq','内蒙古锡林郭勒盟正镶白旗',3,0),(2094,2083,'正蓝旗',0,'',0,'zlq','内蒙古锡林郭勒盟正蓝旗',3,0),(2095,2083,'多伦县',0,'',0,'dlx','内蒙古锡林郭勒盟多伦县',3,0),(2096,1989,'兴安盟',0,'x',0,'xam','内蒙古兴安盟',2,0),(2097,2096,'乌兰浩特市',0,'',0,'wlhts','内蒙古兴安盟乌兰浩特市',3,0),(2098,2096,'阿尔山市',0,'',0,'aess','内蒙古兴安盟阿尔山市',3,0),(2099,2096,'科尔沁右翼前旗',0,'',0,'keqyyqq','内蒙古兴安盟科尔沁右翼前旗',3,0),(2100,2096,'科尔沁右翼中旗',0,'',0,'keqyyzq','内蒙古兴安盟科尔沁右翼中旗',3,0),(2101,2096,'扎赉特旗',0,'',0,'ztq','内蒙古兴安盟扎赉特旗',3,0),(2102,2096,'突泉县',0,'',0,'tqx','内蒙古兴安盟突泉县',3,0),(2103,0,'宁夏',0,'',0,'','',1,0),(2104,2103,'银川',0,'y',0,'yinchuan','宁夏银川市',2,0),(2105,2104,'兴庆区',0,'',0,'xqq','宁夏银川市兴庆区',3,0),(2106,2104,'西夏区',0,'',0,'xxq','宁夏银川市西夏区',3,0),(2107,2104,'金凤区',0,'',0,'jfq','宁夏银川市金凤区',3,0),(2108,2104,'永宁县',0,'',0,'ynx','宁夏银川市永宁县',3,0),(2109,2104,'贺兰县',0,'',0,'hlx','宁夏银川市贺兰县',3,0),(2110,2104,'灵武市',0,'',0,'lws','宁夏银川市灵武市',3,0),(2111,2103,'固原',0,'g',0,'guyuan','宁夏固原市',2,0),(2112,2111,'原州区',0,'',0,'yzq','宁夏固原市原州区',3,0),(2113,2111,'西吉县',0,'',0,'xjx','宁夏固原市西吉县',3,0),(2114,2111,'隆德县',0,'',0,'ldx','宁夏固原市隆德县',3,0),(2115,2111,'泾源县',0,'',0,'yx','宁夏固原市泾源县',3,0),(2116,2111,'彭阳县',0,'',0,'pyx','宁夏固原市彭阳县',3,0),(2117,2103,'石嘴山',0,'s',0,'szs','宁夏石嘴山市',2,0),(2118,2117,'大武口区',0,'',0,'dwkq','宁夏石嘴山市大武口区',3,0),(2119,2117,'惠农区',0,'',0,'hnq','宁夏石嘴山市惠农区',3,0),(2120,2117,'平罗县',0,'',0,'plx','宁夏石嘴山市平罗县',3,0),(2121,2103,'吴忠',0,'w',0,'wuzhong','宁夏吴忠市',2,0),(2122,2121,'利通区',0,'',0,'ltq','宁夏吴忠市利通区',3,0),(2123,2121,'盐池县',0,'',0,'ycx','宁夏吴忠市盐池县',3,0),(2124,2121,'同心县',0,'',0,'txx','宁夏吴忠市同心县',3,0),(2125,2121,'青铜峡市',0,'',0,'qtxs','宁夏吴忠市青铜峡市',3,0),(2126,2103,'中卫',0,'z',0,'zw','宁夏中卫市',2,0),(2127,2126,'沙坡头区',0,'',0,'sptq','宁夏中卫市沙坡头区',3,0),(2128,2126,'中宁县',0,'',0,'znx','宁夏中卫市中宁县',3,0),(2129,2126,'海原县',0,'',0,'hyx','宁夏中卫市海原县',3,0),(2130,0,'青海',0,'',0,'','',1,0),(2131,2130,'西宁',0,'x',0,'xn','青海省西宁市',2,0),(2132,2131,'城东区',0,'',0,'cdq','青海省西宁市城东区',3,0),(2133,2131,'城中区',0,'',0,'czq','青海省西宁市城中区',3,0),(2134,2131,'城西区',0,'',0,'cxq','青海省西宁市城西区',3,0),(2135,2131,'城北区',0,'',0,'cbq','青海省西宁市城北区',3,0),(2136,2131,'大通回族土族自治县',0,'',0,'dthztzzzx','青海省西宁市大通回族土族自治县',3,0),(2137,2131,'湟中县',0,'',0,'zx','青海省西宁市湟中县',3,0),(2138,2131,'湟源县',0,'',0,'yx','青海省西宁市湟源县',3,0),(2139,2130,'果洛',0,'g',0,'guoluo','青海省果洛藏族自治州',2,0),(2140,2139,'玛沁县',0,'',0,'mqx','青海省果洛藏族自治州玛沁县',3,0),(2141,2139,'班玛县',0,'',0,'bmx','青海省果洛藏族自治州班玛县',3,0),(2142,2139,'甘德县',0,'',0,'gdx','青海省果洛藏族自治州甘德县',3,0),(2143,2139,'达日县',0,'',0,'drx','青海省果洛藏族自治州达日县',3,0),(2144,2139,'久治县',0,'',0,'jzx','青海省果洛藏族自治州久治县',3,0),(2145,2139,'玛多县',0,'',0,'mdx','青海省果洛藏族自治州玛多县',3,0),(2146,2130,'海北',0,'h',0,'haibei','青海省海北藏族自治州',2,0),(2147,2146,'门源回族自治县',0,'',0,'myhzzzx','青海省海北藏族自治州门源回族自治县',3,0),(2148,2146,'祁连县',0,'',0,'qlx','青海省海北藏族自治州祁连县',3,0),(2149,2146,'海晏县',0,'',0,'hx','青海省海北藏族自治州海晏县',3,0),(2150,2146,'刚察县',0,'',0,'gcx','青海省海北藏族自治州刚察县',3,0),(2151,2130,'海东',0,'h',0,'haidong','青海省海东地区',2,0),(2152,2151,'平安县',0,'',0,'pax','青海省海东地区平安县',3,0),(2153,2151,'民和回族土族自治县',0,'',0,'mhhztzzzx','青海省海东地区民和回族土族自治县',3,0),(2154,2151,'乐都县',0,'',0,'ldx','青海省海东地区乐都县',3,0),(2155,2151,'互助土族自治县',0,'',0,'hztzzzx','青海省海东地区互助土族自治县',3,0),(2156,2151,'化隆回族自治县',0,'',0,'hlhzzzx','青海省海东地区化隆回族自治县',3,0),(2157,2151,'循化撒拉族自治县',0,'',0,'xhslzzzx','青海省海东地区循化撒拉族自治县',3,0),(2158,2130,'海南',0,'h',0,'hainan','青海省海南藏族自治州',2,0),(2159,2158,'共和县',0,'',0,'ghx','青海省海南藏族自治州共和县',3,0),(2160,2158,'同德县',0,'',0,'tdx','青海省海南藏族自治州同德县',3,0),(2161,2158,'贵德县',0,'',0,'gdx','青海省海南藏族自治州贵德县',3,0),(2162,2158,'兴海县',0,'',0,'xhx','青海省海南藏族自治州兴海县',3,0),(2163,2158,'贵南县',0,'',0,'gnx','青海省海南藏族自治州贵南县',3,0),(2164,2130,'海西',0,'h',0,'hx','青海省海西蒙古族藏族自治州',2,0),(2165,2164,'格尔木市',0,'',0,'gems','青海省海西蒙古族藏族自治州格尔木市',3,0),(2166,2164,'德令哈市',0,'',0,'dlhs','青海省海西蒙古族藏族自治州德令哈市',3,0),(2167,2164,'乌兰县',0,'',0,'wlx','青海省海西蒙古族藏族自治州乌兰县',3,0),(2168,2164,'都兰县',0,'',0,'dlx','青海省海西蒙古族藏族自治州都兰县',3,0),(2169,2164,'天峻县',0,'',0,'tjx','青海省海西蒙古族藏族自治州天峻县',3,0),(2170,2130,'黄南',0,'h',0,'huangnan','青海省黄南藏族自治州',2,0),(2171,2170,'同仁县',0,'',0,'trx','青海省黄南藏族自治州同仁县',3,0),(2172,2170,'尖扎县',0,'',0,'jzx','青海省黄南藏族自治州尖扎县',3,0),(2173,2170,'泽库县',0,'',0,'zkx','青海省黄南藏族自治州泽库县',3,0),(2174,2170,'河南蒙古族自治县',0,'',0,'hnmgzzzx','青海省黄南藏族自治州河南蒙古族自治县',3,0),(2175,2130,'玉树',0,'y',0,'ys','青海省玉树藏族自治州',2,0),(2176,2175,'玉树县',0,'',0,'ysx','青海省玉树藏族自治州玉树县',3,0),(2177,2175,'杂多县',0,'',0,'zdx','青海省玉树藏族自治州杂多县',3,0),(2178,2175,'称多县',0,'',0,'cdx','青海省玉树藏族自治州称多县',3,0),(2179,2175,'治多县',0,'',0,'zdx','青海省玉树藏族自治州治多县',3,0),(2180,2175,'囊谦县',0,'',0,'nqx','青海省玉树藏族自治州囊谦县',3,0),(2181,2175,'曲麻莱县',0,'',0,'qmlx','青海省玉树藏族自治州曲麻莱县',3,0),(2182,0,'山东',0,'',0,'','',1,0),(2183,2182,'济南',0,'j',0,'jn','山东省济南市',2,0),(2184,2183,'历下区',0,'',0,'lxq','山东省济南市历下区',3,0),(2185,2183,'市中区',0,'',0,'szq','山东省济南市市中区',3,0),(2186,2183,'槐荫区',0,'',0,'hyq','山东省济南市槐荫区',3,0),(2187,2183,'天桥区',0,'',0,'tqq','山东省济南市天桥区',3,0),(2188,2183,'历城区',0,'',0,'lcq','山东省济南市历城区',3,0),(2189,2183,'长清区',0,'',0,'cqq','山东省济南市长清区',3,0),(2190,2183,'平阴县',0,'',0,'pyx','山东省济南市平阴县',3,0),(2191,2183,'济阳县',0,'',0,'jyx','山东省济南市济阳县',3,0),(2192,2183,'商河县',0,'',0,'shx','山东省济南市商河县',3,0),(2193,2183,'章丘市',0,'',0,'zqs','山东省济南市章丘市',3,0),(2194,2182,'滨州',0,'b',0,'bz','山东省滨州市',2,0),(2195,2194,'滨城区',0,'',0,'bcq','山东省滨州市滨城区',3,0),(2196,2194,'惠民县',0,'',0,'hmx','山东省滨州市惠民县',3,0),(2197,2194,'阳信县',0,'',0,'yxx','山东省滨州市阳信县',3,0),(2198,2194,'无棣县',0,'',0,'wx','山东省滨州市无棣县',3,0),(2199,2194,'沾化县',0,'',0,'zhx','山东省滨州市沾化县',3,0),(2200,2194,'博兴县',0,'',0,'bxx','山东省滨州市博兴县',3,0),(2201,2194,'邹平县',0,'',0,'zpx','山东省滨州市邹平县',3,0),(2202,2182,'德州',0,'d',0,'dz','山东省德州市',2,0),(2203,2202,'德城区',0,'',0,'dcq','山东省德州市德城区',3,0),(2204,2202,'陵县',0,'',0,'lx','山东省德州市陵县',3,0),(2205,2202,'宁津县',0,'',0,'njx','山东省德州市宁津县',3,0),(2206,2202,'庆云县',0,'',0,'qyx','山东省德州市庆云县',3,0),(2207,2202,'临邑县',0,'',0,'lyx','山东省德州市临邑县',3,0),(2208,2202,'齐河县',0,'',0,'qhx','山东省德州市齐河县',3,0),(2209,2202,'平原县',0,'',0,'pyx','山东省德州市平原县',3,0),(2210,2202,'夏津县',0,'',0,'xjx','山东省德州市夏津县',3,0),(2211,2202,'武城县',0,'',0,'wcx','山东省德州市武城县',3,0),(2212,2202,'乐陵市',0,'',0,'lls','山东省德州市乐陵市',3,0),(2213,2202,'禹城市',0,'',0,'ycs','山东省德州市禹城市',3,0),(2214,2182,'东营',0,'d',0,'dy','山东省东营市',2,0),(2215,2214,'东营区',0,'',0,'dyq','山东省东营市东营区',3,0),(2216,2214,'河口区',0,'',0,'hkq','山东省东营市河口区',3,0),(2217,2214,'垦利县',0,'',0,'klx','山东省东营市垦利县',3,0),(2218,2214,'利津县',0,'',0,'ljx','山东省东营市利津县',3,0),(2219,2214,'广饶县',0,'',0,'grx','山东省东营市广饶县',3,0),(2220,2182,'菏泽',0,'h',0,'heze','山东省菏泽市',2,0),(2221,2220,'牡丹区',0,'',0,'mdq','山东省菏泽市牡丹区',3,0),(2222,2220,'曹县',0,'',0,'cx','山东省菏泽市曹县',3,0),(2223,2220,'单县',0,'',0,'dx','山东省菏泽市单县',3,0),(2224,2220,'成武县',0,'',0,'cwx','山东省菏泽市成武县',3,0),(2225,2220,'巨野县',0,'',0,'jyx','山东省菏泽市巨野县',3,0),(2226,2220,'郓城县',0,'',0,'cx','山东省菏泽市郓城县',3,0),(2227,2220,'鄄城县',0,'',0,'cx','山东省菏泽市鄄城县',3,0),(2228,2220,'定陶县',0,'',0,'dtx','山东省菏泽市定陶县',3,0),(2229,2220,'东明县',0,'',0,'dmx','山东省菏泽市东明县',3,0),(2230,2182,'济宁',0,'j',0,'jining','山东省济宁市',2,0),(2231,2230,'市中区',0,'',0,'szq','山东省济宁市市中区',3,0),(2232,2230,'任城区',0,'',0,'rcq','山东省济宁市任城区',3,0),(2233,2230,'微山县',0,'',0,'wsx','山东省济宁市微山县',3,0),(2234,2230,'鱼台县',0,'',0,'ytx','山东省济宁市鱼台县',3,0),(2235,2230,'金乡县',0,'',0,'jxx','山东省济宁市金乡县',3,0),(2236,2230,'嘉祥县',0,'',0,'jxx','山东省济宁市嘉祥县',3,0),(2237,2230,'汶上县',0,'',0,'sx','山东省济宁市汶上县',3,0),(2238,2230,'泗水县',0,'',0,'sx','山东省济宁市泗水县',3,0),(2239,2230,'梁山县',0,'',0,'lsx','山东省济宁市梁山县',3,0),(2240,2230,'曲阜市',0,'',0,'qfs','山东省济宁市曲阜市',3,0),(2241,2230,'兖州市',0,'',0,'zs','山东省济宁市兖州市',3,0),(2242,2230,'邹城市',0,'',0,'zcs','山东省济宁市邹城市',3,0),(2243,2182,'莱芜',0,'l',0,'lw','山东省莱芜市',2,0),(2244,2243,'莱城区',0,'',0,'lcq','山东省莱芜市莱城区',3,0),(2245,2243,'钢城区',0,'',0,'gcq','山东省莱芜市钢城区',3,0),(2246,2182,'聊城',0,'l',0,'lc','山东省聊城市',2,0),(2247,2246,'东昌府区',0,'',0,'dcfq','山东省聊城市东昌府区',3,0),(2248,2246,'阳谷县',0,'',0,'ygx','山东省聊城市阳谷县',3,0),(2249,2246,'莘县',0,'',0,'x','山东省聊城市莘县',3,0),(2250,2246,'茌平县',0,'',0,'px','山东省聊城市茌平县',3,0),(2251,2246,'东阿县',0,'',0,'dax','山东省聊城市东阿县',3,0),(2252,2246,'冠县',0,'',0,'gx','山东省聊城市冠县',3,0),(2253,2246,'高唐县',0,'',0,'gtx','山东省聊城市高唐县',3,0),(2254,2246,'临清市',0,'',0,'lqs','山东省聊城市临清市',3,0),(2255,2182,'临沂',0,'l',0,'linyi','山东省临沂市',2,0),(2256,2255,'兰山区',0,'',0,'lsq','山东省临沂市兰山区',3,0),(2257,2255,'罗庄区',0,'',0,'lzq','山东省临沂市罗庄区',3,0),(2258,2255,'河东区',0,'',0,'hdq','山东省临沂市河东区',3,0),(2259,2255,'沂南县',0,'',0,'ynx','山东省临沂市沂南县',3,0),(2260,2255,'郯城县',0,'',0,'cx','山东省临沂市郯城县',3,0),(2261,2255,'沂水县',0,'',0,'ysx','山东省临沂市沂水县',3,0),(2262,2255,'苍山县',0,'',0,'csx','山东省临沂市苍山县',3,0),(2263,2255,'费县',0,'',0,'fx','山东省临沂市费县',3,0),(2264,2255,'平邑县',0,'',0,'pyx','山东省临沂市平邑县',3,0),(2265,2255,'莒南县',0,'',0,'nx','山东省临沂市莒南县',3,0),(2266,2255,'蒙阴县',0,'',0,'myx','山东省临沂市蒙阴县',3,0),(2267,2255,'临沭县',0,'',0,'lx','山东省临沂市临沭县',3,0),(2268,2182,'青岛',0,'q',0,'qd','山东省青岛市',2,0),(2269,2268,'市南区',0,'',0,'snq','山东省青岛市市南区',3,0),(2270,2268,'市北区',0,'',0,'sbq','山东省青岛市市北区',3,0),(2271,2268,'四方区',0,'',0,'sfq','山东省青岛市四方区',3,0),(2272,2268,'黄岛区',0,'',0,'hdq','山东省青岛市黄岛区',3,0),(2273,2268,'崂山区',0,'',0,'sq','山东省青岛市崂山区',3,0),(2274,2268,'李沧区',0,'',0,'lcq','山东省青岛市李沧区',3,0),(2275,2268,'城阳区',0,'',0,'cyq','山东省青岛市城阳区',3,0),(2276,2268,'胶州市',0,'',0,'jzs','山东省青岛市胶州市',3,0),(2277,2268,'即墨市',0,'',0,'jms','山东省青岛市即墨市',3,0),(2278,2268,'平度市',0,'',0,'pds','山东省青岛市平度市',3,0),(2279,2268,'胶南市',0,'',0,'jns','山东省青岛市胶南市',3,0),(2280,2268,'莱西市',0,'',0,'lxs','山东省青岛市莱西市',3,0),(2281,2182,'日照',0,'r',0,'rizhao','山东省日照市',2,0),(2282,2281,'东港区',0,'',0,'dgq','山东省日照市东港区',3,0),(2283,2281,'岚山区',0,'',0,'sq','山东省日照市岚山区',3,0),(2284,2281,'五莲县',0,'',0,'wlx','山东省日照市五莲县',3,0),(2285,2281,'莒县',0,'',0,'x','山东省日照市莒县',3,0),(2286,2182,'泰安',0,'t',0,'ta','山东省泰安市',2,0),(2287,2286,'泰山区',0,'',0,'tsq','山东省泰安市泰山区',3,0),(2288,2286,'岱岳区',0,'',0,'yq','山东省泰安市岱岳区',3,0),(2289,2286,'宁阳县',0,'',0,'nyx','山东省泰安市宁阳县',3,0),(2290,2286,'东平县',0,'',0,'dpx','山东省泰安市东平县',3,0),(2291,2286,'新泰市',0,'',0,'xts','山东省泰安市新泰市',3,0),(2292,2286,'肥城市',0,'',0,'fcs','山东省泰安市肥城市',3,0),(2293,2182,'威海',0,'w',0,'weihai','山东省威海市',2,0),(2294,2293,'环翠区',0,'',0,'hcq','山东省威海市环翠区',3,0),(2295,2293,'文登市',0,'',0,'wds','山东省威海市文登市',3,0),(2296,2293,'荣成市',0,'',0,'rcs','山东省威海市荣成市',3,0),(2297,2293,'乳山市',0,'',0,'rss','山东省威海市乳山市',3,0),(2298,2182,'潍坊',0,'w',0,'wf','山东省潍坊市',2,0),(2299,2298,'潍城区',0,'',0,'wcq','山东省潍坊市潍城区',3,0),(2300,2298,'寒亭区',0,'',0,'htq','山东省潍坊市寒亭区',3,0),(2301,2298,'坊子区',0,'',0,'fzq','山东省潍坊市坊子区',3,0),(2302,2298,'奎文区',0,'',0,'kwq','山东省潍坊市奎文区',3,0),(2303,2298,'临朐县',0,'',0,'lx','山东省潍坊市临朐县',3,0),(2304,2298,'昌乐县',0,'',0,'clx','山东省潍坊市昌乐县',3,0),(2305,2298,'青州市',0,'',0,'qzs','山东省潍坊市青州市',3,0),(2306,2298,'诸城市',0,'',0,'zcs','山东省潍坊市诸城市',3,0),(2307,2298,'寿光市',0,'',0,'sgs','山东省潍坊市寿光市',3,0),(2308,2298,'安丘市',0,'',0,'aqs','山东省潍坊市安丘市',3,0),(2309,2298,'高密市',0,'',0,'gms','山东省潍坊市高密市',3,0),(2310,2298,'昌邑市',0,'',0,'cys','山东省潍坊市昌邑市',3,0),(2311,2182,'烟台',0,'y',0,'yt','山东省烟台市',2,0),(2312,2311,'芝罘区',0,'',0,'zq','山东省烟台市芝罘区',3,0),(2313,2311,'福山区',0,'',0,'fsq','山东省烟台市福山区',3,0),(2314,2311,'牟平区',0,'',0,'mpq','山东省烟台市牟平区',3,0),(2315,2311,'莱山区',0,'',0,'lsq','山东省烟台市莱山区',3,0),(2316,2311,'长岛县',0,'',0,'cdx','山东省烟台市长岛县',3,0),(2317,2311,'龙口市',0,'',0,'lks','山东省烟台市龙口市',3,0),(2318,2311,'莱阳市',0,'',0,'lys','山东省烟台市莱阳市',3,0),(2319,2311,'莱州市',0,'',0,'lzs','山东省烟台市莱州市',3,0),(2320,2311,'蓬莱市',0,'',0,'pls','山东省烟台市蓬莱市',3,0),(2321,2311,'招远市',0,'',0,'zys','山东省烟台市招远市',3,0),(2322,2311,'栖霞市',0,'',0,'qxs','山东省烟台市栖霞市',3,0),(2323,2311,'海阳市',0,'',0,'hys','山东省烟台市海阳市',3,0),(2324,2182,'枣庄',0,'z',0,'zaozhuang','山东省枣庄市',2,0),(2325,2324,'市中区',0,'',0,'szq','山东省枣庄市市中区',3,0),(2326,2324,'薛城区',0,'',0,'xcq','山东省枣庄市薛城区',3,0),(2327,2324,'峄城区',0,'',0,'cq','山东省枣庄市峄城区',3,0),(2328,2324,'台儿庄区',0,'',0,'tezq','山东省枣庄市台儿庄区',3,0),(2329,2324,'山亭区',0,'',0,'stq','山东省枣庄市山亭区',3,0),(2330,2324,'滕州市',0,'',0,'zs','山东省枣庄市滕州市',3,0),(2331,2182,'淄博',0,'z',0,'zb','山东省淄博市',2,0),(2332,2331,'淄川区',0,'',0,'zcq','山东省淄博市淄川区',3,0),(2333,2331,'张店区',0,'',0,'zdq','山东省淄博市张店区',3,0),(2334,2331,'博山区',0,'',0,'bsq','山东省淄博市博山区',3,0),(2335,2331,'临淄区',0,'',0,'lzq','山东省淄博市临淄区',3,0),(2336,2331,'周村区',0,'',0,'zcq','山东省淄博市周村区',3,0),(2337,2331,'桓台县',0,'',0,'htx','山东省淄博市桓台县',3,0),(2338,2331,'高青县',0,'',0,'gqx','山东省淄博市高青县',3,0),(2339,2331,'沂源县',0,'',0,'yyx','山东省淄博市沂源县',3,0),(2340,0,'山西',0,'',0,'','',1,0),(2341,2340,'太原',0,'t',0,'ty','山西省太原市',2,0),(2342,2341,'小店区',0,'',0,'xdq','山西省太原市小店区',3,0),(2343,2341,'迎泽区',0,'',0,'yzq','山西省太原市迎泽区',3,0),(2344,2341,'杏花岭区',0,'',0,'xhlq','山西省太原市杏花岭区',3,0),(2345,2341,'尖草坪区',0,'',0,'jcpq','山西省太原市尖草坪区',3,0),(2346,2341,'万柏林区',0,'',0,'wblq','山西省太原市万柏林区',3,0),(2347,2341,'晋源区',0,'',0,'jyq','山西省太原市晋源区',3,0),(2348,2341,'清徐县',0,'',0,'qxx','山西省太原市清徐县',3,0),(2349,2341,'阳曲县',0,'',0,'yqx','山西省太原市阳曲县',3,0),(2350,2341,'娄烦县',0,'',0,'lfx','山西省太原市娄烦县',3,0),(2351,2341,'古交市',0,'',0,'gjs','山西省太原市古交市',3,0),(2352,2340,'长治',0,'c',0,'changzhi','山西省长治市',2,0),(2353,2352,'城区',0,'',0,'cq','山西省长治市城区',3,0),(2354,2352,'郊区',0,'',0,'jq','山西省长治市郊区',3,0),(2355,2352,'长治县',0,'',0,'czx','山西省长治市长治县',3,0),(2356,2352,'襄垣县',0,'',0,'xyx','山西省长治市襄垣县',3,0),(2357,2352,'屯留县',0,'',0,'tlx','山西省长治市屯留县',3,0),(2358,2352,'平顺县',0,'',0,'psx','山西省长治市平顺县',3,0),(2359,2352,'黎城县',0,'',0,'lcx','山西省长治市黎城县',3,0),(2360,2352,'壶关县',0,'',0,'hgx','山西省长治市壶关县',3,0),(2361,2352,'长子县',0,'',0,'czx','山西省长治市长子县',3,0),(2362,2352,'武乡县',0,'',0,'wxx','山西省长治市武乡县',3,0),(2363,2352,'沁县',0,'',0,'qx','山西省长治市沁县',3,0),(2364,2352,'沁源县',0,'',0,'qyx','山西省长治市沁源县',3,0),(2365,2352,'潞城市',0,'',0,'lcs','山西省长治市潞城市',3,0),(2366,2340,'大同',0,'d',0,'dt','山西省大同市',2,0),(2367,2366,'城区',0,'',0,'cq','山西省大同市城区',3,0),(2368,2366,'矿区',0,'',0,'kq','山西省大同市矿区',3,0),(2369,2366,'南郊区',0,'',0,'njq','山西省大同市南郊区',3,0),(2370,2366,'新荣区',0,'',0,'xrq','山西省大同市新荣区',3,0),(2371,2366,'阳高县',0,'',0,'ygx','山西省大同市阳高县',3,0),(2372,2366,'天镇县',0,'',0,'tzx','山西省大同市天镇县',3,0),(2373,2366,'广灵县',0,'',0,'glx','山西省大同市广灵县',3,0),(2374,2366,'灵丘县',0,'',0,'lqx','山西省大同市灵丘县',3,0),(2375,2366,'浑源县',0,'',0,'hyx','山西省大同市浑源县',3,0),(2376,2366,'左云县',0,'',0,'zyx','山西省大同市左云县',3,0),(2377,2366,'大同县',0,'',0,'dtx','山西省大同市大同县',3,0),(2378,2340,'晋城',0,'j',0,'jincheng','山西省晋城市',2,0),(2379,2378,'城区',0,'',0,'cq','山西省晋城市城区',3,0),(2380,2378,'沁水县',0,'',0,'qsx','山西省晋城市沁水县',3,0),(2381,2378,'阳城县',0,'',0,'ycx','山西省晋城市阳城县',3,0),(2382,2378,'陵川县',0,'',0,'lcx','山西省晋城市陵川县',3,0),(2383,2378,'泽州县',0,'',0,'zzx','山西省晋城市泽州县',3,0),(2384,2378,'高平市',0,'',0,'gps','山西省晋城市高平市',3,0),(2385,2340,'晋中',0,'j',0,'jz','山西省晋中市',2,0),(2386,2385,'榆次区',0,'',0,'ycq','山西省晋中市榆次区',3,0),(2387,2385,'榆社县',0,'',0,'ysx','山西省晋中市榆社县',3,0),(2388,2385,'左权县',0,'',0,'zqx','山西省晋中市左权县',3,0),(2389,2385,'和顺县',0,'',0,'hsx','山西省晋中市和顺县',3,0),(2390,2385,'昔阳县',0,'',0,'xyx','山西省晋中市昔阳县',3,0),(2391,2385,'寿阳县',0,'',0,'syx','山西省晋中市寿阳县',3,0),(2392,2385,'太谷县',0,'',0,'tgx','山西省晋中市太谷县',3,0),(2393,2385,'祁县',0,'',0,'qx','山西省晋中市祁县',3,0),(2394,2385,'平遥县',0,'',0,'pyx','山西省晋中市平遥县',3,0),(2395,2385,'灵石县',0,'',0,'lsx','山西省晋中市灵石县',3,0),(2396,2385,'介休市',0,'',0,'jxs','山西省晋中市介休市',3,0),(2397,2340,'临汾',0,'l',0,'linfen','山西省临汾市',2,0),(2398,2397,'尧都区',0,'',0,'ydq','山西省临汾市尧都区',3,0),(2399,2397,'曲沃县',0,'',0,'qwx','山西省临汾市曲沃县',3,0),(2400,2397,'翼城县',0,'',0,'ycx','山西省临汾市翼城县',3,0),(2401,2397,'襄汾县',0,'',0,'xfx','山西省临汾市襄汾县',3,0),(2402,2397,'洪洞县',0,'',0,'hdx','山西省临汾市洪洞县',3,0),(2403,2397,'古县',0,'',0,'gx','山西省临汾市古县',3,0),(2404,2397,'安泽县',0,'',0,'azx','山西省临汾市安泽县',3,0),(2405,2397,'浮山县',0,'',0,'fsx','山西省临汾市浮山县',3,0),(2406,2397,'吉县',0,'',0,'jx','山西省临汾市吉县',3,0),(2407,2397,'乡宁县',0,'',0,'xnx','山西省临汾市乡宁县',3,0),(2408,2397,'大宁县',0,'',0,'dnx','山西省临汾市大宁县',3,0),(2409,2397,'隰县',0,'',0,'x','山西省临汾市隰县',3,0),(2410,2397,'永和县',0,'',0,'yhx','山西省临汾市永和县',3,0),(2411,2397,'蒲县',0,'',0,'px','山西省临汾市蒲县',3,0),(2412,2397,'汾西县',0,'',0,'fxx','山西省临汾市汾西县',3,0),(2413,2397,'侯马市',0,'',0,'hms','山西省临汾市侯马市',3,0),(2414,2397,'霍州市',0,'',0,'hzs','山西省临汾市霍州市',3,0),(2415,2340,'吕梁',0,'l',0,'lvliang','山西省吕梁市',2,0),(2416,2415,'离石区',0,'',0,'lsq','山西省吕梁市离石区',3,0),(2417,2415,'文水县',0,'',0,'wsx','山西省吕梁市文水县',3,0),(2418,2415,'交城县',0,'',0,'jcx','山西省吕梁市交城县',3,0),(2419,2415,'兴县',0,'',0,'xx','山西省吕梁市兴县',3,0),(2420,2415,'临县',0,'',0,'lx','山西省吕梁市临县',3,0),(2421,2415,'柳林县',0,'',0,'llx','山西省吕梁市柳林县',3,0),(2422,2415,'石楼县',0,'',0,'slx','山西省吕梁市石楼县',3,0),(2423,2415,'岚县',0,'',0,'x','山西省吕梁市岚县',3,0),(2424,2415,'方山县',0,'',0,'fsx','山西省吕梁市方山县',3,0),(2425,2415,'中阳县',0,'',0,'zyx','山西省吕梁市中阳县',3,0),(2426,2415,'交口县',0,'',0,'jkx','山西省吕梁市交口县',3,0),(2427,2415,'孝义市',0,'',0,'xys','山西省吕梁市孝义市',3,0),(2428,2415,'汾阳市',0,'',0,'fys','山西省吕梁市汾阳市',3,0),(2429,2340,'朔州',0,'s',0,'shuozhou','山西省朔州市',2,0),(2430,2429,'朔城区',0,'',0,'scq','山西省朔州市朔城区',3,0),(2431,2429,'平鲁区',0,'',0,'plq','山西省朔州市平鲁区',3,0),(2432,2429,'山阴县',0,'',0,'syx','山西省朔州市山阴县',3,0),(2433,2429,'应县',0,'',0,'yx','山西省朔州市应县',3,0),(2434,2429,'右玉县',0,'',0,'yyx','山西省朔州市右玉县',3,0),(2435,2429,'怀仁县',0,'',0,'hrx','山西省朔州市怀仁县',3,0),(2436,2340,'忻州',0,'x',0,'xinzhou','山西省忻州市',2,0),(2437,2436,'忻府区',0,'',0,'xfq','山西省忻州市忻府区',3,0),(2438,2436,'定襄县',0,'',0,'dxx','山西省忻州市定襄县',3,0),(2439,2436,'五台县',0,'',0,'wtx','山西省忻州市五台县',3,0),(2440,2436,'代县',0,'',0,'dx','山西省忻州市代县',3,0),(2441,2436,'繁峙县',0,'',0,'fzx','山西省忻州市繁峙县',3,0),(2442,2436,'宁武县',0,'',0,'nwx','山西省忻州市宁武县',3,0),(2443,2436,'静乐县',0,'',0,'jlx','山西省忻州市静乐县',3,0),(2444,2436,'神池县',0,'',0,'scx','山西省忻州市神池县',3,0),(2445,2436,'五寨县',0,'',0,'wzx','山西省忻州市五寨县',3,0),(2446,2436,'岢岚县',0,'',0,'x','山西省忻州市岢岚县',3,0),(2447,2436,'河曲县',0,'',0,'hqx','山西省忻州市河曲县',3,0),(2448,2436,'保德县',0,'',0,'bdx','山西省忻州市保德县',3,0),(2449,2436,'偏关县',0,'',0,'pgx','山西省忻州市偏关县',3,0),(2450,2436,'原平市',0,'',0,'yps','山西省忻州市原平市',3,0),(2451,2340,'阳泉',0,'y',0,'yq','山西省阳泉市',2,0),(2452,2451,'城区',0,'',0,'cq','山西省阳泉市城区',3,0),(2453,2451,'矿区',0,'',0,'kq','山西省阳泉市矿区',3,0),(2454,2451,'郊区',0,'',0,'jq','山西省阳泉市郊区',3,0),(2455,2451,'平定县',0,'',0,'pdx','山西省阳泉市平定县',3,0),(2456,2451,'盂县',0,'',0,'yx','山西省阳泉市盂县',3,0),(2457,2340,'运城',0,'y',0,'yuncheng','山西省运城市',2,0),(2458,2457,'盐湖区',0,'',0,'yhq','山西省运城市盐湖区',3,0),(2459,2457,'临猗县',0,'',0,'lx','山西省运城市临猗县',3,0),(2460,2457,'万荣县',0,'',0,'wrx','山西省运城市万荣县',3,0),(2461,2457,'闻喜县',0,'',0,'wxx','山西省运城市闻喜县',3,0),(2462,2457,'稷山县',0,'',0,'sx','山西省运城市稷山县',3,0),(2463,2457,'新绛县',0,'',0,'xx','山西省运城市新绛县',3,0),(2464,2457,'绛县',0,'',0,'x','山西省运城市绛县',3,0),(2465,2457,'垣曲县',0,'',0,'yqx','山西省运城市垣曲县',3,0),(2466,2457,'夏县',0,'',0,'xx','山西省运城市夏县',3,0),(2467,2457,'平陆县',0,'',0,'plx','山西省运城市平陆县',3,0),(2468,2457,'芮城县',0,'',0,'cx','山西省运城市芮城县',3,0),(2469,2457,'永济市',0,'',0,'yjs','山西省运城市永济市',3,0),(2470,2457,'河津市',0,'',0,'hjs','山西省运城市河津市',3,0),(2471,0,'陕西',0,'',0,'','',1,0),(2472,2471,'西安',0,'x',0,'xa','陕西省西安市',2,0),(2473,2472,'新城区',0,'',0,'xcq','陕西省西安市新城区',3,0),(2474,2472,'碑林区',0,'',0,'blq','陕西省西安市碑林区',3,0),(2475,2472,'莲湖区',0,'',0,'lhq','陕西省西安市莲湖区',3,0),(2476,2472,'灞桥区',0,'',0,'qq','陕西省西安市灞桥区',3,0),(2477,2472,'未央区',0,'',0,'wyq','陕西省西安市未央区',3,0),(2478,2472,'雁塔区',0,'',0,'ytq','陕西省西安市雁塔区',3,0),(2479,2472,'阎良区',0,'',0,'ylq','陕西省西安市阎良区',3,0),(2480,2472,'临潼区',0,'',0,'lq','陕西省西安市临潼区',3,0),(2481,2472,'长安区',0,'',0,'caq','陕西省西安市长安区',3,0),(2482,2472,'蓝田县',0,'',0,'ltx','陕西省西安市蓝田县',3,0),(2483,2472,'周至县',0,'',0,'zzx','陕西省西安市周至县',3,0),(2484,2472,'户县',0,'',0,'hx','陕西省西安市户县',3,0),(2485,2472,'高陵县',0,'',0,'glx','陕西省西安市高陵县',3,0),(2486,2471,'安康',0,'a',0,'ankang','陕西省安康市',2,0),(2487,2486,'汉滨区',0,'',0,'hbq','陕西省安康市汉滨区',3,0),(2488,2486,'汉阴县',0,'',0,'hyx','陕西省安康市汉阴县',3,0),(2489,2486,'石泉县',0,'',0,'sqx','陕西省安康市石泉县',3,0),(2490,2486,'宁陕县',0,'',0,'nsx','陕西省安康市宁陕县',3,0),(2491,2486,'紫阳县',0,'',0,'zyx','陕西省安康市紫阳县',3,0),(2492,2486,'岚皋县',0,'',0,'gx','陕西省安康市岚皋县',3,0),(2493,2486,'平利县',0,'',0,'plx','陕西省安康市平利县',3,0),(2494,2486,'镇坪县',0,'',0,'zpx','陕西省安康市镇坪县',3,0),(2495,2486,'旬阳县',0,'',0,'xyx','陕西省安康市旬阳县',3,0),(2496,2486,'白河县',0,'',0,'bhx','陕西省安康市白河县',3,0),(2497,2471,'宝鸡',0,'b',0,'baoji','陕西省宝鸡市',2,0),(2498,2497,'渭滨区',0,'',0,'wbq','陕西省宝鸡市渭滨区',3,0),(2499,2497,'金台区',0,'',0,'jtq','陕西省宝鸡市金台区',3,0),(2500,2497,'陈仓区',0,'',0,'ccq','陕西省宝鸡市陈仓区',3,0),(2501,2497,'凤翔县',0,'',0,'fxx','陕西省宝鸡市凤翔县',3,0),(2502,2497,'岐山县',0,'',0,'sx','陕西省宝鸡市岐山县',3,0),(2503,2497,'扶风县',0,'',0,'ffx','陕西省宝鸡市扶风县',3,0),(2504,2497,'眉县',0,'',0,'mx','陕西省宝鸡市眉县',3,0),(2505,2497,'陇县',0,'',0,'lx','陕西省宝鸡市陇县',3,0),(2506,2497,'千阳县',0,'',0,'qyx','陕西省宝鸡市千阳县',3,0),(2507,2497,'麟游县',0,'',0,'yx','陕西省宝鸡市麟游县',3,0),(2508,2497,'凤县',0,'',0,'fx','陕西省宝鸡市凤县',3,0),(2509,2497,'太白县',0,'',0,'tbx','陕西省宝鸡市太白县',3,0),(2510,2471,'汉中',0,'h',0,'hanzhong','陕西省汉中市',2,0),(2511,2510,'汉台区',0,'',0,'htq','陕西省汉中市汉台区',3,0),(2512,2510,'南郑县',0,'',0,'nzx','陕西省汉中市南郑县',3,0),(2513,2510,'城固县',0,'',0,'cgx','陕西省汉中市城固县',3,0),(2514,2510,'洋县',0,'',0,'yx','陕西省汉中市洋县',3,0),(2515,2510,'西乡县',0,'',0,'xxx','陕西省汉中市西乡县',3,0),(2516,2510,'勉县',0,'',0,'mx','陕西省汉中市勉县',3,0),(2517,2510,'宁强县',0,'',0,'nqx','陕西省汉中市宁强县',3,0),(2518,2510,'略阳县',0,'',0,'lyx','陕西省汉中市略阳县',3,0),(2519,2510,'镇巴县',0,'',0,'zbx','陕西省汉中市镇巴县',3,0),(2520,2510,'留坝县',0,'',0,'lbx','陕西省汉中市留坝县',3,0),(2521,2510,'佛坪县',0,'',0,'fpx','陕西省汉中市佛坪县',3,0),(2522,2471,'商洛',0,'s',0,'sl','陕西省商洛市',2,0),(2523,2522,'商州区',0,'',0,'szq','陕西省商洛市商州区',3,0),(2524,2522,'洛南县',0,'',0,'lnx','陕西省商洛市洛南县',3,0),(2525,2522,'丹凤县',0,'',0,'dfx','陕西省商洛市丹凤县',3,0),(2526,2522,'商南县',0,'',0,'snx','陕西省商洛市商南县',3,0),(2527,2522,'山阳县',0,'',0,'syx','陕西省商洛市山阳县',3,0),(2528,2522,'镇安县',0,'',0,'zax','陕西省商洛市镇安县',3,0),(2529,2522,'柞水县',0,'',0,'zsx','陕西省商洛市柞水县',3,0),(2530,2471,'铜川',0,'t',0,'tc','陕西省铜川市',2,0),(2531,2530,'王益区',0,'',0,'wyq','陕西省铜川市王益区',3,0),(2532,2530,'印台区',0,'',0,'ytq','陕西省铜川市印台区',3,0),(2533,2530,'耀州区',0,'',0,'yzq','陕西省铜川市耀州区',3,0),(2534,2530,'宜君县',0,'',0,'yjx','陕西省铜川市宜君县',3,0),(2535,2471,'渭南',0,'w',0,'wn','陕西省渭南市',2,0),(2536,2535,'临渭区',0,'',0,'lwq','陕西省渭南市临渭区',3,0),(2537,2535,'华县',0,'',0,'hx','陕西省渭南市华县',3,0),(2538,2535,'潼关县',0,'',0,'gx','陕西省渭南市潼关县',3,0),(2539,2535,'大荔县',0,'',0,'dlx','陕西省渭南市大荔县',3,0),(2540,2535,'合阳县',0,'',0,'hyx','陕西省渭南市合阳县',3,0),(2541,2535,'澄城县',0,'',0,'ccx','陕西省渭南市澄城县',3,0),(2542,2535,'蒲城县',0,'',0,'pcx','陕西省渭南市蒲城县',3,0),(2543,2535,'白水县',0,'',0,'bsx','陕西省渭南市白水县',3,0),(2544,2535,'富平县',0,'',0,'fpx','陕西省渭南市富平县',3,0),(2545,2535,'韩城市',0,'',0,'hcs','陕西省渭南市韩城市',3,0),(2546,2535,'华阴市',0,'',0,'hys','陕西省渭南市华阴市',3,0),(2547,2471,'咸阳',0,'x',0,'xianyang','陕西省咸阳市',2,0),(2548,2547,'秦都区',0,'',0,'qdq','陕西省咸阳市秦都区',3,0),(2549,2547,'杨陵区',0,'',0,'ylq','陕西省咸阳市杨陵区',3,0),(2550,2547,'渭城区',0,'',0,'wcq','陕西省咸阳市渭城区',3,0),(2551,2547,'三原县',0,'',0,'syx','陕西省咸阳市三原县',3,0),(2552,2547,'泾阳县',0,'',0,'yx','陕西省咸阳市泾阳县',3,0),(2553,2547,'乾县',0,'',0,'qx','陕西省咸阳市乾县',3,0),(2554,2547,'礼泉县',0,'',0,'lqx','陕西省咸阳市礼泉县',3,0),(2555,2547,'永寿县',0,'',0,'ysx','陕西省咸阳市永寿县',3,0),(2556,2547,'彬县',0,'',0,'bx','陕西省咸阳市彬县',3,0),(2557,2547,'长武县',0,'',0,'cwx','陕西省咸阳市长武县',3,0),(2558,2547,'旬邑县',0,'',0,'xyx','陕西省咸阳市旬邑县',3,0),(2559,2547,'淳化县',0,'',0,'chx','陕西省咸阳市淳化县',3,0),(2560,2547,'武功县',0,'',0,'wgx','陕西省咸阳市武功县',3,0),(2561,2547,'兴平市',0,'',0,'xps','陕西省咸阳市兴平市',3,0),(2562,2471,'延安',0,'y',0,'yanan','陕西省延安市',2,0),(2563,2562,'宝塔区',0,'',0,'yananbtq/','陕西省延安市宝塔区',3,0),(2564,2562,'延长县',0,'',0,'yananycx/','陕西省延安市延长县',3,0),(2565,2562,'延川县',0,'',0,'yananycx/','陕西省延安市延川县',3,0),(2566,2562,'子长县',0,'',0,'yananzcx/','陕西省延安市子长县',3,0),(2567,2562,'安塞县',0,'',0,'yananasx/','陕西省延安市安塞县',3,0),(2568,2562,'志丹县',0,'',0,'yananzdx/','陕西省延安市志丹县',3,0),(2569,2562,'吴旗县',0,'',0,'yananwqx/','陕西省延安市吴旗县',3,0),(2570,2562,'甘泉县',0,'',0,'yanangqx/','陕西省延安市甘泉县',3,0),(2571,2562,'富县',0,'',0,'yananfx/','陕西省延安市富县',3,0),(2572,2562,'洛川县',0,'',0,'yananlcx/','陕西省延安市洛川县',3,0),(2573,2562,'宜川县',0,'',0,'yananycx/','陕西省延安市宜川县',3,0),(2574,2562,'黄龙县',0,'',0,'yananhlx/','陕西省延安市黄龙县',3,0),(2575,2562,'黄陵县',0,'',0,'yananhlx/','陕西省延安市黄陵县',3,0),(2576,2471,'榆林',0,'y',0,'yl','陕西省榆林市',2,0),(2577,2576,'榆阳区',0,'',0,'yyq','陕西省榆林市榆阳区',3,0),(2578,2576,'神木县',0,'',0,'smx','陕西省榆林市神木县',3,0),(2579,2576,'府谷县',0,'',0,'fgx','陕西省榆林市府谷县',3,0),(2580,2576,'横山县',0,'',0,'hsx','陕西省榆林市横山县',3,0),(2581,2576,'靖边县',0,'',0,'jbx','陕西省榆林市靖边县',3,0),(2582,2576,'定边县',0,'',0,'dbx','陕西省榆林市定边县',3,0),(2583,2576,'绥德县',0,'',0,'sdx','陕西省榆林市绥德县',3,0),(2584,2576,'米脂县',0,'',0,'mzx','陕西省榆林市米脂县',3,0),(2585,2576,'佳县',0,'',0,'jx','陕西省榆林市佳县',3,0),(2586,2576,'吴堡县',0,'',0,'wbx','陕西省榆林市吴堡县',3,0),(2587,2576,'清涧县',0,'',0,'qjx','陕西省榆林市清涧县',3,0),(2588,2576,'子洲县',0,'',0,'zzx','陕西省榆林市子洲县',3,0),(2589,0,'四川',0,'',0,'','',1,0),(2590,2589,'成都',0,'c',0,'cd','四川省成都市',2,0),(2591,2590,'锦江区',0,'',0,'jjq','四川省成都市锦江区',3,0),(2592,2590,'青羊区',0,'',0,'qyq','四川省成都市青羊区',3,0),(2593,2590,'金牛区',0,'',0,'jnq','四川省成都市金牛区',3,0),(2594,2590,'武侯区',0,'',0,'whq','四川省成都市武侯区',3,0),(2595,2590,'成华区',0,'',0,'chq','四川省成都市成华区',3,0),(2596,2590,'龙泉驿区',0,'',0,'lqq','四川省成都市龙泉驿区',3,0),(2597,2590,'青白江区',0,'',0,'qbjq','四川省成都市青白江区',3,0),(2598,2590,'新都区',0,'',0,'xdq','四川省成都市新都区',3,0),(2599,2590,'温江区',0,'',0,'wjq','四川省成都市温江区',3,0),(2600,2590,'金堂县',0,'',0,'jtx','四川省成都市金堂县',3,0),(2601,2590,'双流县',0,'',0,'slx','四川省成都市双流县',3,0),(2602,2590,'郫县',0,'',0,'x','四川省成都市郫县',3,0),(2603,2590,'大邑县',0,'',0,'dyx','四川省成都市大邑县',3,0),(2604,2590,'蒲江县',0,'',0,'pjx','四川省成都市蒲江县',3,0),(2605,2590,'新津县',0,'',0,'xjx','四川省成都市新津县',3,0),(2606,2590,'都江堰市',0,'',0,'djys','四川省成都市都江堰市',3,0),(2607,2590,'彭州市',0,'',0,'pzs','四川省成都市彭州市',3,0),(2608,2590,'邛崃市',0,'',0,'s','四川省成都市邛崃市',3,0),(2609,2590,'崇州市',0,'',0,'czs','四川省成都市崇州市',3,0),(2610,2589,'阿坝',0,'a',0,'ab','四川省阿坝藏族羌族自治州',2,0),(2611,2610,'汶川县',0,'',0,'cx','四川省阿坝藏族羌族自治州汶川县',3,0),(2612,2610,'理县',0,'',0,'lx','四川省阿坝藏族羌族自治州理县',3,0),(2613,2610,'茂县',0,'',0,'mx','四川省阿坝藏族羌族自治州茂县',3,0),(2614,2610,'松潘县',0,'',0,'spx','四川省阿坝藏族羌族自治州松潘县',3,0),(2615,2610,'九寨沟县',0,'',0,'jzgx','四川省阿坝藏族羌族自治州九寨沟县',3,0),(2616,2610,'金川县',0,'',0,'jcx','四川省阿坝藏族羌族自治州金川县',3,0),(2617,2610,'小金县',0,'',0,'xjx','四川省阿坝藏族羌族自治州小金县',3,0),(2618,2610,'黑水县',0,'',0,'hsx','四川省阿坝藏族羌族自治州黑水县',3,0),(2619,2610,'马尔康县',0,'',0,'mekx','四川省阿坝藏族羌族自治州马尔康县',3,0),(2620,2610,'壤塘县',0,'',0,'rtx','四川省阿坝藏族羌族自治州壤塘县',3,0),(2621,2610,'阿坝县',0,'',0,'abx','四川省阿坝藏族羌族自治州阿坝县',3,0),(2622,2610,'若尔盖县',0,'',0,'regx','四川省阿坝藏族羌族自治州若尔盖县',3,0),(2623,2610,'红原县',0,'',0,'hyx','四川省阿坝藏族羌族自治州红原县',3,0),(2624,2589,'巴中',0,'b',0,'bazhong','四川省巴中市',2,0),(2625,2624,'巴州区',0,'',0,'bzq','四川省巴中市巴州区',3,0),(2626,2624,'通江县',0,'',0,'tjx','四川省巴中市通江县',3,0),(2627,2624,'南江县',0,'',0,'njx','四川省巴中市南江县',3,0),(2628,2624,'平昌县',0,'',0,'pcx','四川省巴中市平昌县',3,0),(2629,2589,'达州',0,'d',0,'dazhou','四川省达州市',2,0),(2630,2629,'通川区',0,'',0,'tcq','四川省达州市通川区',3,0),(2631,2629,'达县',0,'',0,'dx','四川省达州市达县',3,0),(2632,2629,'宣汉县',0,'',0,'xhx','四川省达州市宣汉县',3,0),(2633,2629,'开江县',0,'',0,'kjx','四川省达州市开江县',3,0),(2634,2629,'大竹县',0,'',0,'dzx','四川省达州市大竹县',3,0),(2635,2629,'渠县',0,'',0,'qx','四川省达州市渠县',3,0),(2636,2629,'万源市',0,'',0,'wys','四川省达州市万源市',3,0),(2637,2589,'德阳',0,'d',0,'deyang','四川省德阳市',2,0),(2638,2637,'旌阳区',0,'',0,'yq','四川省德阳市旌阳区',3,0),(2639,2637,'中江县',0,'',0,'zjx','四川省德阳市中江县',3,0),(2640,2637,'罗江县',0,'',0,'ljx','四川省德阳市罗江县',3,0),(2641,2637,'广汉市',0,'',0,'ghs','四川省德阳市广汉市',3,0),(2642,2637,'什邡市',0,'',0,'ss','四川省德阳市什邡市',3,0),(2643,2637,'绵竹市',0,'',0,'mzs','四川省德阳市绵竹市',3,0),(2644,2589,'甘孜',0,'g',0,'ganzi','四川省甘孜藏族自治州',2,0),(2645,2644,'康定县',0,'',0,'kdx','四川省甘孜藏族自治州康定县',3,0),(2646,2644,'泸定县',0,'',0,'dx','四川省甘孜藏族自治州泸定县',3,0),(2647,2644,'丹巴县',0,'',0,'dbx','四川省甘孜藏族自治州丹巴县',3,0),(2648,2644,'九龙县',0,'',0,'jlx','四川省甘孜藏族自治州九龙县',3,0),(2649,2644,'雅江县',0,'',0,'yjx','四川省甘孜藏族自治州雅江县',3,0),(2650,2644,'道孚县',0,'',0,'dx','四川省甘孜藏族自治州道孚县',3,0),(2651,2644,'炉霍县',0,'',0,'lhx','四川省甘孜藏族自治州炉霍县',3,0),(2652,2644,'甘孜县',0,'',0,'gzx','四川省甘孜藏族自治州甘孜县',3,0),(2653,2644,'新龙县',0,'',0,'xlx','四川省甘孜藏族自治州新龙县',3,0),(2654,2644,'德格县',0,'',0,'dgx','四川省甘孜藏族自治州德格县',3,0),(2655,2644,'白玉县',0,'',0,'byx','四川省甘孜藏族自治州白玉县',3,0),(2656,2644,'石渠县',0,'',0,'sqx','四川省甘孜藏族自治州石渠县',3,0),(2657,2644,'色达县',0,'',0,'sdx','四川省甘孜藏族自治州色达县',3,0),(2658,2644,'理塘县',0,'',0,'ltx','四川省甘孜藏族自治州理塘县',3,0),(2659,2644,'巴塘县',0,'',0,'btx','四川省甘孜藏族自治州巴塘县',3,0),(2660,2644,'乡城县',0,'',0,'xcx','四川省甘孜藏族自治州乡城县',3,0),(2661,2644,'稻城县',0,'',0,'dcx','四川省甘孜藏族自治州稻城县',3,0),(2662,2644,'得荣县',0,'',0,'drx','四川省甘孜藏族自治州得荣县',3,0),(2663,2589,'广安',0,'g',0,'ga','四川省广安市',2,0),(2664,2663,'广安区',0,'',0,'gaq','四川省广安市广安区',3,0),(2665,2663,'岳池县',0,'',0,'ycx','四川省广安市岳池县',3,0),(2666,2663,'武胜县',0,'',0,'wsx','四川省广安市武胜县',3,0),(2667,2663,'邻水县',0,'',0,'lsx','四川省广安市邻水县',3,0),(2668,2663,'华莹市',0,'',0,'hys','四川省广安市华莹市',3,0),(2669,2589,'广元',0,'g',0,'guangyuan','四川省广元市',2,0),(2670,2669,'市中区',0,'',0,'szq','四川省广元市市中区',3,0),(2671,2669,'元坝区',0,'',0,'ybq','四川省广元市元坝区',3,0),(2672,2669,'朝天区',0,'',0,'ctq','四川省广元市朝天区',3,0),(2673,2669,'旺苍县',0,'',0,'wcx','四川省广元市旺苍县',3,0),(2674,2669,'青川县',0,'',0,'qcx','四川省广元市青川县',3,0),(2675,2669,'剑阁县',0,'',0,'jgx','四川省广元市剑阁县',3,0),(2676,2669,'苍溪县',0,'',0,'cxx','四川省广元市苍溪县',3,0),(2677,2589,'乐山',0,'l',0,'ls','四川省乐山市',2,0),(2678,2677,'市中区',0,'',0,'szq','四川省乐山市市中区',3,0),(2679,2677,'沙湾区',0,'',0,'swq','四川省乐山市沙湾区',3,0),(2680,2677,'五通桥区',0,'',0,'wtqq','四川省乐山市五通桥区',3,0),(2681,2677,'金口河区',0,'',0,'jkhq','四川省乐山市金口河区',3,0),(2682,2677,'犍为县',0,'',0,'wx','四川省乐山市犍为县',3,0),(2683,2677,'井研县',0,'',0,'jyx','四川省乐山市井研县',3,0),(2684,2677,'夹江县',0,'',0,'jjx','四川省乐山市夹江县',3,0),(2685,2677,'沐川县',0,'',0,'cx','四川省乐山市沐川县',3,0),(2686,2677,'峨边彝族自治县',0,'',0,'ebyzzzx','四川省乐山市峨边彝族自治县',3,0),(2687,2677,'马边彝族自治县',0,'',0,'mbyzzzx','四川省乐山市马边彝族自治县',3,0),(2688,2677,'峨眉山市',0,'',0,'emss','四川省乐山市峨眉山市',3,0),(2689,2589,'凉山',0,'l',0,'liangshan','四川省凉山彝族自治州',2,0),(2690,2689,'西昌市',0,'',0,'xcs','四川省凉山彝族自治州西昌市',3,0),(2691,2689,'木里藏族自治县',0,'',0,'mlczzzx','四川省凉山彝族自治州木里藏族自治县',3,0),(2692,2689,'盐源县',0,'',0,'yyx','四川省凉山彝族自治州盐源县',3,0),(2693,2689,'德昌县',0,'',0,'dcx','四川省凉山彝族自治州德昌县',3,0),(2694,2689,'会理县',0,'',0,'hlx','四川省凉山彝族自治州会理县',3,0),(2695,2689,'会东县',0,'',0,'hdx','四川省凉山彝族自治州会东县',3,0),(2696,2689,'宁南县',0,'',0,'nnx','四川省凉山彝族自治州宁南县',3,0),(2697,2689,'普格县',0,'',0,'pgx','四川省凉山彝族自治州普格县',3,0),(2698,2689,'布拖县',0,'',0,'btx','四川省凉山彝族自治州布拖县',3,0),(2699,2689,'金阳县',0,'',0,'jyx','四川省凉山彝族自治州金阳县',3,0),(2700,2689,'昭觉县',0,'',0,'zjx','四川省凉山彝族自治州昭觉县',3,0),(2701,2689,'喜德县',0,'',0,'xdx','四川省凉山彝族自治州喜德县',3,0),(2702,2689,'冕宁县',0,'',0,'mnx','四川省凉山彝族自治州冕宁县',3,0),(2703,2689,'越西县',0,'',0,'yxx','四川省凉山彝族自治州越西县',3,0),(2704,2689,'甘洛县',0,'',0,'glx','四川省凉山彝族自治州甘洛县',3,0),(2705,2689,'美姑县',0,'',0,'mgx','四川省凉山彝族自治州美姑县',3,0),(2706,2689,'雷波县',0,'',0,'lbx','四川省凉山彝族自治州雷波县',3,0),(2707,2589,'泸州',0,'l',0,'luzhou','四川省泸州市',2,0),(2708,2707,'江阳区',0,'',0,'jyq','四川省泸州市江阳区',3,0),(2709,2707,'纳溪区',0,'',0,'nxq','四川省泸州市纳溪区',3,0),(2710,2707,'龙马潭区',0,'',0,'lmtq','四川省泸州市龙马潭区',3,0),(2711,2707,'泸县',0,'',0,'x','四川省泸州市泸县',3,0),(2712,2707,'合江县',0,'',0,'hjx','四川省泸州市合江县',3,0),(2713,2707,'叙永县',0,'',0,'xyx','四川省泸州市叙永县',3,0),(2714,2707,'古蔺县',0,'',0,'gx','四川省泸州市古蔺县',3,0),(2715,2589,'眉山',0,'m',0,'ms','四川省眉山市',2,0),(2716,2715,'东坡区',0,'',0,'dpq','四川省眉山市东坡区',3,0),(2717,2715,'仁寿县',0,'',0,'rsx','四川省眉山市仁寿县',3,0),(2718,2715,'彭山县',0,'',0,'psx','四川省眉山市彭山县',3,0),(2719,2715,'洪雅县',0,'',0,'hyx','四川省眉山市洪雅县',3,0),(2720,2715,'丹棱县',0,'',0,'dlx','四川省眉山市丹棱县',3,0),(2721,2715,'青神县',0,'',0,'qsx','四川省眉山市青神县',3,0),(2722,2589,'绵阳',0,'m',0,'mianyang','四川省绵阳市',2,0),(2723,2722,'涪城区',0,'',0,'fcq','四川省绵阳市涪城区',3,0),(2724,2722,'游仙区',0,'',0,'yxq','四川省绵阳市游仙区',3,0),(2725,2722,'三台县',0,'',0,'stx','四川省绵阳市三台县',3,0),(2726,2722,'盐亭县',0,'',0,'ytx','四川省绵阳市盐亭县',3,0),(2727,2722,'安县',0,'',0,'ax','四川省绵阳市安县',3,0),(2728,2722,'梓潼县',0,'',0,'x','四川省绵阳市梓潼县',3,0),(2729,2722,'北川羌族自治县',0,'',0,'bcqzzzx','四川省绵阳市北川羌族自治县',3,0),(2730,2722,'平武县',0,'',0,'pwx','四川省绵阳市平武县',3,0),(2731,2722,'江油市',0,'',0,'jys','四川省绵阳市江油市',3,0),(2732,2589,'内江',0,'n',0,'neijiang','四川省内江市',2,0),(2733,2732,'市中区',0,'',0,'szq','四川省内江市市中区',3,0),(2734,2732,'东兴区',0,'',0,'dxq','四川省内江市东兴区',3,0),(2735,2732,'威远县',0,'',0,'wyx','四川省内江市威远县',3,0),(2736,2732,'资中县',0,'',0,'zzx','四川省内江市资中县',3,0),(2737,2732,'隆昌县',0,'',0,'lcx','四川省内江市隆昌县',3,0),(2738,2589,'南充',0,'n',0,'nanchong','四川省南充市',2,0),(2739,2738,'顺庆区',0,'',0,'sqq','四川省南充市顺庆区',3,0),(2740,2738,'高坪区',0,'',0,'gpq','四川省南充市高坪区',3,0),(2741,2738,'嘉陵区',0,'',0,'jlq','四川省南充市嘉陵区',3,0),(2742,2738,'南部县',0,'',0,'nbx','四川省南充市南部县',3,0),(2743,2738,'营山县',0,'',0,'ysx','四川省南充市营山县',3,0),(2744,2738,'蓬安县',0,'',0,'pax','四川省南充市蓬安县',3,0),(2745,2738,'仪陇县',0,'',0,'ylx','四川省南充市仪陇县',3,0),(2746,2738,'西充县',0,'',0,'xcx','四川省南充市西充县',3,0),(2747,2738,'阆中市',0,'',0,'zs','四川省南充市阆中市',3,0),(2748,2589,'攀枝花',0,'p',0,'pzh','四川省攀枝花市',2,0),(2749,2748,'东区',0,'',0,'dq','四川省攀枝花市东区',3,0),(2750,2748,'西区',0,'',0,'xq','四川省攀枝花市西区',3,0),(2751,2748,'仁和区',0,'',0,'rhq','四川省攀枝花市仁和区',3,0),(2752,2748,'米易县',0,'',0,'myx','四川省攀枝花市米易县',3,0),(2753,2748,'盐边县',0,'',0,'ybx','四川省攀枝花市盐边县',3,0),(2754,2589,'遂宁',0,'s',0,'suining','四川省遂宁市',2,0),(2755,2754,'船山区',0,'',0,'csq','四川省遂宁市船山区',3,0),(2756,2754,'安居区',0,'',0,'ajq','四川省遂宁市安居区',3,0),(2757,2754,'蓬溪县',0,'',0,'pxx','四川省遂宁市蓬溪县',3,0),(2758,2754,'射洪县',0,'',0,'shx','四川省遂宁市射洪县',3,0),(2759,2754,'大英县',0,'',0,'dyx','四川省遂宁市大英县',3,0),(2760,2589,'雅安',0,'y',0,'ya','四川省雅安市',2,0),(2761,2760,'雨城区',0,'',0,'ycq','四川省雅安市雨城区',3,0),(2762,2760,'名山县',0,'',0,'msx','四川省雅安市名山县',3,0),(2763,2760,'荥经县',0,'',0,'jx','四川省雅安市荥经县',3,0),(2764,2760,'汉源县',0,'',0,'hyx','四川省雅安市汉源县',3,0),(2765,2760,'石棉县',0,'',0,'smx','四川省雅安市石棉县',3,0),(2766,2760,'天全县',0,'',0,'tqx','四川省雅安市天全县',3,0),(2767,2760,'芦山县',0,'',0,'lsx','四川省雅安市芦山县',3,0),(2768,2760,'宝兴县',0,'',0,'bxx','四川省雅安市宝兴县',3,0),(2769,2589,'宜宾',0,'y',0,'yb','四川省宜宾市',2,0),(2770,2769,'翠屏区',0,'',0,'cpq','四川省宜宾市翠屏区',3,0),(2771,2769,'宜宾县',0,'',0,'ybx','四川省宜宾市宜宾县',3,0),(2772,2769,'南溪县',0,'',0,'nxx','四川省宜宾市南溪县',3,0),(2773,2769,'江安县',0,'',0,'jax','四川省宜宾市江安县',3,0),(2774,2769,'长宁县',0,'',0,'cnx','四川省宜宾市长宁县',3,0),(2775,2769,'高县',0,'',0,'gx','四川省宜宾市高县',3,0),(2776,2769,'珙县',0,'',0,'x','四川省宜宾市珙县',3,0),(2777,2769,'筠连县',0,'',0,'lx','四川省宜宾市筠连县',3,0),(2778,2769,'兴文县',0,'',0,'xwx','四川省宜宾市兴文县',3,0),(2779,2769,'屏山县',0,'',0,'psx','四川省宜宾市屏山县',3,0),(2780,2589,'资阳',0,'z',0,'zy','四川省资阳市',2,0),(2781,2780,'雁江区',0,'',0,'yjq','四川省资阳市雁江区',3,0),(2782,2780,'安岳县',0,'',0,'ayx','四川省资阳市安岳县',3,0),(2783,2780,'乐至县',0,'',0,'lzx','四川省资阳市乐至县',3,0),(2784,2780,'简阳市',0,'',0,'jys','四川省资阳市简阳市',3,0),(2785,2589,'自贡',0,'z',0,'zg','四川省自贡市',2,0),(2786,2785,'自流井区',0,'',0,'zljq','四川省自贡市自流井区',3,0),(2787,2785,'贡井区',0,'',0,'gjq','四川省自贡市贡井区',3,0),(2788,2785,'大安区',0,'',0,'daq','四川省自贡市大安区',3,0),(2789,2785,'沿滩区',0,'',0,'ytq','四川省自贡市沿滩区',3,0),(2790,2785,'荣县',0,'',0,'rx','四川省自贡市荣县',3,0),(2791,2785,'富顺县',0,'',0,'fsx','四川省自贡市富顺县',3,0),(2792,0,'西藏',0,'',0,'','',1,0),(2793,2792,'拉萨',0,'l',0,'lasa','西藏拉萨市',2,0),(2794,2793,'城关区',0,'',0,'cgq','西藏拉萨市城关区',3,0),(2795,2793,'林周县',0,'',0,'lzx','西藏拉萨市林周县',3,0),(2796,2793,'当雄县',0,'',0,'dxx','西藏拉萨市当雄县',3,0),(2797,2793,'尼木县',0,'',0,'nmx','西藏拉萨市尼木县',3,0),(2798,2793,'曲水县',0,'',0,'qsx','西藏拉萨市曲水县',3,0),(2799,2793,'堆龙德庆县',0,'',0,'dldqx','西藏拉萨市堆龙德庆县',3,0),(2800,2793,'达孜县',0,'',0,'dzx','西藏拉萨市达孜县',3,0),(2801,2793,'墨竹工卡县',0,'',0,'mzgkx','西藏拉萨市墨竹工卡县',3,0),(2802,2792,'阿里',0,'a',0,'al','西藏阿里地区',2,0),(2803,2802,'普兰县',0,'',0,'plx','西藏阿里地区普兰县',3,0),(2804,2802,'札达县',0,'',0,'zdx','西藏阿里地区札达县',3,0),(2805,2802,'噶尔县',0,'',0,'gex','西藏阿里地区噶尔县',3,0),(2806,2802,'日土县',0,'',0,'rtx','西藏阿里地区日土县',3,0),(2807,2802,'革吉县',0,'',0,'gjx','西藏阿里地区革吉县',3,0),(2808,2802,'改则县',0,'',0,'gzx','西藏阿里地区改则县',3,0),(2809,2802,'措勤县',0,'',0,'cqx','西藏阿里地区措勤县',3,0),(2810,2792,'昌都',0,'c',0,'changdu','西藏昌都地区',2,0),(2811,2810,'昌都县',0,'',0,'cdx','西藏昌都地区昌都县',3,0),(2812,2810,'江达县',0,'',0,'jdx','西藏昌都地区江达县',3,0),(2813,2810,'贡觉县',0,'',0,'gjx','西藏昌都地区贡觉县',3,0),(2814,2810,'类乌齐县',0,'',0,'lwqx','西藏昌都地区类乌齐县',3,0),(2815,2810,'丁青县',0,'',0,'dqx','西藏昌都地区丁青县',3,0),(2816,2810,'察雅县',0,'',0,'cyx','西藏昌都地区察雅县',3,0),(2817,2810,'八宿县',0,'',0,'bsx','西藏昌都地区八宿县',3,0),(2818,2810,'左贡县',0,'',0,'zgx','西藏昌都地区左贡县',3,0),(2819,2810,'芒康县',0,'',0,'mkx','西藏昌都地区芒康县',3,0),(2820,2810,'洛隆县',0,'',0,'llx','西藏昌都地区洛隆县',3,0),(2821,2810,'边坝县',0,'',0,'bbx','西藏昌都地区边坝县',3,0),(2822,2792,'林芝',0,'l',0,'linzhi','西藏林芝地区',2,0),(2823,2822,'林芝县',0,'',0,'lzx','西藏林芝地区林芝县',3,0),(2824,2822,'工布江达县',0,'',0,'gbjdx','西藏林芝地区工布江达县',3,0),(2825,2822,'米林县',0,'',0,'mlx','西藏林芝地区米林县',3,0),(2826,2822,'墨脱县',0,'',0,'mtx','西藏林芝地区墨脱县',3,0),(2827,2822,'波密县',0,'',0,'bmx','西藏林芝地区波密县',3,0),(2828,2822,'察隅县',0,'',0,'cyx','西藏林芝地区察隅县',3,0),(2829,2822,'朗县',0,'',0,'lx','西藏林芝地区朗县',3,0),(2830,2792,'那曲',0,'n',0,'nq','西藏那曲地区',2,0),(2831,2830,'那曲县',0,'',0,'nqx','西藏那曲地区那曲县',3,0),(2832,2830,'嘉黎县',0,'',0,'jlx','西藏那曲地区嘉黎县',3,0),(2833,2830,'比如县',0,'',0,'brx','西藏那曲地区比如县',3,0),(2834,2830,'聂荣县',0,'',0,'nrx','西藏那曲地区聂荣县',3,0),(2835,2830,'安多县',0,'',0,'adx','西藏那曲地区安多县',3,0),(2836,2830,'申扎县',0,'',0,'szx','西藏那曲地区申扎县',3,0),(2837,2830,'索县',0,'',0,'sx','西藏那曲地区索县',3,0),(2838,2830,'班戈县',0,'',0,'bgx','西藏那曲地区班戈县',3,0),(2839,2830,'巴青县',0,'',0,'bqx','西藏那曲地区巴青县',3,0),(2840,2830,'尼玛县',0,'',0,'nmx','西藏那曲地区尼玛县',3,0),(2841,2792,'日喀则',0,'r',0,'rkz','西藏日喀则地区',2,0),(2842,2841,'日喀则市',0,'',0,'rkzs','西藏日喀则地区日喀则市',3,0),(2843,2841,'南木林县',0,'',0,'nmlx','西藏日喀则地区南木林县',3,0),(2844,2841,'江孜县',0,'',0,'jzx','西藏日喀则地区江孜县',3,0),(2845,2841,'定日县',0,'',0,'drx','西藏日喀则地区定日县',3,0),(2846,2841,'萨迦县',0,'',0,'sx','西藏日喀则地区萨迦县',3,0),(2847,2841,'拉孜县',0,'',0,'lzx','西藏日喀则地区拉孜县',3,0),(2848,2841,'昂仁县',0,'',0,'arx','西藏日喀则地区昂仁县',3,0),(2849,2841,'谢通门县',0,'',0,'xtmx','西藏日喀则地区谢通门县',3,0),(2850,2841,'白朗县',0,'',0,'blx','西藏日喀则地区白朗县',3,0),(2851,2841,'仁布县',0,'',0,'rbx','西藏日喀则地区仁布县',3,0),(2852,2841,'康马县',0,'',0,'kmx','西藏日喀则地区康马县',3,0),(2853,2841,'定结县',0,'',0,'djx','西藏日喀则地区定结县',3,0),(2854,2841,'仲巴县',0,'',0,'zbx','西藏日喀则地区仲巴县',3,0),(2855,2841,'亚东县',0,'',0,'ydx','西藏日喀则地区亚东县',3,0),(2856,2841,'吉隆县',0,'',0,'jlx','西藏日喀则地区吉隆县',3,0),(2857,2841,'聂拉木县',0,'',0,'nlmx','西藏日喀则地区聂拉木县',3,0),(2858,2841,'萨嘎县',0,'',0,'sgx','西藏日喀则地区萨嘎县',3,0),(2859,2841,'岗巴县',0,'',0,'gbx','西藏日喀则地区岗巴县',3,0),(2860,2792,'山南',0,'s',0,'sn','西藏山南地区',2,0),(2861,2860,'乃东县',0,'',0,'ndx','西藏山南地区乃东县',3,0),(2862,2860,'扎囊县',0,'',0,'znx','西藏山南地区扎囊县',3,0),(2863,2860,'贡嘎县',0,'',0,'ggx','西藏山南地区贡嘎县',3,0),(2864,2860,'桑日县',0,'',0,'srx','西藏山南地区桑日县',3,0),(2865,2860,'琼结县',0,'',0,'qjx','西藏山南地区琼结县',3,0),(2866,2860,'曲松县',0,'',0,'qsx','西藏山南地区曲松县',3,0),(2867,2860,'措美县',0,'',0,'cmx','西藏山南地区措美县',3,0),(2868,2860,'洛扎县',0,'',0,'lzx','西藏山南地区洛扎县',3,0),(2869,2860,'加查县',0,'',0,'jcx','西藏山南地区加查县',3,0),(2870,2860,'隆子县',0,'',0,'lzx','西藏山南地区隆子县',3,0),(2871,2860,'错那县',0,'',0,'cnx','西藏山南地区错那县',3,0),(2872,2860,'浪卡子县',0,'',0,'lkzx','西藏山南地区浪卡子县',3,0),(2873,0,'新疆',0,'',0,'','',1,0),(2874,2873,'乌鲁木齐',0,'w',0,'wlmq','新疆乌鲁木齐市',2,0),(2875,2874,'天山区',0,'',0,'tsq','新疆乌鲁木齐市天山区',3,0),(2876,2874,'沙依巴克区',0,'',0,'sybkq','新疆乌鲁木齐市沙依巴克区',3,0),(2877,2874,'新市区',0,'',0,'xsq','新疆乌鲁木齐市新市区',3,0),(2878,2874,'水磨沟区',0,'',0,'smgq','新疆乌鲁木齐市水磨沟区',3,0),(2879,2874,'头屯河区',0,'',0,'tthq','新疆乌鲁木齐市头屯河区',3,0),(2880,2874,'达坂城区',0,'',0,'dcq','新疆乌鲁木齐市达坂城区',3,0),(2881,2874,'东山区',0,'',0,'dsq','新疆乌鲁木齐市东山区',3,0),(2882,2874,'乌鲁木齐县',0,'',0,'wlmqx','新疆乌鲁木齐市乌鲁木齐县',3,0),(2883,2873,'阿克苏',0,'a',0,'aks','新疆阿克苏地区',2,0),(2884,2883,'阿克苏市',0,'',0,'akss','新疆阿克苏地区阿克苏市',3,0),(2885,2883,'温宿县',0,'',0,'wsx','新疆阿克苏地区温宿县',3,0),(2886,2883,'库车县',0,'',0,'kcx','新疆阿克苏地区库车县',3,0),(2887,2883,'沙雅县',0,'',0,'syx','新疆阿克苏地区沙雅县',3,0),(2888,2883,'新和县',0,'',0,'xhx','新疆阿克苏地区新和县',3,0),(2889,2883,'拜城县',0,'',0,'bcx','新疆阿克苏地区拜城县',3,0),(2890,2883,'乌什县',0,'',0,'wsx','新疆阿克苏地区乌什县',3,0),(2891,2883,'阿瓦提县',0,'',0,'awtx','新疆阿克苏地区阿瓦提县',3,0),(2892,2883,'柯坪县',0,'',0,'kpx','新疆阿克苏地区柯坪县',3,0),(2893,2873,'阿拉尔',0,'a',0,'ale','新疆阿拉尔市',2,0),(2894,2873,'阿勒泰',0,'a',0,'alt','新疆阿勒泰地区',2,0),(2895,2894,'阿勒泰市',0,'',0,'alts','新疆阿勒泰地区阿勒泰市',3,0),(2896,2894,'布尔津县',0,'',0,'bejx','新疆阿勒泰地区布尔津县',3,0),(2897,2894,'富蕴县',0,'',0,'fyx','新疆阿勒泰地区富蕴县',3,0),(2898,2894,'福海县',0,'',0,'fhx','新疆阿勒泰地区福海县',3,0),(2899,2894,'哈巴河县',0,'',0,'hbhx','新疆阿勒泰地区哈巴河县',3,0),(2900,2894,'青河县',0,'',0,'qhx','新疆阿勒泰地区青河县',3,0),(2901,2894,'吉木乃县',0,'',0,'jmnx','新疆阿勒泰地区吉木乃县',3,0),(2902,2873,'巴音郭楞',0,'b',0,'bygl','新疆巴音郭楞蒙古自治州',2,0),(2903,2902,'库尔勒市',0,'',0,'kels','新疆巴音郭楞蒙古自治州库尔勒市',3,0),(2904,2902,'轮台县',0,'',0,'ltx','新疆巴音郭楞蒙古自治州轮台县',3,0),(2905,2902,'尉犁县',0,'',0,'wlx','新疆巴音郭楞蒙古自治州尉犁县',3,0),(2906,2902,'若羌县',0,'',0,'rqx','新疆巴音郭楞蒙古自治州若羌县',3,0),(2907,2902,'且末县',0,'',0,'qmx','新疆巴音郭楞蒙古自治州且末县',3,0),(2908,2902,'焉耆回族自治县',0,'',0,'yhzzzx','新疆巴音郭楞蒙古自治州焉耆回族自治县',3,0),(2909,2902,'和静县',0,'',0,'hjx','新疆巴音郭楞蒙古自治州和静县',3,0),(2910,2902,'和硕县',0,'',0,'hsx','新疆巴音郭楞蒙古自治州和硕县',3,0),(2911,2902,'博湖县',0,'',0,'bhx','新疆巴音郭楞蒙古自治州博湖县',3,0),(2912,2873,'博尔塔拉',0,'b',0,'betl','新疆博尔塔拉蒙古自治州',2,0),(2913,2912,'博乐市',0,'',0,'bls','新疆博尔塔拉蒙古自治州博乐市',3,0),(2914,2912,'精河县',0,'',0,'jhx','新疆博尔塔拉蒙古自治州精河县',3,0),(2915,2912,'温泉县',0,'',0,'wqx','新疆博尔塔拉蒙古自治州温泉县',3,0),(2916,2873,'昌吉',0,'c',0,'changji','新疆昌吉回族自治州',2,0),(2917,2916,'昌吉市',0,'',0,'cjs','新疆昌吉回族自治州昌吉市',3,0),(2918,2916,'阜康市',0,'',0,'fks','新疆昌吉回族自治州阜康市',3,0),(2919,2916,'米泉市',0,'',0,'mqs','新疆昌吉回族自治州米泉市',3,0),(2920,2916,'呼图壁县',0,'',0,'htbx','新疆昌吉回族自治州呼图壁县',3,0),(2921,2916,'玛纳斯县',0,'',0,'mnsx','新疆昌吉回族自治州玛纳斯县',3,0),(2922,2916,'奇台县',0,'',0,'qtx','新疆昌吉回族自治州奇台县',3,0),(2923,2916,'吉木萨尔县',0,'',0,'jmsex','新疆昌吉回族自治州吉木萨尔县',3,0),(2924,2916,'木垒哈萨克自治县',0,'',0,'mlhskzzx','新疆昌吉回族自治州木垒哈萨克自治县',3,0),(2925,2873,'哈密',0,'h',0,'hami','新疆哈密地区',2,0),(2926,2925,'哈密市',0,'',0,'hms','新疆哈密地区哈密市',3,0),(2927,2925,'巴里坤哈萨克自治县',0,'',0,'blkhskzzx','新疆哈密地区巴里坤哈萨克自治县',3,0),(2928,2925,'伊吾县',0,'',0,'ywx','新疆哈密地区伊吾县',3,0),(2929,2873,'和田',0,'h',0,'ht','新疆和田地区',2,0),(2930,2929,'和田市',0,'',0,'hts','新疆和田地区和田市',3,0),(2931,2929,'和田县',0,'',0,'htx','新疆和田地区和田县',3,0),(2932,2929,'墨玉县',0,'',0,'myx','新疆和田地区墨玉县',3,0),(2933,2929,'皮山县',0,'',0,'psx','新疆和田地区皮山县',3,0),(2934,2929,'洛浦县',0,'',0,'lpx','新疆和田地区洛浦县',3,0),(2935,2929,'策勒县',0,'',0,'clx','新疆和田地区策勒县',3,0),(2936,2929,'于田县',0,'',0,'ytx','新疆和田地区于田县',3,0),(2937,2929,'民丰县',0,'',0,'mfx','新疆和田地区民丰县',3,0),(2938,2873,'喀什',0,'k',0,'ks','新疆喀什地区',2,0),(2939,2938,'喀什市',0,'',0,'kss','新疆喀什地区喀什市',3,0),(2940,2938,'疏附县',0,'',0,'sfx','新疆喀什地区疏附县',3,0),(2941,2938,'疏勒县',0,'',0,'slx','新疆喀什地区疏勒县',3,0),(2942,2938,'英吉沙县',0,'',0,'yjsx','新疆喀什地区英吉沙县',3,0),(2943,2938,'泽普县',0,'',0,'zpx','新疆喀什地区泽普县',3,0),(2944,2938,'莎车县',0,'',0,'scx','新疆喀什地区莎车县',3,0),(2945,2938,'叶城县',0,'',0,'ycx','新疆喀什地区叶城县',3,0),(2946,2938,'麦盖提县',0,'',0,'mgtx','新疆喀什地区麦盖提县',3,0),(2947,2938,'岳普湖县',0,'',0,'yphx','新疆喀什地区岳普湖县',3,0),(2948,2938,'伽师县',0,'',0,'sx','新疆喀什地区伽师县',3,0),(2949,2938,'巴楚县',0,'',0,'bcx','新疆喀什地区巴楚县',3,0),(2950,2938,'塔什库尔干塔吉克自治县',0,'',0,'tskegtjkzzx','新疆喀什地区塔什库尔干塔吉克自治县',3,0),(2951,2873,'克拉玛依',0,'k',0,'klmy','新疆克拉玛依市',2,0),(2952,2951,'独山子区',0,'',0,'dszq','新疆克拉玛依市独山子区',3,0),(2953,2951,'克拉玛依区',0,'',0,'klmyq','新疆克拉玛依市克拉玛依区',3,0),(2954,2951,'白碱滩区',0,'',0,'bjtq','新疆克拉玛依市白碱滩区',3,0),(2955,2951,'乌尔禾区',0,'',0,'wehq','新疆克拉玛依市乌尔禾区',3,0),(2956,2873,'克孜勒苏',0,'k',0,'kzls','新疆克孜勒苏柯尔克孜自治州',2,0),(2957,2956,'阿图什市',0,'',0,'atss','新疆克孜勒苏柯尔克孜自治州阿图什市',3,0),(2958,2956,'阿克陶县',0,'',0,'aktx','新疆克孜勒苏柯尔克孜自治州阿克陶县',3,0),(2959,2956,'阿合奇县',0,'',0,'ahqx','新疆克孜勒苏柯尔克孜自治州阿合奇县',3,0),(2960,2956,'乌恰县',0,'',0,'wqx','新疆克孜勒苏柯尔克孜自治州乌恰县',3,0),(2961,2873,'石河子',0,'s',0,'shz','新疆石河子市',2,0),(2962,2873,'塔城',0,'t',0,'tacheng','新疆塔城地区',2,0),(2963,2962,'塔城市',0,'',0,'tcs','新疆塔城地区塔城市',3,0),(2964,2962,'乌苏市',0,'',0,'wss','新疆塔城地区乌苏市',3,0),(2965,2962,'额敏县',0,'',0,'emx','新疆塔城地区额敏县',3,0),(2966,2962,'沙湾县',0,'',0,'swx','新疆塔城地区沙湾县',3,0),(2967,2962,'托里县',0,'',0,'tlx','新疆塔城地区托里县',3,0),(2968,2962,'裕民县',0,'',0,'ymx','新疆塔城地区裕民县',3,0),(2969,2962,'和布克赛尔蒙古自治县',0,'',0,'hbksemgzzx','新疆塔城地区和布克赛尔蒙古自治县',3,0),(2970,2873,'图木舒克',0,'t',0,'tmsk','新疆图木舒克市',2,0),(2971,2873,'吐鲁番',0,'t',0,'tlf','新疆吐鲁番地区',2,0),(2972,2971,'吐鲁番市',0,'',0,'tlfs','新疆吐鲁番地区吐鲁番市',3,0),(2973,2971,'鄯善县',0,'',0,'sx','新疆吐鲁番地区鄯善县',3,0),(2974,2971,'托克逊县',0,'',0,'tkxx','新疆吐鲁番地区托克逊县',3,0),(2975,2873,'五家渠',0,'w',0,'wjq','新疆五家渠市',2,0),(2976,2873,'伊犁',0,'y',0,'yili','新疆伊犁哈萨克自治州',2,0),(2977,2976,'伊宁市',0,'',0,'yns','新疆伊犁哈萨克自治州伊宁市',3,0),(2978,2976,'奎屯市',0,'',0,'kts','新疆伊犁哈萨克自治州奎屯市',3,0),(2979,2976,'伊宁县',0,'',0,'ynx','新疆伊犁哈萨克自治州伊宁县',3,0),(2980,2976,'察布查尔锡伯自治县',0,'',0,'cbcexbzzx','新疆伊犁哈萨克自治州察布查尔锡伯自治县',3,0),(2981,2976,'霍城县',0,'',0,'hcx','新疆伊犁哈萨克自治州霍城县',3,0),(2982,2976,'巩留县',0,'',0,'glx','新疆伊犁哈萨克自治州巩留县',3,0),(2983,2976,'新源县',0,'',0,'xyx','新疆伊犁哈萨克自治州新源县',3,0),(2984,2976,'昭苏县',0,'',0,'zsx','新疆伊犁哈萨克自治州昭苏县',3,0),(2985,2976,'特克斯县',0,'',0,'tksx','新疆伊犁哈萨克自治州特克斯县',3,0),(2986,2976,'尼勒克县',0,'',0,'nlkx','新疆伊犁哈萨克自治州尼勒克县',3,0),(2987,0,'云南',0,'',0,'','',1,0),(2988,2987,'昆明',0,'k',0,'km','云南省昆明市',2,0),(2989,2988,'五华区',0,'',0,'whq','云南省昆明市五华区',3,0),(2990,2988,'盘龙区',0,'',0,'plq','云南省昆明市盘龙区',3,0),(2991,2988,'官渡区',0,'',0,'gdq','云南省昆明市官渡区',3,0),(2992,2988,'西山区',0,'',0,'xsq','云南省昆明市西山区',3,0),(2993,2988,'东川区',0,'',0,'dcq','云南省昆明市东川区',3,0),(2994,2988,'呈贡县',0,'',0,'cgx','云南省昆明市呈贡县',3,0),(2995,2988,'晋宁县',0,'',0,'jnx','云南省昆明市晋宁县',3,0),(2996,2988,'富民县',0,'',0,'fmx','云南省昆明市富民县',3,0),(2997,2988,'宜良县',0,'',0,'ylx','云南省昆明市宜良县',3,0),(2998,2988,'石林彝族自治县',0,'',0,'slyzzzx','云南省昆明市石林彝族自治县',3,0),(2999,2988,'嵩明县',0,'',0,'mx','云南省昆明市嵩明县',3,0),(3000,2988,'禄劝彝族苗族自治县',0,'',0,'lqyzmzzzx','云南省昆明市禄劝彝族苗族自治县',3,0),(3001,2988,'寻甸回族彝族自治县',0,'',0,'xdhzyzzzx','云南省昆明市寻甸回族彝族自治县',3,0),(3002,2988,'安宁市',0,'',0,'ans','云南省昆明市安宁市',3,0),(3003,2987,'保山',0,'b',0,'bs','云南省保山市',2,0),(3004,3003,'隆阳区',0,'',0,'lyq','云南省保山市隆阳区',3,0),(3005,3003,'施甸县',0,'',0,'sdx','云南省保山市施甸县',3,0),(3006,3003,'腾冲县',0,'',0,'tcx','云南省保山市腾冲县',3,0),(3007,3003,'龙陵县',0,'',0,'llx','云南省保山市龙陵县',3,0),(3008,3003,'昌宁县',0,'',0,'cnx','云南省保山市昌宁县',3,0),(3009,2987,'楚雄',0,'c',0,'cx','云南省楚雄彝族自治州',2,0),(3010,3009,'楚雄市',0,'',0,'cxs','云南省楚雄彝族自治州楚雄市',3,0),(3011,3009,'双柏县',0,'',0,'sbx','云南省楚雄彝族自治州双柏县',3,0),(3012,3009,'牟定县',0,'',0,'mdx','云南省楚雄彝族自治州牟定县',3,0),(3013,3009,'南华县',0,'',0,'nhx','云南省楚雄彝族自治州南华县',3,0),(3014,3009,'姚安县',0,'',0,'yax','云南省楚雄彝族自治州姚安县',3,0),(3015,3009,'大姚县',0,'',0,'dyx','云南省楚雄彝族自治州大姚县',3,0),(3016,3009,'永仁县',0,'',0,'yrx','云南省楚雄彝族自治州永仁县',3,0),(3017,3009,'元谋县',0,'',0,'ymx','云南省楚雄彝族自治州元谋县',3,0),(3018,3009,'武定县',0,'',0,'wdx','云南省楚雄彝族自治州武定县',3,0),(3019,3009,'禄丰县',0,'',0,'lfx','云南省楚雄彝族自治州禄丰县',3,0),(3020,2987,'大理',0,'d',0,'dali','云南省大理白族自治州',2,0),(3021,3020,'大理市',0,'',0,'dls','云南省大理白族自治州大理市',3,0),(3022,3020,'漾濞彝族自治县',0,'',0,'yyzzzx','云南省大理白族自治州漾濞彝族自治县',3,0),(3023,3020,'祥云县',0,'',0,'xyx','云南省大理白族自治州祥云县',3,0),(3024,3020,'宾川县',0,'',0,'bcx','云南省大理白族自治州宾川县',3,0),(3025,3020,'弥渡县',0,'',0,'mdx','云南省大理白族自治州弥渡县',3,0),(3026,3020,'南涧彝族自治县',0,'',0,'njyzzzx','云南省大理白族自治州南涧彝族自治县',3,0),(3027,3020,'巍山彝族回族自治县',0,'',0,'wsyzhzzzx','云南省大理白族自治州巍山彝族回族自治县',3,0),(3028,3020,'永平县',0,'',0,'ypx','云南省大理白族自治州永平县',3,0),(3029,3020,'云龙县',0,'',0,'ylx','云南省大理白族自治州云龙县',3,0),(3030,3020,'洱源县',0,'',0,'eyx','云南省大理白族自治州洱源县',3,0),(3031,3020,'剑川县',0,'',0,'jcx','云南省大理白族自治州剑川县',3,0),(3032,3020,'鹤庆县',0,'',0,'hqx','云南省大理白族自治州鹤庆县',3,0),(3033,2987,'德宏',0,'d',0,'dh','云南省德宏傣族景颇族自治州',2,0),(3034,3033,'瑞丽市',0,'',0,'rls','云南省德宏傣族景颇族自治州瑞丽市',3,0),(3035,3033,'潞西市',0,'',0,'lxs','云南省德宏傣族景颇族自治州潞西市',3,0),(3036,3033,'梁河县',0,'',0,'lhx','云南省德宏傣族景颇族自治州梁河县',3,0),(3037,3033,'盈江县',0,'',0,'yjx','云南省德宏傣族景颇族自治州盈江县',3,0),(3038,3033,'陇川县',0,'',0,'lcx','云南省德宏傣族景颇族自治州陇川县',3,0),(3039,2987,'迪庆',0,'d',0,'diqing','云南省迪庆藏族自治州',2,0),(3040,3039,'香格里拉县',0,'',0,'xgllx','云南省迪庆藏族自治州香格里拉县',3,0),(3041,3039,'德钦县',0,'',0,'dqx','云南省迪庆藏族自治州德钦县',3,0),(3042,3039,'维西傈僳族自治县',0,'',0,'wxlszzzx','云南省迪庆藏族自治州维西傈僳族自治县',3,0),(3043,2987,'红河',0,'h',0,'honghe','云南省红河哈尼族彝族自治州',2,0),(3044,3043,'个旧市',0,'',0,'gjs','云南省红河哈尼族彝族自治州个旧市',3,0),(3045,3043,'开远市',0,'',0,'kys','云南省红河哈尼族彝族自治州开远市',3,0),(3046,3043,'蒙自县',0,'',0,'mzx','云南省红河哈尼族彝族自治州蒙自县',3,0),(3047,3043,'屏边苗族自治县',0,'',0,'pbmzzzx','云南省红河哈尼族彝族自治州屏边苗族自治县',3,0),(3048,3043,'建水县',0,'',0,'jsx','云南省红河哈尼族彝族自治州建水县',3,0),(3049,3043,'石屏县',0,'',0,'spx','云南省红河哈尼族彝族自治州石屏县',3,0),(3050,3043,'弥勒县',0,'',0,'mlx','云南省红河哈尼族彝族自治州弥勒县',3,0),(3051,3043,'泸西县',0,'',0,'xx','云南省红河哈尼族彝族自治州泸西县',3,0),(3052,3043,'元阳县',0,'',0,'yyx','云南省红河哈尼族彝族自治州元阳县',3,0),(3053,3043,'红河县',0,'',0,'hhx','云南省红河哈尼族彝族自治州红河县',3,0),(3054,3043,'金平苗族瑶族傣族自治县',0,'',0,'jpmzyzdzzzx','云南省红河哈尼族彝族自治州金平苗族瑶族傣族自治县',3,0),(3055,3043,'绿春县',0,'',0,'lcx','云南省红河哈尼族彝族自治州绿春县',3,0),(3056,3043,'河口瑶族自治县',0,'',0,'hkyzzzx','云南省红河哈尼族彝族自治州河口瑶族自治县',3,0),(3057,2987,'丽江',0,'l',0,'lj','云南省丽江市',2,0),(3058,3057,'古城区',0,'',0,'gcq','云南省丽江市古城区',3,0),(3059,3057,'玉龙纳西族自治县',0,'',0,'ylnxzzzx','云南省丽江市玉龙纳西族自治县',3,0),(3060,3057,'永胜县',0,'',0,'ysx','云南省丽江市永胜县',3,0),(3061,3057,'华坪县',0,'',0,'hpx','云南省丽江市华坪县',3,0),(3062,3057,'宁蒗彝族自治县',0,'',0,'nyzzzx','云南省丽江市宁蒗彝族自治县',3,0),(3063,2987,'临沧',0,'l',0,'lincang','云南省临沧市',2,0),(3064,3063,'临翔区',0,'',0,'lxq','云南省临沧市临翔区',3,0),(3065,3063,'凤庆县',0,'',0,'fqx','云南省临沧市凤庆县',3,0),(3066,3063,'云县',0,'',0,'yx','云南省临沧市云县',3,0),(3067,3063,'永德县',0,'',0,'ydx','云南省临沧市永德县',3,0),(3068,3063,'镇康县',0,'',0,'zkx','云南省临沧市镇康县',3,0),(3069,3063,'双江拉祜族佤族布朗族傣族自治县',0,'',0,'lincang/sjlzzblzdzzz','云南省临沧市双江拉祜族佤族布朗族傣族自治县',3,0),(3070,3063,'耿马傣族佤族自治县',0,'',0,'gmdzzzzx','云南省临沧市耿马傣族佤族自治县',3,0),(3071,3063,'沧源佤族自治县',0,'',0,'cyzzzx','云南省临沧市沧源佤族自治县',3,0),(3072,2987,'怒江',0,'n',0,'nujiang','云南省怒江傈僳族自治州',2,0),(3073,3072,'泸水县',0,'',0,'sx','云南省怒江傈僳族自治州泸水县',3,0),(3074,3072,'福贡县',0,'',0,'fgx','云南省怒江傈僳族自治州福贡县',3,0),(3075,3072,'贡山独龙族怒族自治县',0,'',0,'gsdlznzzzx','云南省怒江傈僳族自治州贡山独龙族怒族自治县',3,0),(3076,3072,'兰坪白族普米族自治县',0,'',0,'lpbzpmzzzx','云南省怒江傈僳族自治州兰坪白族普米族自治县',3,0),(3077,2987,'曲靖',0,'q',0,'qj','云南省曲靖市',2,0),(3078,3077,'麒麟区',0,'',0,'q','云南省曲靖市麒麟区',3,0),(3079,3077,'马龙县',0,'',0,'mlx','云南省曲靖市马龙县',3,0),(3080,3077,'陆良县',0,'',0,'llx','云南省曲靖市陆良县',3,0),(3081,3077,'师宗县',0,'',0,'szx','云南省曲靖市师宗县',3,0),(3082,3077,'罗平县',0,'',0,'lpx','云南省曲靖市罗平县',3,0),(3083,3077,'富源县',0,'',0,'fyx','云南省曲靖市富源县',3,0),(3084,3077,'会泽县',0,'',0,'hzx','云南省曲靖市会泽县',3,0),(3085,3077,'沾益县',0,'',0,'zyx','云南省曲靖市沾益县',3,0),(3086,3077,'宣威市',0,'',0,'xws','云南省曲靖市宣威市',3,0),(3087,2987,'思茅',0,'s',0,'simao','云南省思茅市',2,0),(3088,3087,'翠云区',0,'',0,'cyq','云南省思茅市翠云区',3,0),(3089,3087,'普洱哈尼族彝族自治县',0,'',0,'pehnzyzzzx','云南省思茅市普洱哈尼族彝族自治县',3,0),(3090,3087,'墨江哈尼族自治县',0,'',0,'mjhnzzzx','云南省思茅市墨江哈尼族自治县',3,0),(3091,3087,'景东彝族自治县',0,'',0,'jdyzzzx','云南省思茅市景东彝族自治县',3,0),(3092,3087,'景谷傣族彝族自治县',0,'',0,'jgdzyzzzx','云南省思茅市景谷傣族彝族自治县',3,0),(3093,3087,'镇沅彝族哈尼族拉祜族自治县',0,'',0,'zyzhnzlzzzx','云南省思茅市镇沅彝族哈尼族拉祜族自治县',3,0),(3094,3087,'江城哈尼族彝族自治县',0,'',0,'jchnzyzzzx','云南省思茅市江城哈尼族彝族自治县',3,0),(3095,3087,'孟连傣族拉祜族佤族自治县',0,'',0,'mldzlzzzzx','云南省思茅市孟连傣族拉祜族佤族自治县',3,0),(3096,3087,'澜沧拉祜族自治县',0,'',0,'lclzzzx','云南省思茅市澜沧拉祜族自治县',3,0),(3097,3087,'西盟佤族自治县',0,'',0,'xmzzzx','云南省思茅市西盟佤族自治县',3,0),(3098,2987,'文山',0,'w',0,'ws','云南省文山壮族苗族自治州',2,0),(3099,3098,'文山县',0,'',0,'wsx','云南省文山壮族苗族自治州文山县',3,0),(3100,3098,'砚山县',0,'',0,'ysx','云南省文山壮族苗族自治州砚山县',3,0),(3101,3098,'西畴县',0,'',0,'xcx','云南省文山壮族苗族自治州西畴县',3,0),(3102,3098,'麻栗坡县',0,'',0,'mlpx','云南省文山壮族苗族自治州麻栗坡县',3,0),(3103,3098,'马关县',0,'',0,'mgx','云南省文山壮族苗族自治州马关县',3,0),(3104,3098,'丘北县',0,'',0,'qbx','云南省文山壮族苗族自治州丘北县',3,0),(3105,3098,'广南县',0,'',0,'gnx','云南省文山壮族苗族自治州广南县',3,0),(3106,3098,'富宁县',0,'',0,'fnx','云南省文山壮族苗族自治州富宁县',3,0),(3107,2987,'西双版纳',0,'x',0,'xsbn','云南省西双版纳傣族自治州',2,0),(3108,3107,'景洪市',0,'',0,'jhs','云南省西双版纳傣族自治州景洪市',3,0),(3109,3107,'勐海县',0,'',0,'hx','云南省西双版纳傣族自治州勐海县',3,0),(3110,3107,'勐腊县',0,'',0,'lx','云南省西双版纳傣族自治州勐腊县',3,0),(3111,2987,'玉溪',0,'y',0,'yx','云南省玉溪市',2,0),(3112,3111,'红塔区',0,'',0,'htq','云南省玉溪市红塔区',3,0),(3113,3111,'江川县',0,'',0,'jcx','云南省玉溪市江川县',3,0),(3114,3111,'澄江县',0,'',0,'cjx','云南省玉溪市澄江县',3,0),(3115,3111,'通海县',0,'',0,'thx','云南省玉溪市通海县',3,0),(3116,3111,'华宁县',0,'',0,'hnx','云南省玉溪市华宁县',3,0),(3117,3111,'易门县',0,'',0,'ymx','云南省玉溪市易门县',3,0),(3118,3111,'峨山彝族自治县',0,'',0,'esyzzzx','云南省玉溪市峨山彝族自治县',3,0),(3119,3111,'新平彝族傣族自治县',0,'',0,'xpyzdzzzx','云南省玉溪市新平彝族傣族自治县',3,0),(3120,3111,'元江哈尼族彝族傣族自治县',0,'',0,'yjhnzyzdzzzx','云南省玉溪市元江哈尼族彝族傣族自治县',3,0),(3121,2987,'昭通',0,'z',0,'zt','云南省昭通市',2,0),(3122,3121,'昭阳区',0,'',0,'zyq','云南省昭通市昭阳区',3,0),(3123,3121,'鲁甸县',0,'',0,'ldx','云南省昭通市鲁甸县',3,0),(3124,3121,'巧家县',0,'',0,'qjx','云南省昭通市巧家县',3,0),(3125,3121,'盐津县',0,'',0,'yjx','云南省昭通市盐津县',3,0),(3126,3121,'大关县',0,'',0,'dgx','云南省昭通市大关县',3,0),(3127,3121,'永善县',0,'',0,'ysx','云南省昭通市永善县',3,0),(3128,3121,'绥江县',0,'',0,'sjx','云南省昭通市绥江县',3,0),(3129,3121,'镇雄县',0,'',0,'zxx','云南省昭通市镇雄县',3,0),(3130,3121,'彝良县',0,'',0,'ylx','云南省昭通市彝良县',3,0),(3131,3121,'威信县',0,'',0,'wxx','云南省昭通市威信县',3,0),(3132,3121,'水富县',0,'',0,'sfx','云南省昭通市水富县',3,0),(3133,0,'浙江',0,'',0,'','',1,0),(3134,3133,'杭州',0,'h',0,'hz','浙江省杭州市',2,0),(3135,3134,'上城区',0,'',0,'scq','浙江省杭州市上城区',3,0),(3136,3134,'下城区',0,'',0,'xcq','浙江省杭州市下城区',3,0),(3137,3134,'江干区',0,'',0,'jgq','浙江省杭州市江干区',3,0),(3138,3134,'拱墅区',0,'',0,'gsq','浙江省杭州市拱墅区',3,0),(3139,3134,'西湖区',0,'',0,'xhq','浙江省杭州市西湖区',3,0),(3140,3134,'滨江区',0,'',0,'bjq','浙江省杭州市滨江区',3,0),(3141,3134,'萧山区',0,'',0,'xsq','浙江省杭州市萧山区',3,0),(3142,3134,'余杭区',0,'',0,'yhq','浙江省杭州市余杭区',3,0),(3143,3134,'桐庐县',0,'',0,'tlx','浙江省杭州市桐庐县',3,0),(3144,3134,'淳安县',0,'',0,'cax','浙江省杭州市淳安县',3,0),(3145,3134,'建德市',0,'',0,'jds','浙江省杭州市建德市',3,0),(3146,3134,'富阳市',0,'',0,'fys','浙江省杭州市富阳市',3,0),(3147,3134,'临安市',0,'',0,'las','浙江省杭州市临安市',3,0),(3148,3133,'湖州',0,'h',0,'huzhou','浙江省湖州市',2,0),(3149,3148,'吴兴区',0,'',0,'wxq','浙江省湖州市吴兴区',3,0),(3150,3148,'南浔区',0,'',0,'nq','浙江省湖州市南浔区',3,0),(3151,3148,'德清县',0,'',0,'dqx','浙江省湖州市德清县',3,0),(3152,3148,'长兴县',0,'',0,'cxx','浙江省湖州市长兴县',3,0),(3153,3148,'安吉县',0,'',0,'ajx','浙江省湖州市安吉县',3,0),(3154,3133,'嘉兴',0,'j',0,'jx','浙江省嘉兴市',2,0),(3155,3154,'秀城区',0,'',0,'xcq','浙江省嘉兴市秀城区',3,0),(3156,3154,'秀洲区',0,'',0,'xzq','浙江省嘉兴市秀洲区',3,0),(3157,3154,'嘉善县',0,'',0,'jsx','浙江省嘉兴市嘉善县',3,0),(3158,3154,'海盐县',0,'',0,'hyx','浙江省嘉兴市海盐县',3,0),(3159,3154,'海宁市',0,'',0,'hns','浙江省嘉兴市海宁市',3,0),(3160,3154,'平湖市',0,'',0,'phs','浙江省嘉兴市平湖市',3,0),(3161,3154,'桐乡市',0,'',0,'txs','浙江省嘉兴市桐乡市',3,0),(3162,3133,'金华',0,'j',0,'jh','浙江省金华市',2,0),(3163,3162,'婺城区',0,'',0,'cq','浙江省金华市婺城区',3,0),(3164,3162,'金东区',0,'',0,'jdq','浙江省金华市金东区',3,0),(3165,3162,'武义县',0,'',0,'wyx','浙江省金华市武义县',3,0),(3166,3162,'浦江县',0,'',0,'pjx','浙江省金华市浦江县',3,0),(3167,3162,'磐安县',0,'',0,'pax','浙江省金华市磐安县',3,0),(3168,3162,'兰溪市',0,'',0,'lxs','浙江省金华市兰溪市',3,0),(3169,3162,'义乌市',0,'',0,'yws','浙江省金华市义乌市',3,0),(3170,3162,'东阳市',0,'',0,'dys','浙江省金华市东阳市',3,0),(3171,3162,'永康市',0,'',0,'yks','浙江省金华市永康市',3,0),(3172,3133,'丽水',0,'l',0,'lishui','浙江省丽水市',2,0),(3173,3172,'莲都区',0,'',0,'ldq','浙江省丽水市莲都区',3,0),(3174,3172,'青田县',0,'',0,'qtx','浙江省丽水市青田县',3,0),(3175,3172,'缙云县',0,'',0,'yx','浙江省丽水市缙云县',3,0),(3176,3172,'遂昌县',0,'',0,'scx','浙江省丽水市遂昌县',3,0),(3177,3172,'松阳县',0,'',0,'syx','浙江省丽水市松阳县',3,0),(3178,3172,'云和县',0,'',0,'yhx','浙江省丽水市云和县',3,0),(3179,3172,'庆元县',0,'',0,'qyx','浙江省丽水市庆元县',3,0),(3180,3172,'景宁畲族自治县',0,'',0,'jnzzzx','浙江省丽水市景宁畲族自治县',3,0),(3181,3172,'龙泉市',0,'',0,'lqs','浙江省丽水市龙泉市',3,0),(3182,3133,'宁波',0,'n',0,'nb','浙江省宁波市',2,0),(3183,3182,'海曙区',0,'',0,'hsq','浙江省宁波市海曙区',3,0),(3184,3182,'江东区',0,'',0,'jdq','浙江省宁波市江东区',3,0),(3185,3182,'江北区',0,'',0,'jbq','浙江省宁波市江北区',3,0),(3186,3182,'北仑区',0,'',0,'blq','浙江省宁波市北仑区',3,0),(3187,3182,'镇海区',0,'',0,'zhq','浙江省宁波市镇海区',3,0),(3188,3182,'鄞州区',0,'',0,'zq','浙江省宁波市鄞州区',3,0),(3189,3182,'象山县',0,'',0,'xsx','浙江省宁波市象山县',3,0),(3190,3182,'宁海县',0,'',0,'nhx','浙江省宁波市宁海县',3,0),(3191,3182,'余姚市',0,'',0,'yys','浙江省宁波市余姚市',3,0),(3192,3182,'慈溪市',0,'',0,'cxs','浙江省宁波市慈溪市',3,0),(3193,3182,'奉化市',0,'',0,'fhs','浙江省宁波市奉化市',3,0),(3194,3133,'衢州',0,'q',0,'quzhou','浙江省衢州市',2,0),(3195,3194,'柯城区',0,'',0,'kcq','浙江省衢州市柯城区',3,0),(3196,3194,'衢江区',0,'',0,'jq','浙江省衢州市衢江区',3,0),(3197,3194,'常山县',0,'',0,'csx','浙江省衢州市常山县',3,0),(3198,3194,'开化县',0,'',0,'khx','浙江省衢州市开化县',3,0),(3199,3194,'龙游县',0,'',0,'lyx','浙江省衢州市龙游县',3,0),(3200,3194,'江山市',0,'',0,'jss','浙江省衢州市江山市',3,0),(3201,3133,'绍兴',0,'s',0,'sx','浙江省绍兴市',2,0),(3202,3201,'越城区',0,'',0,'ycq','浙江省绍兴市越城区',3,0),(3203,3201,'绍兴县',0,'',0,'sxx','浙江省绍兴市绍兴县',3,0),(3204,3201,'新昌县',0,'',0,'xcx','浙江省绍兴市新昌县',3,0),(3205,3201,'诸暨市',0,'',0,'zs','浙江省绍兴市诸暨市',3,0),(3206,3201,'上虞市',0,'',0,'sys','浙江省绍兴市上虞市',3,0),(3207,3201,'嵊州市',0,'',0,'szs','浙江省绍兴市嵊州市',3,0),(3208,3133,'台州',0,'t',0,'tz','浙江省台州市',2,0),(3209,3208,'椒江区',0,'',0,'jjq','浙江省台州市椒江区',3,0),(3210,3208,'黄岩区',0,'',0,'hyq','浙江省台州市黄岩区',3,0),(3211,3208,'路桥区',0,'',0,'lqq','浙江省台州市路桥区',3,0),(3212,3208,'玉环县',0,'',0,'yhx','浙江省台州市玉环县',3,0),(3213,3208,'三门县',0,'',0,'smx','浙江省台州市三门县',3,0),(3214,3208,'天台县',0,'',0,'ttx','浙江省台州市天台县',3,0),(3215,3208,'仙居县',0,'',0,'xjx','浙江省台州市仙居县',3,0),(3216,3208,'温岭市',0,'',0,'wls','浙江省台州市温岭市',3,0),(3217,3208,'临海市',0,'',0,'lhs','浙江省台州市临海市',3,0),(3218,3133,'温州',0,'w',0,'wz','浙江省温州市',2,0),(3219,3218,'鹿城区',0,'',0,'lcq','浙江省温州市鹿城区',3,0),(3220,3218,'龙湾区',0,'',0,'lwq','浙江省温州市龙湾区',3,0),(3221,3218,'瓯海区',0,'',0,'hq','浙江省温州市瓯海区',3,0),(3222,3218,'洞头县',0,'',0,'dtx','浙江省温州市洞头县',3,0),(3223,3218,'永嘉县',0,'',0,'yjx','浙江省温州市永嘉县',3,0),(3224,3218,'平阳县',0,'',0,'pyx','浙江省温州市平阳县',3,0),(3225,3218,'苍南县',0,'',0,'cnx','浙江省温州市苍南县',3,0),(3226,3218,'文成县',0,'',0,'wcx','浙江省温州市文成县',3,0),(3227,3218,'泰顺县',0,'',0,'tsx','浙江省温州市泰顺县',3,0),(3228,3218,'瑞安市',0,'',0,'ras','浙江省温州市瑞安市',3,0),(3229,3218,'乐清市',0,'',0,'lqs','浙江省温州市乐清市',3,0),(3230,3133,'舟山',0,'z',0,'zhoushan','浙江省舟山市',2,0),(3231,3230,'定海区',0,'',0,'dhq','浙江省舟山市定海区',3,0),(3232,3230,'普陀区',0,'',0,'ptq','浙江省舟山市普陀区',3,0),(3233,3230,'岱山县',0,'',0,'dsx','浙江省舟山市岱山县',3,0),(3234,3230,'嵊泗县',0,'',0,'ssx','浙江省舟山市嵊泗县',3,0),(3235,0,'香港',0,'',0,'','',1,0),(3236,3235,'九龙',0,'j',0,'jiulong','香港九龙地区',2,0),(3237,3235,'香港岛',0,'x',0,'xgd','香港香港岛',2,0),(3238,3235,'新界',0,'x',0,'xinjie','香港新界',2,0),(3239,0,'澳门',0,'',0,'','',1,0),(3240,3282,'澳门半岛',0,'a',0,'ambd','澳门澳门半岛',3,0),(3241,3282,'离岛',0,'l',0,'amld','澳门离岛',3,0),(3242,0,'台湾',0,'',0,'','',1,0),(3243,3242,'台北',0,'t',0,'taibei','台湾省台北市',2,0),(3244,3242,'高雄市',0,'g',0,'gaoxiongshi','台湾省高雄市',2,0),(3245,3242,'高雄县',0,'g',0,'gaoxiongxian','台湾省高雄县',2,0),(3246,3242,'花莲',0,'h',0,'hualian','台湾省花莲县',2,0),(3247,3242,'基隆市',0,'',0,'','',2,0),(3248,3242,'嘉义市',0,'',0,'','',2,0),(3249,3242,'嘉义县',0,'',0,'','',2,0),(3250,3242,'金门县',0,'',0,'','',2,0),(3251,3242,'苗栗县',0,'',0,'','',2,0),(3252,3242,'南投县',0,'',0,'','',2,0),(3253,3242,'澎湖县',0,'',0,'','',2,0),(3254,3242,'屏东县',0,'',0,'','',2,0),(3255,3242,'台北县',0,'',0,'','',2,0),(3256,3242,'台东县',0,'',0,'','',2,0),(3257,3242,'台南市',0,'',0,'','',2,0),(3258,3242,'台南县',0,'',0,'','',2,0),(3259,3242,'台中市',0,'',0,'','',2,0),(3260,3242,'台中县',0,'',0,'','',2,0),(3261,3242,'桃园县',0,'',0,'','',2,0),(3262,3242,'新竹市',0,'',0,'','',2,0),(3263,3242,'新竹县',0,'',0,'','',2,0),(3264,3242,'宜兰县',0,'',0,'','',2,0),(3265,3242,'云林县',0,'',0,'','',2,0),(3266,3242,'彰化县',0,'',0,'','',2,0),(3268,1764,'红谷滩新区',0,'',0,'hgtxq','江西省南昌市红谷滩新区',3,0),(3269,441,'南城区',0,'',0,'ncq','广东省东莞市南城区',3,0),(3270,441,'东城区',0,'',0,'dcq','广东省东莞市东城区',3,0),(3271,441,'万江区',0,'',0,'wjq','广东省东莞市万江区',3,0),(3272,441,'莞城区',0,'',0,'cq','广东省东莞市莞城区',3,0),(3273,1692,'园区',0,'',0,'suyq/','江苏省苏州市园区',3,0),(3274,807,'河西区',0,'',0,'hxq','海南省三亚市河西区',3,0),(3275,807,'河东区',0,'',0,'hdq','海南省三亚市河西区',3,0),(3276,561,'石岐区',0,'',0,'sqq','广东省中山市石岐区',3,0),(3277,561,'东区',0,'',0,'dq','广东省中山市东区',3,0),(3278,561,'西区',0,'',0,'xq','广东省中山市西区',3,0),(3279,561,'南区',0,'',0,'nq','广东省中山市南区',3,0),(3280,561,'五桂山区',0,'',0,'wgsq','广东省中山市五桂山区',3,0),(3281,561,'火炬开发区',0,'',0,'hjkfq','广东省中山市火炬开发区',3,0),(3282,3239,'澳门',0,'a',0,'am','澳门',2,0),(3283,441,'市辖区',0,'',0,'sxq','广东省东莞市市辖区',3,0),(3286,211,'弋江区',0,'',0,'yjq','安徽省芜湖市弋江区',3,0),(3287,3154,'南湖区',0,'',0,'nhq','浙江省嘉兴市南湖区',3,0),(3288,1041,'市辖区',0,'',0,'sxq','河南省开封市市辖区',3,0),(3289,2669,'利州区',0,'',0,'lzq','四川省广元市利州区',3,0),(3290,2562,'吴起县',0,'',0,'wqx','陕西省延安市吴起县',3,0),(3291,561,'市辖区',0,'',0,'sxq','广东省中山市市辖区',3,0),(3292,200,'埇桥区',0,'',0,'yqq','安徽省州市埇桥区',3,0),(3294,807,'市辖区',0,'',0,'sxq','海南省三亚市市辖区',3,0),(3295,1136,'浉河区',0,'',0,'shq','河南省信阳市浉河区',3,0),(3296,1052,'瀍河回族区',0,'',0,'chhzq','河南省洛阳市瀍河回族区',3,0),(3297,3111,'元江县',0,'',0,'yjx','云南省玉溪市元江县',3,0),(3301,424,'萝岗区',0,'',0,'lgq','广东省广州市萝岗区',3,0),(3302,424,'南沙区',0,'',0,'nsq','广东省广州市南沙区',3,0),(3303,999,'惠济区',0,'',0,'hjq','河南省郑州市惠济区',3,0),(3329,105,'经开区',9,'',1,'jkq','安徽省合肥市经开区',3,0),(3330,105,'政务区',8,'',1,'zwq','安徽省合肥市政务区',3,0),(3331,105,'滨湖区',7,'',1,'bhq','安徽省合肥市滨湖区',3,0),(3332,105,'新站区',6,'',1,'xzq','安徽省合肥市新站区',3,0),(3333,105,'高新区',5,'',1,'gxq','安徽省合肥市高新区',3,0),(3509,108,'之心城',0,'z',1,'zxc','',4,0),(3510,108,'新商圈',0,'x',1,'xsqdss','',4,1),(3511,108,'新商圈2',0,'x',1,'xsq2','',4,1),(3512,105,'ym200.com',0,'',1,'http://ym200.com','2',3,1),(3513,3512,'mx800.com',0,'z',1,'dfdfss','',4,1);
/*!40000 ALTER TABLE `w_area` ENABLE KEYS */;
UNLOCK TABLES;

--
-- Table structure for table `w_config`
--

DROP TABLE IF EXISTS `w_config`;
/*!40101 SET @saved_cs_client     = @@character_set_client */;
/*!40101 SET character_set_client = utf8 */;
CREATE TABLE `w_config` (
  `name` varchar(50) NOT NULL,
  `type` varchar(150) NOT NULL COMMENT '多个默认值用|分隔',
  `value` text NOT NULL,
  `info` varchar(20) NOT NULL,
  `desc` text NOT NULL,
  `tab_id` varchar(20) NOT NULL DEFAULT '0' COMMENT '小分组ID',
  `tab_name` varchar(20) NOT NULL COMMENT '小分组名称',
  `gid` int(11) NOT NULL,
  `sort` int(11) NOT NULL DEFAULT '0' COMMENT '排序',
  `status` tinyint(1) NOT NULL DEFAULT '1',
  PRIMARY KEY (`name`) USING BTREE,
  KEY `gid` (`gid`) USING BTREE
) ENGINE=MyISAM DEFAULT CHARSET=utf8 ROW_FORMAT=DYNAMIC COMMENT='配置表';
/*!40101 SET character_set_client = @saved_cs_client */;

--
-- Dumping data for table `w_config`
--

LOCK TABLES `w_config` WRITE;
/*!40000 ALTER TABLE `w_config` DISABLE KEYS */;
INSERT INTO `w_config` VALUES ('site_name','type=text&size=80&validate=required:true','WinTop官方网站','网站名称','网站的名称','0','',1,12,1),('site_url','type=text&size=80&validate=required:true,url:true','http://www.wintop-bag.com','网站网址','请填写网站的网址，包含（http://域名）','0','',1,11,1),('site_logo','type=image&validate=required:true,url:true','http://ceo.com/upload/config/000/000/001/58ae77a641973.png','网站LOGO','请填写网站LOGO的网址，包含（http://域名）！默认模板推荐 190宽*60高','0','',1,10,1),('site_qq','type=text&validate=qq:true','123456','联系QQ','前台涉及到需要显示QQ的地方，将显示此值！','0','',1,0,1),('site_email','type=text&validate=email:true','123456@qq.com','联系邮箱','前台涉及到需要显示邮箱的地方，将显示此值！','0','',1,0,1),('site_icp','type=text','ceo','ICP备案号','可不填写。放置于大陆的服务器，需要网站备案。','0','',1,0,1),('seo_title','type=text&size=80&validate=required:true','ceo','SEO标题','一般不超过80个字符！','0','',1,0,1),('seo_keywords','type=text&size=80','ceo','SEO关键词','一般不超过100个字符！','0','',1,0,1),('seo_description','type=textarea&rows=4&cols=93','ceo','SEO描述','一般不超过200个字符！','0','',1,0,1),('site_footer','type=textarea&rows=6&cols=93','ceo','网站底部隐藏信息','可填写统计、客服等HTML代码，代码前台隐藏不可见！！','0','',1,0,1),('user_first_spread_rate','type=text&size=10&validate=required:true,number:true,range:[0,100]','0','子用户分享佣金比例','子用户（分享用户再次分享的用户）分享链接购买团购商品获得佣金比例（百分比 0-100）微信中分享有效！如果此值+用户分享的佣金值和大于100，则取100减去用户分享的佣金值','user_spread','推广佣金',2,0,1),('merchant_verify','type=radio&value=1:须审核|0:不审核','1','商户注册审核','商户是否须审核后才能登录','base','基础配置',6,0,1),('store_verify','type=radio&value=1:须审核|0:不审核','1','添加店铺审核','商户添加店铺是否须审核后才能操作','base','基础配置',6,0,1),('meal_pic_size','type=text&size=10&validate=required:true','1','商品图片尺寸（M）','商家添加商品图片时最大的文件尺寸，单位为M，可以为小数！请谨慎修改','base','基础配置',5,0,1),('meal_pic_width','type=text&size=10&validate=required:true','720,640','商品图片截取宽度','与图片高度配合使用，两个值用英文逗号分隔代表大图，小图！请谨慎修改','base','基础配置',5,0,1),('meal_pic_height','type=text&size=10&validate=required:true','400,356','商品图片截取高度','与图片宽度配合使用，两个值用英文逗号分隔代表大图，小图！请谨慎修改','base','基础配置',5,0,1),('store_open_meal','type=radio&value=1:开启|0:关闭','1','店铺自行开通订餐功能','商户能自行配置店铺是否有订餐功能','base','基础配置',5,1,1),('store_open_group','type=radio&value=1:开启|0:关闭','1','店铺自行开通团购功能','商户能自行配置店铺是否有团购功能','0','',4,0,1),('store_open_payone','type=radio&value=1:允许|0:不允许','1','店铺开启货到付款','店铺是否能开启货到付款的功能','base','基础配置',5,2,1),('store_open_paythree','type=radio&value=1:允许|0:不允许','1','店铺开启在线支付','店铺是否能开启在线支付的功能','base','基础配置',5,2,1),('group_pic_size','type=text&size=10&validate=required:true','1','商品图片尺寸（M）','商家添加商品图片时最大的文件尺寸，单位为M，可以为小数！请谨慎修改','0','',4,0,1),('group_pic_width','type=text&size=10&validate=required:true','640,460','商品图片截取宽度','与图片高度配合使用，两个值用英文逗号分隔代表大图，小图！请谨慎修改','0','',4,0,1),('group_pic_height','type=text&size=10&validate=required:true','388,279','商品图片截取高度','与图片宽度配合使用，两个值用英文逗号分隔代表大图，小图！请谨慎修改','0','',4,0,1),('group_verify','type=radio&value=1:须审核|0:不审核','1','添加团购须审核','商家添加团购信息是否需要管理员后台审核','0','',4,1,1),('wechat_qrcode','type=image&validate=required:true,url:true','http://127.0.0.1/upload/config/000/000/001/56710f7e54569.jpg','公众号二维码','您的公众号二维码','0','',8,0,1),('now_city','type=text&size=10','424','默认城市编号','当前网站默认服务的城市编号，在城市区域中获取','0','默认城市编号',1,0,1),('group_page_row','type=text&size=10&validate=required:true','20','团购列表每页数量','团购列表每页显示的数量','0','',4,4,1),('group_page_val','type=text&size=10&validate=required:true,english:true','page','团购列表页面分页参数','团购列表页面分页的GET参数，通常为page！只允许英文','0','',4,3,1),('wechat_name','type=text&size=80&validate=required:true','x','公众号名称','公众号的名称','0','',8,0,1),('wechat_sourceid','type=text&size=80&validate=required:true','x','公众号原始id','公众号原始id','0','',8,0,1),('wechat_id','type=text&size=80&validate=required:true','x','微信号','微信号','0','',8,0,1),('wechat_appid','type=text&size=80&validate=required:true','x','AppID','AppID','0','',8,0,1),('wechat_appsecret','type=text&size=80&validate=required:true','x','AppSecret','AppSecret','0','',8,0,1),('wechat_token','type=text&size=80&validate=required:true','x','微信验证TOKEN','微信验证TOKEN','0','',8,0,1),('pay_tenpay_open','type=radio&value=1:开启|0:关闭','0','开启','','tenpay','财付通支付',7,0,1),('pay_tenpay_partnerid','type=text&size=80','','商户号','','tenpay','财付通支付',7,0,1),('pay_tenpay_partnerkey','type=text&size=80','','密钥','','tenpay','财付通支付',7,0,1),('pay_yeepay_open','type=radio&value=1:开启|0:关闭','0','开启','','yeepay','银行卡支付（易宝支付）',7,0,1),('pay_yeepay_merchantaccount','type=text&size=80','','商户编号','','yeepay','银行卡支付（易宝支付）',7,0,1),('pay_yeepay_merchantprivatekey','type=text&size=80','','商户私钥','','yeepay','银行卡支付（易宝支付）',7,0,1),('pay_yeepay_merchantpublickey','type=text&size=80','','商户公钥','','yeepay','银行卡支付（易宝支付）',7,0,1),('pay_yeepay_yeepaypublickey','type=text&size=80','','易宝公钥','','yeepay','易宝支付',7,0,1),('pay_yeepay_productcatalog','type=text&size=80','1','商品类别码','','yeepay','银行卡支付（易宝支付）',7,0,1),('pay_allinpay_open','type=radio&value=1:开启|0:关闭','0','开启','','allinpay','银行卡支付（通联支付）',7,0,1),('pay_allinpay_merchantid','type=text&size=80','','商户号','','allinpay','银行卡支付（通联支付）',7,0,1),('pay_allinpay_merchantkey','type=text&size=80','','MD5 KEY','','allinpay','银行卡支付（通联支付）',7,0,1),('pay_weixin_open','type=radio&value=1:开启|0:关闭','1','开启','','weixin','微信支付',7,0,1),('pay_weixin_appid','type=text&size=80','wx2c21ac80f37d2a08','Appid','微信公众号身份的唯一标识。审核通过后，在微信发送的邮件中查看。','weixin','微信支付',7,0,1),('pay_weixin_mchid','type=text&size=80','10098462','Mchid','受理商ID，身份标识','weixin','微信支付',7,0,1),('pay_weixin_key','type=text&size=80','shenzhengshiweinengliang10802108','Key','商户支付密钥Key。审核通过后，在微信发送的邮件中查看。','weixin','微信支付',7,0,1),('pay_weixin_appsecret','type=text&size=80','e1955ac18171be1af01f6ac4a9035f2b','Appsecret','JSAPI接口中获取openid，审核后在公众平台开启开发模式后可查看。','weixin','微信支付',7,0,1),('reply_pic_size','type=text&size=10&validate=required:true','5','评论图片尺寸（M）','用户添加评论图片时最大的文件尺寸，单位为M，可以为小数！请谨慎修改。因为用户可能在手机上拍照使用，建议使用3-5M','0','',9,0,1),('reply_pic_width','type=text&size=10&validate=required:true','375,95','评论图片截取宽度','与图片宽度配合使用，两个值用英文逗号分隔代表大图，小图！请谨慎修改','0','',9,0,1),('reply_pic_height','type=text&size=10&validate=required:true','500,126','评论图片截取高度','与图片宽度配合使用，两个值用英文逗号分隔代表大图，小图！请谨慎修改','0','',9,0,1),('meal_score','type=text&size=10&validate=required:true,number:true','1','积分设置','订餐时支付1元钱得到相对应的积分，只支持正整数','base','基础配置',5,0,1),('group_score','type=text&size=10&validate=required:true,number:true','1','积分设置','团购时支付1元钱得到相对应的积分，只支持正整数','0','',4,0,1),('login_weixin_appid','type=text&size=80&validate=required:true','wx5e502b653810fc64','AppID','从微信开放平台获取','login_weixin','Web微信登录',10,0,1),('login_weixin_appsecret','type=text&size=80&validate=required:true','adea96ca258198b80aa2412b491681af','AppSecret','从微信开放平台获取','login_weixin','Web微信登录',10,0,1),('user_score_get','type=text&size=10&validate=required:true,number:true','1','消费1元获得积分数','消费1元获得的积分','user_score','积分策略',2,0,1),('weixin_login_bind','type=radio&value=1:必须|0:可选','1','微信登录绑定帐号','微信登录必须绑定帐号','reg_login','注册登录',2,0,1),('share_ticket','','sM4AOVdWfPE4DxkXGEs8VP78QQeCAgv-dgSE3fvMAqEnPk08T_dW10qTu3WfDrnL8Kb0a8fcc4OHijOqxl2Fmw','','','0','',0,0,1),('share_dated','','1450287531','','','0','',0,0,1),('merchant_qrcode_indexsort','type=text&size=10&validate=required:true,number:true','1','扫商户码增加排序储值','用户通过商户二维码第一次关注公众号，增加的团购首页排序储值！一次展现将会扣除1分','base','基础配置',6,0,1),('pay_offline_open','type=radio&value=1:开启|0:关闭','1','开启','','offline','线下支付',7,0,1),('group_around_range','type=text&size=10&validate=required:true','5000','附近团购最远距离','用户在查找附近团购时，能显示的最远距离。单位为米','0','',4,0,1),('meal_around_range','type=text&size=10&validate=required:true','1000','附近订餐最远距离','用户在查找附近订餐时，能显示的最远距离。单位为米','base','基础配置',5,0,1),('merchant_around_range','type=text&size=10&validate=required:true','1000000000','附近商家最远距离','用户在查找附近商家时，能显示的最远距离。单位为米','base','基础配置',6,0,1),('im_appid','type=text&validate=required:true','32','AppID','','0','',0,0,1),('im_appkey','type=text&validate=required:true','24cc0d4462ed05e4ef82a3f2b63d1ec0','','','0','',0,0,1),('site_merchant_logo','type=image&validate=required:true,url:true','http://ceo.com/','商户后台LOGO','请填写网站LOGO的网址，包含（http://域名）！默认模板推荐 30宽*30高','0','',1,9,1),('classify_verify','type=radio&value=1:须审核|0:不审核','1','发布是否审核','发布分类信息是否需要后台审核','0','',11,0,1),('is_open_oauth','type=radio&value=1:开启|0:关闭','0','允许商家绑定公众号','如果开启，则每个商家都拥有此功能。如果关闭，可以单独给商家开启！','base','基础配置',6,0,1),('is_open_weidian','type=radio&value=1:开启|0:关闭','1','允许商家开微店','如果开启，则每个商家都拥有此功能。如果关闭，可以单独给商家开启！','base','基础配置',6,0,1),('site_phone','type=text','400-0000-000','联系电话','前台涉及到需要显示联系电话的地方，将显示此值！','0','',1,8,1),('wap_redirect','type=select&value=0:不跳转|1:自动跳转|2:询问跳转','1','手机访问电脑网站','手机访问电脑网站跳转','0','',1,0,1),('wechat_encode','type=select&value=0:明文模式|1:兼容模式|2:安全模式','0','消息加解密方式','如需使用安全模式请在管理中心修改，仅限服务号和认证订阅号','0','',8,0,1),('wechat_encodingaeskey','type=text&size=80','x','EncodingAESKey','公众号消息加解密Key,在使用安全模式情况下要填写该值，请先在管理中心修改，然后填写该值，仅限服务号和认证订阅号','0','',8,0,1),('wechat_follow_show_open','type=radio&value=1:开启|0:关闭','1','已关注用户是否显示关注','已关注用户再通过分享链接进来是否显示关注提示','0','',8,0,1),('wechat_follow_txt_txt','type=text&size=80&validate=required:true','x','分享时关注公众号链接名称','公众号图文消息链接的文字！{nickname}代表分享者的昵称，如果分享者填写了真实名字，则优先使用真实名字。','0','',8,-1,1),('wechat_follow_txt_url','type=text&size=80&validate=required:true,url:true','http://mp.weixin.qq.com','分享时关注公众号链接','若用户使用微信进入网站，没有关注公众号！首页和详情页将会展示按钮跳转到此链接，建议使用微信的链接','0','',8,-2,1),('wap_home_show_classify','type=radio&value=1:开启|0:关闭','1','wap首页显示','wap网站首页是否显示分类信息的分类列表','0','',11,1,1),('home_share_show_open','type=select&value=0:关闭|1:开启显示商家信息|2:开启跳转到商家微网站','0','显示粉丝首次进入本站商家','在网站首页显示用户是通过那个商家进入本站的','promote','商家推广',6,0,1),('home_share_txt','type=text&validate=required:true','您属于{title}的粉丝','首次进入本站的店铺','{title}代表商家的店铺名称。','promote','商家推广',6,-1,1),('print_format','type=textarea&rows=20&cols=93','客户姓名：{user_name}\r\n客户电话：{user_phone}\r\n客户地址：{user_address}\r\n客户留言：{user_message}\r\n下单时间：{buy_time}\r\n************************\r\n{goods_list}\r\n************************\r\n菜品总数：{goods_count}\r\n菜品总价：￥{goods_price}\r\n订单号：{orderid}\r\n订单状态：{pay_status}\r\n支付方式：{pay_type}\r\n※※※※※※※※※※※※※※※※\r\n店铺名称：{store_name}\r\n店铺电话：{store_phone}\r\n店铺地址：{store_address}\r\n打印时间：{print_time}\r\n谢谢惠顾，欢迎再次光临！','输出格式','客户姓名：{user_name} <br/>客户电话：{user_phone} <br/>客户地址：{user_address} <br/>下单时间：{buy_time} <br/>菜单： {goods_list} <br/>菜品总数：{goods_count} <br/>菜品总价：{goods_price} <br/>订单号：{orderid} <br/>订单状态：{pay_status} <br/>支付方式：{pay_type} <br/>商家名称：{store_name} <br/>商家电','print','小票打印机',5,0,1),('print_server_key','type=text&validate=required:true','1','小票打印机Key','和小票打印机通信的key,请联系我们获取','print','小票打印机',5,1,1),('print_server_topdomain','type=text&size=80','vnlcms.com','小票打印机连接的顶级域名','和小票打印机连接的顶级域名，如果不填写的，默认是您网站的顶级域名','print','小票打印机',5,1,1),('wx_token','type=text&size=80','','公众号消息校验Token','公众号消息校验Token','weixinmp','商家公众号绑定配置',6,0,1),('wx_appsecret','type=text&size=80','','网页授权AppSecret','网页授权AppSecret','weixinmp','商家公众号绑定配置',6,0,1),('wx_appid','type=text&size=80','','网页授权AppID','网页授权AppID','weixinmp','商家公众号绑定配置',6,0,1),('wx_encodingaeskey','type=text&size=80','','公众号消息加解密Key','公众号消息加解密Key','weixinmp','商家公众号绑定配置',6,0,1),('system_version','','1.2','','','0','',0,0,1),('weixin_buy_follow_wechat','type=select&value=0:无限制|1:关注公众号享受微信优惠|2:关注公众号才能购买商品','0','团购微信优惠限制','微信购买商品享受微信优惠的限制','0','',8,0,1),('platform_get_merchant_percent','type=text&size=10','5/100','商家销售分成比例','平台从商家的总销售额中获取的一定比例的抽成（按百分比，不要填写%）,填写0表示不拿抽成','base','基础配置',6,0,1),('classify_logo','type=image&validate=required:false,url:true','','分类信息LOGO','请填写网站分类信息模块的LOGO，包含（http://域名）！默认模板推荐 190宽*60高','0','',11,0,1),('flseo_description','type=textarea&rows=4&cols=93','o2o生活通','SEO描述','一般不超过200个字符！','0','',11,1,1),('flseo_keywords','type=text&size=80','o2o生活通','SEO关键词','一般不超过100个字符！','0','',11,2,1),('flseo_title','type=text&size=80&validate=required:true','分类信息网','SEO标题','一般不超过80个字符！','0','',11,3,1),('pay_alipay_open','type=radio&value=1:开启|0:关闭','0','开启','','alipay','支付宝支付',7,0,1),('pay_alipay_name','type=text&size=80','','帐号','','alipay','支付宝支付',7,0,1),('pay_alipay_pid','type=text&size=80','','PID','','alipay','支付宝支付',7,0,1),('pay_alipay_key','type=text&size=80','','KEY','','alipay','支付宝支付',7,0,1),('wx_componentverifyticket','type=text','xx','','','0','',0,0,1),('pay_weixin_client_cert','type=file&file=pem','','微信支付证书','微信支付证书，在微信商家平台中可以下载！文件名一般为apiclient_cert.pem','weixin','微信支付',7,0,1),('pay_weixin_client_key','type=file&file=pem','','微信支付证书密钥','微信支付证书密钥，在微信商家平台中可以下载！文件名一般为apiclient_key.pem','weixin','微信支付',7,0,1),('web_category_show_limit','type=text&size=10&validate=required:true','9','PC端首页一级分类显示数量','PC端首页一级分类显示数量！填写显示的数量，防止内容溢出。','0','',1,0,1),('merchant_qrcode_fans','type=text&size=10&validate=required:true,number:true','1','扫商户码关注增加粉丝数','用户通过商户二维码第一次关注公众号，平台给商家自动增加0~指定值个数的粉丝给商家！','base','基础配置',6,0,1),('meal_page_row','type=text&size=10&validate=required:true','24','快店列表每页数量','快店列表每页显示的数量','base','基础配置',5,0,1),('meal_page_val','type=text&size=10&validate=required:true,english:true','page','快店列表页面分页参数','快店列表页面分页的GET参数，通常为page！只允许英文','base','基础配置',5,0,1),('sms_key','type=text&validate=required:true','1','短信秘钥','购买短信时候获取的秘钥','0','',15,12,0),('sms_sign','type=text&validate=required:true','1','客户的签名','您发送短信是的签名','0','',15,12,1),('sms_place_order','type=select&value=0:都不通知|1:只通知客户|2:只通知商家|3:两者都通知','3','下单提醒','客户在下单时候发起的提醒','0','',15,0,1),('sms_success_order','type=select&value=0:都不通知|1:只通知客户|2:只通知商家|3:两者都通知','3','支付成功后提醒','客户在支付成功后时候发起的提醒','0','',15,0,1),('sms_finish_order','type=select&value=0:都不通知|1:只通知客户|2:只通知商家|3:两者都通知','3','客户完成消费后提醒','客户在完成消费后时候发起的提醒','0','',15,0,1),('sms_cancel_order','type=select&value=0:都不通知|1:只通知客户|2:只通知商家|3:两者都通知','3','客户取消订单后提醒','客户取消订单时候发起的提醒','0','',15,0,1),('sms_server_topdomain','type=text&validate=required:true','vnlcms.com','绑定的顶级域名','你网站的顶级域名','0','',15,12,0),('wap_site_footer','type=textarea&rows=6&cols=93','','wap站底部隐藏信息','可填写统计、客服等HTML代码，代码前台隐藏不可见！！','0','',1,0,1),('group_print_format','type=textarea&rows=20&cols=93','客户姓名：{user_name}\r\n客户电话：{user_phone}\r\n客户地址：{user_address}\r\n**************************************\r\n订 单 号：{orderid}\r\n商品名称：{goods_name}\r\n购买数量：{goods_count}\r\n总 价：{goods_price}\r\n优 惠：{minus_price}\r\n实 收：{true_price}\r\n购买时间：{buy_time}\r\n付款时间：{pay_time}\r\n消费时间：{use_time}\r\n支付方式：{pay_type}\r\n**************************************\r\n店铺名称：{store_name}\r\n店铺电话：{store_phone}\r\n店铺地址：{store_address}\r\n打印时间：{print_time}\r\n谢谢惠顾，欢迎再次光临！','团购输出格式','客户姓名：{user_name} \r\n客户电话：{user_phone} \r\n客户地址：{user_address} \r\n************************************** \r\n订 单 号：{orderid} \r\n商品名称：{goods_name} \r\n购买数量：{goods_count} \r\n总 价：{goods_price} \r\n优 惠：{minus_price} \r\n实 收：{true_price} \r\n购买时间：{buy_time} \r\n付款时间：{pay_ti','print','小票打印机',5,0,1),('level_onoff','type=radio&value=1:开启|0:关闭','1','会员等级','开启会员等级，会员下单会获得相应商品配置的优惠策略','level_manage','会员等级管理',2,0,1),('group_level_onoff','type=radio&value=1:开启|0:关闭','1','等级优惠','开启后商家可以配置商品团购等级优惠','0','',4,0,1),('is_open_click_fans','type=radio&value=1:开启|0:关闭','1','点击推广信息成为粉丝','用户点击推广的产品成为该产品所属商家的粉丝','base','基础配置',6,0,1),('activity_sign_term','type=radio&value=1:允许|0:不允许','1','报名活动选择期数','商家在报名活动的时候，是否能选择未来活动的期数！如果不允许，商家只能选择当前正在进行的活动期数。','0','',14,0,1),('activity_pic_size','type=text&size=10&validate=required:true','1','商品图片尺寸（M）','商家添加商品图片时最大的文件尺寸，单位为M，可以为小数！请谨慎修改','0','',14,0,1),('activity_pic_width','type=text&size=10&validate=required:true','360,268','活动图片截取宽度','与图片高度配合使用，两个值用英文逗号分隔代表大图，小图！请谨慎修改','0','',14,0,1),('activity_pic_height','type=text&size=10&validate=required:true','334,248','活动图片截取高度','与图片宽度配合使用，两个值用英文逗号分隔代表大图，小图！请谨慎修改','0','',14,0,1),('activity_score_scale','type=text&size=10&validate=required:true,number:true','1','参与活动积分比例','参与积分平台积分抵扣商家积分的比例。例如设置了10，则只需要商家积分除以10的平台积分即可参与活动。','0','',14,0,1),('activity_open','type=radio&value=1:开启|0:关闭','1','开启活动','是否开启活动功能，如果选择不开启，首页的活动将被广告位占位！','0','',14,1,1),('group_alias_name','type=text&size=4&validate=required:true','团购','团购别名','给团购取个别称（两个字）','0','',4,0,1),('meal_alias_name','type=text&size=4&validate=required:true','快店','快店别名','给快店取个别称（两个字）','base','基础配置',5,0,1),('site_show_footer','type=textarea&rows=6&cols=93','ceo','网站底部显示信息','网站底部显示内容！为了样式的美观及误操作，HTML标签仅允许显示A链接标签！回车代表页面中的换行。','0','',1,0,1),('live_service_have','','1','','','0','',0,0,1),('site_water_mark_pos','type=select&value=1:左上角|2:顶部|3:右上角|4:左侧|5:中间|6:右侧|7:左下角|8:底部|9:右下角','9','水印的位置','水印打在图片的位置','0','',1,10,1),('user_spread_rate','type=text&size=10&validate=required:true,number:true,range:[0,100]','0','用户分享佣金比例','用户分享链接购买团购商品获得佣金比例（百分比 0-100）微信中分享有效','user_spread','推广佣金',2,0,1),('appoint_page_row','type=text&size=10&validate=required:true','20','预约列表每页数量','预约列表页面分页的GET参数，通常为page！只允许英文','0','',3,0,1),('appoint_page_val','type=text&size=10&validate=required:true,english:true','page','预约列表页面分页参数','预约列表页面分页的GET参数，通常为page！','0','',3,0,1),('appoint_verify','type=radio&value=1:须审核|0:不审核','0','添加预约须审核','商家添加预约信息是否需要管理员后台审核','0','',3,0,1),('store_type','type=radio&value=1:开启|0:关闭','1','店铺类型是否开启','商户能自行配置店铺类型','base','基础配置',5,1,1),('wechat_share_img','type=image&validate=required:true,url:true','http://127.0.0.1/upload/config/000/000/001/56710f9372d2a.jpg','微信分享图片','若填写此图片地址，则分享网页出去时会分享此图片。可有效防止分享图片变形','0','',8,0,1),('site_water_mark','type=image&validate=url:true','','网站水印','建议使用宽度小于120像素的gif、png透明图片作为水印','0','',1,10,1),('sms_api','type=text&validate=required:true&size=100','http://api.smsbao.com/sms?u={uid}&p={pwd}&m={moblie}&c={content}','短信API地址','帐号{uid}密码{pwd}号码{moblie}内容{content}','0','',15,0,1),('sms_uid','type=text&validate=required:true','qq10802108','帐号','','0','',15,0,1),('sms_pwd','type=text&validate=required:true','1qaz2w3e','密码','','0','',15,0,1),('sms_pwd_md5','type=radio&value=1:开启|0:关闭','1','API密码MD5加密','','0','',15,0,1),('sms_success','type=text','0','发送成功状态值','','0','',15,0,1),('baidu_map_key','type=text&size=80','4c1bb2055e24296bbaef36574877b4e2','百度地图KEY','wap手机端的百度地图key','0','百度地图KEY',1,0,1),('live_service_type','','electric,water','','','0','',0,0,1),('live_service_appid','','10219','','','0','',0,0,1),('live_service_appkey','','0ce593059f922ff18354c42e365359bb','','','0','',0,0,1),('system_key','','8212f33a14941a0669d42d57e5a1e284','','','0','',0,0,1),('customer_one_score','type=text&size=10','0','单个粉丝可获得积分','单个粉丝可获得积分','customer_send','群发设置',6,0,1),('customer_one_score_exchange','type=text&size=10','0','首页排序储存值兑换积分','一个首页排序储存值可兑换的积分数','customer_send','群发设置',6,0,1),('house_display','type=text&validate=required:true','2 1 3 4 5','首页显示排序','1为新闻列表，2为社区服务，3为推荐团购，4为推荐快店，5为推荐预约，其他数字无效！编号之间用空格来分隔，编号位置靠前优先显示','0','',22,0,1),('house_open','type=radio&value=1:开启|0:关闭','1','开启社区','是否开启社区功能','0','',22,1,1),('site_close','type=select&value=0:开启|1:PC端关闭|2:WAP端关闭(含微信)|3:全部关闭','0','网站关闭','网站后台、商家中心不受影响。关闭网站也可访问','0','',1,-1,1),('site_close_reason','type=textarea&rows=6&cols=93','','网站关闭原因','将显示在页面上给用户查看','0','',1,-1,1),('merchant_link_showOther','type=radio&value=0:显示|1:隐藏','1','商家功能库显示平台链接','例如商家在功能库添加团购链接，是否显示平台其他链接。（暂时只支持团购）','base','基础配置',6,0,1),('merchant_edit_group','type=radio&value=1:开启|0:关闭','0','商家编辑团购权限','商家是否可以自行编辑团购','base','基础配置',6,0,1),('merchant_ownpay','type=select&value=0:只开启平台支付|1:两者共存|2:商家配置任一支付后只读商家','0','商家自有支付','两者共存（例如商家只开启微信支付，优先读取商家，平台其他支付也会显示） 只读商家（例如商家只开启微信支付，优先读取商家，平台其他支付不会显示）','base','基础配置',6,0,1);
/*!40000 ALTER TABLE `w_config` ENABLE KEYS */;
UNLOCK TABLES;

--
-- Table structure for table `w_config_group`
--

DROP TABLE IF EXISTS `w_config_group`;
/*!40101 SET @saved_cs_client     = @@character_set_client */;
/*!40101 SET character_set_client = utf8 */;
CREATE TABLE `w_config_group` (
  `gid` int(11) NOT NULL AUTO_INCREMENT,
  `gname` char(20) NOT NULL,
  `galias` char(20) NOT NULL,
  `gsort` int(11) NOT NULL,
  `status` tinyint(1) NOT NULL DEFAULT '1',
  PRIMARY KEY (`gid`) USING BTREE
) ENGINE=MyISAM AUTO_INCREMENT=56 DEFAULT CHARSET=utf8 ROW_FORMAT=FIXED COMMENT='配置分组';
/*!40101 SET character_set_client = @saved_cs_client */;

--
-- Dumping data for table `w_config_group`
--

LOCK TABLES `w_config_group` WRITE;
/*!40000 ALTER TABLE `w_config_group` DISABLE KEYS */;
INSERT INTO `w_config_group` VALUES (1,'基础配置','',10,1);
/*!40000 ALTER TABLE `w_config_group` ENABLE KEYS */;
UNLOCK TABLES;

--
-- Table structure for table `w_flash`
--

DROP TABLE IF EXISTS `w_flash`;
/*!40101 SET @saved_cs_client     = @@character_set_client */;
/*!40101 SET character_set_client = utf8 */;
CREATE TABLE `w_flash` (
  `id` int(11) NOT NULL AUTO_INCREMENT,
  `token` varchar(50) NOT NULL,
  `img` char(255) NOT NULL,
  `url` char(255) NOT NULL,
  `info` varchar(90) NOT NULL,
  `tip` smallint(2) NOT NULL DEFAULT '1',
  PRIMARY KEY (`id`) USING BTREE,
  KEY `tip` (`tip`) USING BTREE
) ENGINE=MyISAM AUTO_INCREMENT=4 DEFAULT CHARSET=utf8 ROW_FORMAT=DYNAMIC COMMENT='3g网站头部flash';
/*!40101 SET character_set_client = @saved_cs_client */;

--
-- Dumping data for table `w_flash`
--

LOCK TABLES `w_flash` WRITE;
/*!40000 ALTER TABLE `w_flash` DISABLE KEYS */;
INSERT INTO `w_flash` VALUES (1,'1','/upload/flash/000/000/001/561227b183a27.png','http://o2o.vnlcms.com/wap.php?g=Wap&c=Index&a=index&token=1','幻灯片1',1),(2,'5','/upload/flash/000/000/005/5614cd555c915.jpg','','背景图',1),(3,'5','/upload/flash/000/000/005/5614cd6646139.jpg','','',2);
/*!40000 ALTER TABLE `w_flash` ENABLE KEYS */;
UNLOCK TABLES;

--
-- Table structure for table `w_flink`
--

DROP TABLE IF EXISTS `w_flink`;
/*!40101 SET @saved_cs_client     = @@character_set_client */;
/*!40101 SET character_set_client = utf8 */;
CREATE TABLE `w_flink` (
  `id` int(11) NOT NULL AUTO_INCREMENT,
  `name` varchar(50) NOT NULL,
  `info` varchar(100) NOT NULL,
  `url` varchar(150) NOT NULL,
  `add_time` int(11) NOT NULL,
  `status` tinyint(1) NOT NULL DEFAULT '1',
  `sort` smallint(6) NOT NULL,
  PRIMARY KEY (`id`) USING BTREE
) ENGINE=MyISAM AUTO_INCREMENT=3 DEFAULT CHARSET=utf8 ROW_FORMAT=DYNAMIC;
/*!40101 SET character_set_client = @saved_cs_client */;

--
-- Dumping data for table `w_flink`
--

LOCK TABLES `w_flink` WRITE;
/*!40000 ALTER TABLE `w_flink` DISABLE KEYS */;
INSERT INTO `w_flink` VALUES (1,'展翅网','展翅网','http://www.zcplan.cn',1487812690,1,0);
/*!40000 ALTER TABLE `w_flink` ENABLE KEYS */;
UNLOCK TABLES;

--
-- Table structure for table `w_footer_link`
--

DROP TABLE IF EXISTS `w_footer_link`;
/*!40101 SET @saved_cs_client     = @@character_set_client */;
/*!40101 SET character_set_client = utf8 */;
CREATE TABLE `w_footer_link` (
  `id` int(11) NOT NULL AUTO_INCREMENT,
  `name` varchar(50) NOT NULL,
  `title` varchar(100) NOT NULL,
  `content` text NOT NULL,
  `add_time` int(11) NOT NULL,
  `url` varchar(200) NOT NULL,
  PRIMARY KEY (`id`) USING BTREE,
  KEY `add_time` (`add_time`) USING BTREE
) ENGINE=MyISAM AUTO_INCREMENT=7 DEFAULT CHARSET=utf8 ROW_FORMAT=DYNAMIC COMMENT='底部导航';
/*!40101 SET character_set_client = @saved_cs_client */;

--
-- Dumping data for table `w_footer_link`
--

LOCK TABLES `w_footer_link` WRITE;
/*!40000 ALTER TABLE `w_footer_link` DISABLE KEYS */;
INSERT INTO `w_footer_link` VALUES (1,'企业简介','企业简介','<p style=\"font-family:HelveticaNeue, \'Helvetica Neue\', Helvetica, Arial, sans-serif;font-size:medium;vertical-align:baseline;background-color:#FFFFFF;\" align=\"center\">\r\n	<span style=\"font-family:inherit;font-size:18px;font-style:inherit;font-weight:inherit;line-height:inherit;vertical-align:baseline;\"><span style=\"font-family:HelveticaNeue, \'Helvetica Neue\', Helvetica, Arial, sans-serif;font-size:14px;line-height:27px;background-color:#FFFFFF;\">&nbsp;&nbsp;&nbsp;&nbsp;&nbsp;&nbsp;&nbsp;&nbsp;&nbsp;&nbsp;&nbsp; <br />\r\n</span></span>\r\n</p>\r\n<p style=\"font-family:HelveticaNeue, \'Helvetica Neue\', Helvetica, Arial, sans-serif;font-size:medium;vertical-align:baseline;background-color:#FFFFFF;\" align=\"center\">\r\n	<span style=\"font-family:inherit;font-size:18px;font-style:inherit;font-weight:inherit;line-height:inherit;vertical-align:baseline;\"><span style=\"font-family:HelveticaNeue, \'Helvetica Neue\', Helvetica, Arial, sans-serif;font-size:14px;line-height:27px;background-color:#FFFFFF;\"><br />\r\n</span></span>\r\n</p>\r\n<p style=\"font-family:HelveticaNeue, \'Helvetica Neue\', Helvetica, Arial, sans-serif;font-size:medium;vertical-align:baseline;background-color:#FFFFFF;\" align=\"center\">\r\n	<span style=\"font-family:inherit;font-size:18px;font-style:inherit;font-weight:inherit;line-height:inherit;vertical-align:baseline;\"><span style=\"font-family:HelveticaNeue, \'Helvetica Neue\', Helvetica, Arial, sans-serif;font-size:14px;line-height:27px;background-color:#FFFFFF;\">企业简介企业简介企业简介企业简介企业简介</span></span>\r\n</p>\r\n<p style=\"font-family:HelveticaNeue, \'Helvetica Neue\', Helvetica, Arial, sans-serif;font-size:medium;vertical-align:baseline;background-color:#FFFFFF;\">\r\n	<br />\r\n</p>',1436853526,''),(2,'企业资质','企业资质','<br />\r\n<p style=\"font-family:HelveticaNeue, \'Helvetica Neue\', Helvetica, Arial, sans-serif;font-size:medium;vertical-align:baseline;text-align:center;background-color:#FFFFFF;\">\r\n	企业资质企业资质企业资质企业资质\r\n</p>\r\n<p style=\"font-family:HelveticaNeue, \'Helvetica Neue\', Helvetica, Arial, sans-serif;font-size:medium;vertical-align:baseline;text-align:center;background-color:#FFFFFF;\">\r\n	<br />\r\n</p>\r\n<p>\r\n	<br />\r\n</p>',1436853510,''),(3,'商家入驻','商家入驻','',1436853493,'/merchant.php?g=Merchant&amp;c=Login&amp;a=index'),(4,'手机微信版','','',1436853486,'/topic/weixin.html'),(5,'联系我们','联系我们','<p align=\"center\">\r\n	<br />\r\n</p>\r\n<p align=\"center\">\r\n	<br />\r\n</p>\r\n<p align=\"center\">\r\n	<br />\r\n</p>\r\n<p align=\"center\">\r\n	联系我们联系我们联系我们联系我们联系我们联系我们\r\n</p>\r\n<p>\r\n	<br />\r\n</p>',1436853568,''),(6,'莎莎源码论坛','莎莎源码论坛','莎莎源码论坛 &nbsp; &nbsp;http://bbs.sasadown.cn/',1452737199,'http://bbs.sasadown.cn/');
/*!40000 ALTER TABLE `w_footer_link` ENABLE KEYS */;
UNLOCK TABLES;

--
-- Table structure for table `w_keyword`
--

DROP TABLE IF EXISTS `w_keyword`;
/*!40101 SET @saved_cs_client     = @@character_set_client */;
/*!40101 SET character_set_client = utf8 */;
CREATE TABLE `w_keyword` (
  `pigcms_id` int(10) unsigned NOT NULL AUTO_INCREMENT,
  `mer_id` int(10) unsigned NOT NULL,
  `content` varchar(200) NOT NULL,
  `from_id` int(11) NOT NULL,
  `table` varchar(20) NOT NULL,
  PRIMARY KEY (`pigcms_id`) USING BTREE,
  KEY `mer_id` (`mer_id`) USING BTREE
) ENGINE=MyISAM DEFAULT CHARSET=utf8 ROW_FORMAT=DYNAMIC;
/*!40101 SET character_set_client = @saved_cs_client */;

--
-- Dumping data for table `w_keyword`
--

LOCK TABLES `w_keyword` WRITE;
/*!40000 ALTER TABLE `w_keyword` DISABLE KEYS */;
/*!40000 ALTER TABLE `w_keyword` ENABLE KEYS */;
UNLOCK TABLES;

--
-- Table structure for table `w_keywords`
--

DROP TABLE IF EXISTS `w_keywords`;
/*!40101 SET @saved_cs_client     = @@character_set_client */;
/*!40101 SET character_set_client = utf8 */;
CREATE TABLE `w_keywords` (
  `id` int(11) NOT NULL AUTO_INCREMENT,
  `keyword` varchar(50) NOT NULL,
  `third_id` int(11) NOT NULL,
  `third_type` varchar(30) NOT NULL,
  PRIMARY KEY (`id`) USING BTREE
) ENGINE=MyISAM AUTO_INCREMENT=38 DEFAULT CHARSET=utf8 ROW_FORMAT=DYNAMIC;
/*!40101 SET character_set_client = @saved_cs_client */;

--
-- Dumping data for table `w_keywords`
--

LOCK TABLES `w_keywords` WRITE;
/*!40000 ALTER TABLE `w_keywords` DISABLE KEYS */;
INSERT INTO `w_keywords` VALUES (31,'蜀山路',1,'Merchant_store'),(30,'商品',1,'group'),(29,'测试',1,'group'),(28,'名称',1,'group'),(37,'4',4,'group'),(34,'美食,吃饭',2,'Merchant_store'),(35,'鸡公煲',5,'group'),(36,'11',3,'Merchant_store');
/*!40000 ALTER TABLE `w_keywords` ENABLE KEYS */;
UNLOCK TABLES;

--
-- Table structure for table `w_product`
--

DROP TABLE IF EXISTS `w_product`;
/*!40101 SET @saved_cs_client     = @@character_set_client */;
/*!40101 SET character_set_client = utf8 */;
CREATE TABLE `w_product` (
  `id` int(11) NOT NULL AUTO_INCREMENT,
  `title` varchar(50) NOT NULL DEFAULT '' COMMENT '图片标题',
  `desc` text NOT NULL COMMENT '图片描述',
  `front_pic` varchar(255) DEFAULT NULL COMMENT '正面图',
  `reserve_pic` varchar(255) DEFAULT NULL COMMENT '反面图',
  `big1` varchar(255) DEFAULT NULL COMMENT '大图上',
  `big2` varchar(255) DEFAULT NULL COMMENT '大图左',
  `big3` varchar(255) DEFAULT NULL COMMENT '大图右',
  `addtime` timestamp NOT NULL DEFAULT '0000-00-00 00:00:00',
  `status` tinyint(4) NOT NULL DEFAULT '0' COMMENT '状态 ',
  `isdeleted` tinyint(4) NOT NULL DEFAULT '0',
  `r_title` varchar(255) NOT NULL DEFAULT '' COMMENT '右边标题 ',
  `r_info` varchar(255) NOT NULL DEFAULT '' COMMENT '右边信息',
  PRIMARY KEY (`id`) USING BTREE
) ENGINE=MyISAM AUTO_INCREMENT=30 DEFAULT CHARSET=utf8 ROW_FORMAT=DYNAMIC COMMENT='产品';
/*!40101 SET character_set_client = @saved_cs_client */;

--
-- Dumping data for table `w_product`
--

LOCK TABLES `w_product` WRITE;
/*!40000 ALTER TABLE `w_product` DISABLE KEYS */;
INSERT INTO `w_product` VALUES (1,'Wintop Handbag','<span style=\"font-family:Arial,;\"> \r\n<p class=\"MsoListParagraph\" style=\"margin-left:18.0pt;text-indent:-18.0pt;\">\r\n	<br />\r\n</p>\r\n</span>','/upload/product/000/000/002/58c2665504d97.jpg','/upload/product/000/000/002/58c2665a64608.jpg','/upload/product/000/000/002/58c27e8860299.jpg','/upload/product/000/000/002/58c2663abc602.jpg','/upload/product/000/000/002/58c26641298f2.jpg','2017-03-16 09:40:57',0,0,'The delicate beads <br />\r\nrecord every<br />\r\ncelebration.','<br />\r\n方寸之间细腻的珠子记录着每一次庆贺时分。'),(2,'Wintop Handbag','<br />','/upload/product/000/000/002/58c2667e8ad3f.jpg','/upload/product/000/000/002/58c26683987ed.jpg','/upload/product/000/000/002/58c27ea235ee2.jpg','/upload/product/000/000/002/58c2668fbd8bb.jpg','/upload/product/000/000/002/58c26693d1593.jpg','2017-03-15 09:40:17',0,0,'Beauty is in sight.','<br />\r\n美之视角，触手可见。'),(3,'Wintop Handbag','<br />','/upload/product/000/000/002/58c266bb17b16.jpg','/upload/product/000/000/002/58c266c55f4a3.jpg','/upload/product/000/000/002/58c27ebe97e0d.jpg','/upload/product/000/000/002/58c266d00bb73.jpg','/upload/product/000/000/002/58c266d53d2b8.jpg','2017-03-15 09:41:09',0,0,'Chic Formula.','<br />\r\n见证时尚，恒久随行。'),(4,'Wintop Handbag','<br />','/upload/product/000/000/002/58c266f3c609b.jpg','/upload/product/000/000/002/58c266fa05915.jpg','/upload/product/000/000/002/58c27eeea2cbd.jpg','/upload/product/000/000/002/58c26737bf1a0.jpg','/upload/product/000/000/002/58c2674143966.jpg','2017-03-15 09:41:21',0,0,'Square Dancing.','<br />\r\n感动的旋律，迷人的舞动着'),(5,'Wintop Handbag','<br />','/upload/product/000/000/002/58c270b3418fb.jpg','/upload/product/000/000/002/58c2706b3c2fd.jpg','/upload/product/000/000/002/58c11da40ab2a.jpg','/upload/product/000/000/002/58c11dab9573e.jpg','/upload/product/000/000/002/58c270789f32d.jpg','2017-03-16 07:47:35',0,0,'The breeze is dream<br />\r\nor illusion?','<br />\r\n微风拂起，是梦是幻？'),(6,'Wintop Handbag','<br />','/upload/product/000/000/002/58c11fd953ac7.jpg','/upload/product/000/000/002/58c270e1aa615.jpg','/upload/product/000/000/002/58c11e0c26f2b.jpg','/upload/product/000/000/002/58c270ea7595a.jpg','/upload/product/000/000/002/58c270f067ed4.jpg','2017-03-16 07:48:32',0,0,'Square, Stripe, Retro<br />\r\nSimple and Modern<br />\r\nDelicate.','<br />\r\n方格，条纹，复古简约和摩登精致的融合。'),(7,'Wintop Handbag','<br />','/upload/product/000/000/002/58c273f75ce4a.jpg','/upload/product/000/000/002/58c273aa1bf72.jpg','/upload/product/000/000/002/58c273d48b315.jpg','/upload/product/000/000/002/58c273c4ac61a.jpg','/upload/product/000/000/002/58c273cdef499.jpg','2017-03-16 07:54:07',0,0,'Simplicity,<br />\r\nlike the years of walks on by, Pure in heart.','<br />\r\n简单，就像是轻轻走过的岁月，<br />\r\n不染风尘，天涯海角，尽在心间。'),(8,'Wintop Handbag','','/upload/product/000/000/002/58c2783fdb94e.jpg','/upload/product/000/000/002/58c278461e3e1.jpg','/upload/product/000/000/002/58c27857ae73b.jpg','/upload/product/000/000/002/58c2785d15eb0.jpg','/upload/product/000/000/002/58c278615c229.jpg','2017-03-16 07:50:16',0,0,'All About Diamonds,<br />\r\nAlways in art<br />\r\ninspiration &amp; Superb<br />\r\nSkills.','<br />\r\n美钻传奇的前世今生，始终于艺术灵感与精湛技艺中锻造出万千风姿。'),(9,'Wintop Handbag','','/upload/product/000/000/002/58c27871dceb1.jpg','/upload/product/000/000/002/58c27877e079b.jpg','/upload/product/000/000/002/58c2788c45574.jpg','/upload/product/000/000/002/58c2789306bb1.jpg','/upload/product/000/000/002/58c2789e8f3e4.jpg','2017-03-16 07:55:26',0,0,'All About Diamonds,<br />\r\nAlways in art<br />\r\ninspiration &amp; Superb<br />\r\nSkills.','<br />\r\n美钻传奇的前世今生，始终于艺术灵感与精湛技艺中锻造出万千风姿。'),(10,'Wintop Handbag','','/upload/product/000/000/002/58c278b2e24b2.jpg','/upload/product/000/000/002/58c278b8c849f.jpg','/upload/product/000/000/002/58c278c7dde65.jpg','/upload/product/000/000/002/58c278cd4561d.jpg','/upload/product/000/000/002/58c278d17fa9f.jpg','2017-03-16 07:55:54',0,0,'All About Diamonds, <br />\r\nAlways in art<br />\r\ninspiration &amp; Superb<br />\r\nSkills.','<br />\r\n美钻传奇的前世今生，始终于艺术灵感与精湛技艺中锻造出万千风姿。'),(11,'Wintop Handbag','','/upload/product/000/000/002/58c278df6d892.jpg','/upload/product/000/000/002/58c278e4a3a56.jpg','/upload/product/000/000/002/58c278ef5ad37.jpg','/upload/product/000/000/002/58c278f41b9ba.jpg','/upload/product/000/000/002/58c278f863cc3.jpg','2017-03-16 07:56:39',0,0,'Natural and Smooth <br />\r\nMaterial Ignite the<br />\r\nhidden light of life.','<br />\r\n行云流水般的清雅，点燃其隐藏的生命之光，一览芳华。 '),(12,'Wintop Handbag','','/upload/product/000/000/002/58c27906a28f6.jpg','/upload/product/000/000/002/58c2790d79dc6.jpg','/upload/product/000/000/002/58c2791a25231.jpg','/upload/product/000/000/002/58c2791feee4e.jpg','/upload/product/000/000/002/58c27926ec4de.jpg','2017-03-16 07:57:57',0,0,'Deep Inherence<br />\r\nof Aesthetic Belief.','<br />\r\n美学信仰，深邃内在。'),(13,'Wintop Handbag','','/upload/product/000/000/002/58c279350168a.jpg','/upload/product/000/000/002/58c2793a1f797.jpg','/upload/product/000/000/002/58c279480b6d3.jpg','/upload/product/000/000/002/58c2795ef326f.jpg','/upload/product/000/000/002/58c279660e9b9.jpg','2017-03-16 07:58:31',0,0,'All About Diamonds, <br />\r\nAlways in art<br />\r\ninspiration &amp; Superb<br />\r\nSkills.','<br />\r\n美钻传奇的前世今生，始终于艺术灵感与精湛技艺中锻造出万千风姿。'),(14,'Wintop Handbag','','/upload/product/000/000/002/58c27f204386b.jpg','/upload/product/000/000/002/58c27f2a6e7bf.jpg','/upload/product/000/000/002/58c27f3c353a8.jpg','/upload/product/000/000/002/58c27f42083e6.jpg','/upload/product/000/000/002/58c27f479a013.jpg','2017-03-15 09:52:52',0,0,'Chasing The Color.','<br />\r\n缤纷多彩。'),(15,'Wintop Handbag','','/upload/product/000/000/002/58c27f5a946ab.jpg','/upload/product/000/000/002/58c27f898007b.jpg','/upload/product/000/000/002/58c28012dffa7.jpg','/upload/product/000/000/002/58c2801bb9143.jpg','/upload/product/000/000/002/58c28029b067c.jpg','2017-03-15 09:53:05',0,0,'Way Beyond.','<br />\r\n拒绝奢华，超然物外。'),(16,'Wintop Handbag','','/upload/product/000/000/002/58c28046de360.jpg','/upload/product/000/000/002/58c2804fb1032.jpg','/upload/product/000/000/002/58c2805b71a85.jpg','/upload/product/000/000/002/58c2806378d9b.jpg','/upload/product/000/000/002/58c28069431b7.jpg','2017-03-16 07:59:33',0,0,'All About Diamonds, <br />\r\nAlways in art<br />\r\ninspiration &amp; Superb<br />\r\nSkills.','<br />\r\n美钻传奇的前世今生，始终于艺术灵感与精湛技艺中锻造出万千风姿。'),(17,'Wintop Handbag','','/upload/product/000/000/002/58c280bd04413.jpg','/upload/product/000/000/002/58c280cc2ebd8.jpg','/upload/product/000/000/002/58c280d38a446.jpg','/upload/product/000/000/002/58c280d8bccf0.jpg','/upload/product/000/000/002/58c280de59ec3.jpg','2017-03-15 09:54:45',0,0,'As Time Goes By, <br />\r\nOnly Love and Grace Can Last Forever.','<br />\r\n云卷云舒， 时光流逝，薄纱轻抚过岁月；<br />\r\n如同一首隽永的诗，唯有爱与优雅得以永恒。'),(18,'Wintop Handbag','','/upload/product/000/000/002/58c280ecb1904.jpg','/upload/product/000/000/002/58c280f36a7a3.jpg','/upload/product/000/000/002/58c280ffc4cbe.jpg','/upload/product/000/000/002/58c2810675067.jpg','/upload/product/000/000/002/58c2810a704e6.jpg','2017-03-27 11:57:43',0,0,'The past is gone, and no matter how far we<br />\r\nare from each other, <br />\r\nthe rhythm can always<br />\r\nlead us to know each<br />\r\nother.','<br />\r\n往事成烟，<br />\r\n不论你我相隔万水千山，<br />\r\n弹一曲天涯何处觅知音。'),(19,'Wintop Handbag','','/upload/product/000/000/002/58c28119dc76e.jpg','/upload/product/000/000/002/58c281200245b.jpg','/upload/product/000/000/002/58c2813094d47.jpg','/upload/product/000/000/002/58c2813564c82.jpg','/upload/product/000/000/002/58c28139b7208.jpg','2017-03-15 09:55:59',0,0,'Love in Feeling.','<br />\r\n纯净，美好，初爱。'),(20,'Wintop Handbag','','/upload/product/000/000/002/58c28147c1937.jpg','/upload/product/000/000/002/58c281508e0f9.jpg','/upload/product/000/000/002/58c281584e57a.jpg','/upload/product/000/000/002/58c2815e448be.jpg','/upload/product/000/000/002/58c28162c06d2.jpg','2017-03-15 09:56:13',0,0,'Love in Feeling.','<br />\r\n纯净，美好，初爱。'),(21,'Wintop Handbag','','/upload/product/000/000/002/58c2817ba0341.jpg','/upload/product/000/000/002/58c28181f2ed3.jpg','/upload/product/000/000/002/58c2818d1f776.jpg','/upload/product/000/000/002/58c28196816b3.jpg','/upload/product/000/000/002/58c2819b84d92.jpg','2017-03-15 10:09:52',0,0,'Homage to the<br />\r\nClassics.','<br />\r\n奢华璀璨，致敬经典。'),(22,'Wintop Handbag','','/upload/product/000/000/002/58c281bed5e3f.jpg','/upload/product/000/000/002/58c281d12c6c5.jpg','/upload/product/000/000/002/58c281dcb3157.jpg','/upload/product/000/000/002/58c281e32b676.jpg','/upload/product/000/000/002/58c281e92a955.jpg','2017-03-15 09:56:42',0,0,'Chasing The Color.','<br />\r\n缤纷多彩。'),(23,'Wintop Handbag','','/upload/product/000/000/002/58c281fe99cae.jpg','/upload/product/000/000/002/58c282054860e.jpg','/upload/product/000/000/002/58c282155a9fc.jpg','/upload/product/000/000/002/58c2821ad63fd.jpg','/upload/product/000/000/002/58c2821f7fc4a.jpg','2017-03-15 10:10:19',0,0,'Homage to the<br />\r\nClassics.','<br />\r\n奢华璀璨，致敬经典。'),(24,'Wintop Handbag','','/upload/product/000/000/002/58c2822e9cc23.jpg','/upload/product/000/000/002/58c28233cbdd7.jpg','/upload/product/000/000/002/58c2829be0937.jpg','/upload/product/000/000/002/58c2824c8b3cd.jpg','/upload/product/000/000/002/58c28250bb280.jpg','2017-03-15 11:54:21',0,0,'Striation &amp; Wave Point Eternal of Stitch and<br />\r\nHandicrafts.','<br />\r\n机械化发展，使本应融入物品里的生命被稀释。波点、横条这些经典元素在匠心手作的工艺中被重新焕发出生命，一针一线永恒流传。'),(25,'Wintop Handbag','','/upload/product/000/000/002/58c282b6b4cf7.jpg','/upload/product/000/000/002/58c282bbc9b5f.jpg','/upload/product/000/000/002/58c282c9bbea3.jpg','/upload/product/000/000/002/58c282cfaf0c0.jpg','/upload/product/000/000/002/58c282d416dd4.jpg','2017-03-27 12:00:11',0,0,'Cloud,<br />\r\nWandering In The Vast Blue Sky.<br />\r\nMe,<br />\r\nSwaying Into Sky,<br />\r\nWith A Swirling.','<br />\r\n云，徜徉在辽阔的蓝天；<br />\r\n我，摇曳入晴空，乘化随舒卷。'),(26,'Wintop Handbag','','/upload/product/000/000/002/58c282e5ea010.jpg','/upload/product/000/000/002/58c282ebdf87a.jpg','/upload/product/000/000/002/58c282f8df652.jpg','/upload/product/000/000/002/58c282fe0b77d.jpg','/upload/product/000/000/002/58c2830424741.jpg','2017-03-16 08:02:25',0,0,'The past is gone, and no matter how far we<br />\r\nare from each other, <br />\r\nthe rhythm can always<br />\r\nlead us to know each<br />\r\nother.','<br />\r\n往事成烟，<br />\r\n不论你我相隔万水千山，<br />\r\n弹一曲天涯何处觅知音。'),(27,'Wintop Handbag','','/upload/product/000/000/002/58c28314a3716.jpg','/upload/product/000/000/002/58c283195f44f.jpg','/upload/product/000/000/002/58c283261d304.jpg','/upload/product/000/000/002/58c2832a26383.jpg','/upload/product/000/000/002/58c2832f16572.jpg','2017-03-15 10:10:49',0,0,'Simple Precipitation<br />\r\nand Passion Bloom.','<br />\r\n简约沉淀，激情绽放。'),(28,'Wintop Handbag','','/upload/product/000/000/002/58c2833e04630.jpg','/upload/product/000/000/002/58c28343b884a.jpg','/upload/product/000/000/002/58c2835102240.jpg','/upload/product/000/000/002/58c283580dfe2.jpg','/upload/product/000/000/002/58c2835c579b9.jpg','2017-03-16 08:03:00',0,0,'Luxury Beauty, <br />\r\nLifetime Beloved.','<br />\r\n紧扣时光，奢宠挚爱。'),(29,'Wintop Handbag','','/upload/product/000/000/002/58c2836addfa9.jpg','/upload/product/000/000/002/58c2836fc344b.jpg','/upload/product/000/000/002/58c2837c60762.jpg','/upload/product/000/000/002/58c2838dc19bb.jpg','/upload/product/000/000/002/58c28387e3fc4.jpg','2017-03-16 08:11:16',0,0,'Capture Time in a<br />\r\nMoment of Beauty,<br />\r\nDeeping Dialogue<br />\r\nbetween Memory<br />\r\nof the Metal and Noble<br />\r\nLeather, like light in the Sun and Wind in the<br />\r\nMusic.','<br />\r\n对话，<br />\r\n捕捉时光顷刻瞬间的华美，<br />\r\n金属的记忆与皮料的高贵之间的倾情对话，<br />\r\n为我们带来感情和气味，<br />\r\n犹如光之于太阳，音乐之于风。');
/*!40000 ALTER TABLE `w_product` ENABLE KEYS */;
UNLOCK TABLES;

--
-- Table structure for table `w_search_hot`
--

DROP TABLE IF EXISTS `w_search_hot`;
/*!40101 SET @saved_cs_client     = @@character_set_client */;
/*!40101 SET character_set_client = utf8 */;
CREATE TABLE `w_search_hot` (
  `id` int(11) NOT NULL AUTO_INCREMENT,
  `name` varchar(30) NOT NULL,
  `url` varchar(500) NOT NULL,
  `type` tinyint(1) NOT NULL,
  `sort` int(11) NOT NULL,
  `add_time` int(11) NOT NULL,
  PRIMARY KEY (`id`) USING BTREE
) ENGINE=MyISAM AUTO_INCREMENT=9 DEFAULT CHARSET=utf8 ROW_FORMAT=DYNAMIC COMMENT='热门搜索';
/*!40101 SET character_set_client = @saved_cs_client */;

--
-- Dumping data for table `w_search_hot`
--

LOCK TABLES `w_search_hot` WRITE;
/*!40000 ALTER TABLE `w_search_hot` DISABLE KEYS */;
INSERT INTO `w_search_hot` VALUES (1,'美食','',0,0,1426236061),(2,'酒店','',0,0,1426236069),(3,'火锅','',0,0,1426236075),(4,'料理','',0,0,1426236086),(5,'酒店','',0,0,1426236438),(6,'电影','',0,0,1426236445),(7,'家政','',0,0,1426236461);
/*!40000 ALTER TABLE `w_search_hot` ENABLE KEYS */;
UNLOCK TABLES;

--
-- Table structure for table `w_system_menu`
--

DROP TABLE IF EXISTS `w_system_menu`;
/*!40101 SET @saved_cs_client     = @@character_set_client */;
/*!40101 SET character_set_client = utf8 */;
CREATE TABLE `w_system_menu` (
  `id` int(11) NOT NULL AUTO_INCREMENT,
  `fid` int(11) NOT NULL,
  `name` char(20) NOT NULL,
  `module` char(20) NOT NULL,
  `action` char(20) NOT NULL,
  `sort` int(11) NOT NULL DEFAULT '0',
  `show` tinyint(1) NOT NULL DEFAULT '1' COMMENT '是否显示',
  `status` tinyint(1) NOT NULL DEFAULT '1',
  `area_access` tinyint(1) unsigned NOT NULL COMMENT '区域账号的使用权限',
  PRIMARY KEY (`id`) USING BTREE,
  KEY `fid` (`fid`) USING BTREE
) ENGINE=InnoDB AUTO_INCREMENT=48 DEFAULT CHARSET=utf8 ROW_FORMAT=COMPACT COMMENT='系统后台菜单表';
/*!40101 SET character_set_client = @saved_cs_client */;

--
-- Dumping data for table `w_system_menu`
--

LOCK TABLES `w_system_menu` WRITE;
/*!40000 ALTER TABLE `w_system_menu` DISABLE KEYS */;
INSERT INTO `w_system_menu` VALUES (1,0,'后台首页','','',10,1,1,1),(2,0,'系统设置','','',9,1,1,0),(3,0,'产品管理','','',5,1,1,0),(5,0,'用户管理','','',5,0,1,0),(6,1,'后台首页','index','main',0,1,1,0),(7,1,'修改密码','index','pass',0,1,1,1),(8,1,'个人资料','index','profile',0,1,1,0),(9,1,'更新缓存','index','cache',0,1,1,0),(10,2,'站点配置','config','index',0,1,1,0),(11,2,'友情链接','flink','index',0,1,1,0),(12,3,'产品列表','product','index',0,1,1,0),(13,3,'产品添加','product','add',0,1,1,0),(17,2,'广告管理','Adver','index',0,1,1,0),(19,2,'导航管理','Slider','index',0,1,1,0),(20,2,'热门搜索词','Searchhot','index',0,1,1,0),(29,5,'用户列表','user','index',0,0,1,0),(40,1,'管理员列表','index','account',0,1,1,0),(47,2,'底部导航','footer','index',0,0,1,0);
/*!40000 ALTER TABLE `w_system_menu` ENABLE KEYS */;
UNLOCK TABLES;

--
-- Table structure for table `w_user`
--

DROP TABLE IF EXISTS `w_user`;
/*!40101 SET @saved_cs_client     = @@character_set_client */;
/*!40101 SET character_set_client = utf8 */;
CREATE TABLE `w_user` (
  `uid` int(11) NOT NULL AUTO_INCREMENT,
  `openid` varchar(100) NOT NULL,
  `web_openid` varchar(100) NOT NULL,
  `union_id` varchar(100) NOT NULL COMMENT '微信唯一标识',
  `phone` varchar(20) NOT NULL,
  `pwd` varchar(32) NOT NULL,
  `nickname` varchar(50) NOT NULL,
  `sex` tinyint(1) NOT NULL COMMENT '性别，值为1时是男性，值为2时是女性，值为0时是未知',
  `province` varchar(20) NOT NULL,
  `city` varchar(20) NOT NULL,
  `avatar` varchar(200) NOT NULL,
  `qq` varchar(20) NOT NULL,
  `add_time` int(11) NOT NULL,
  `add_ip` bigint(20) NOT NULL,
  `last_time` int(11) NOT NULL,
  `last_ip` bigint(20) NOT NULL,
  `last_weixin_time` int(11) NOT NULL COMMENT '最后获取用户微信信息的时候',
  `score_count` int(11) NOT NULL,
  `now_money` decimal(8,2) NOT NULL,
  `is_check_phone` tinyint(1) NOT NULL DEFAULT '0' COMMENT '手机号是否验证',
  `is_follow` tinyint(1) NOT NULL DEFAULT '0' COMMENT '是否关注过微信公众号',
  `status` tinyint(1) NOT NULL DEFAULT '1' COMMENT '1为正常，0为禁止',
  `truename` varchar(20) NOT NULL COMMENT '真实姓名',
  `birthday` date NOT NULL COMMENT '生日',
  `occupation` int(10) unsigned NOT NULL COMMENT '职业',
  `message` varchar(200) NOT NULL COMMENT '交友宣言',
  `weidian_sessid` varchar(50) NOT NULL,
  `email` varchar(250) NOT NULL,
  `importid` int(10) unsigned NOT NULL DEFAULT '0' COMMENT 'user_import表id',
  `level` tinyint(3) unsigned NOT NULL DEFAULT '0' COMMENT '等级',
  PRIMARY KEY (`uid`) USING BTREE,
  KEY `openid` (`openid`) USING BTREE,
  KEY `union_id` (`union_id`) USING BTREE
) ENGINE=MyISAM AUTO_INCREMENT=41 DEFAULT CHARSET=utf8 ROW_FORMAT=DYNAMIC;
/*!40101 SET character_set_client = @saved_cs_client */;

--
-- Dumping data for table `w_user`
--

LOCK TABLES `w_user` WRITE;
/*!40000 ALTER TABLE `w_user` DISABLE KEYS */;
INSERT INTO `w_user` VALUES (1,'oNvVLt_2HWbiEjr2K5Z62j1VpqyQ','','','13856017160','e10adc3949ba59abbe56e057f20f883e','微服私访',1,'安徽','合肥','http://wx.qlogo.cn/mmopen/8QZU9vwPtY3gUibyAqOzcSUYjqicPcH4szjRicRHGwxw1wJzHOzzA3HLwicvAlZU0fLQdscClibTCPPUAGd2YN2E6Xkfsyiaqxn7hS/0','',1444020979,2027069539,1444389470,2027070649,0,2,0.00,0,1,1,'','0000-00-00',0,'','','',0,1),(2,'oNvVLtwODlm7jP1KJulHIvJpNQAY','','','15852440000','25d7b789ea6e14c18076f1a6971fa6e2','A 其实我是羊',1,'江苏','徐州','http://wx.qlogo.cn/mmopen/ajNVdqHZLLB2TOm8nnAschhbM4NM1nMTDzcNoDJKbEMCuT8vjQFfSrkibZ05aiaStjic20wSz9chRhlh3lHJ3eVNQ/0','',1444035459,987403958,1444035457,987403958,0,0,0.00,0,1,1,'','0000-00-00',0,'','','',0,0),(3,'oNvVLt2BTu02ZXhxxC9IJqsIOKvk','','','13012345678','25d7b789ea6e14c18076f1a6971fa6e2','阿弥陀佛',2,'','','','',1444035573,987403958,1444037889,987403958,0,0,0.00,0,0,1,'','0000-00-00',0,'','','',0,0),(4,'oNvVLt7IvO9DstZzZW-L5mutYbvI','','','18326005087','e10adc3949ba59abbe56e057f20f883e','小微',2,'','','http://wx.qlogo.cn/mmopen/rK1nsTlCD8FujibzrekDK4MrhViaocRe0s2BiarQEzt7Gia1BGIhroh5TqBldicTkAiaiajJeID2ibwO4mUCsmGpggsfjh1Id8KWUUnXyzCjvNO82EQ/0','',1444131089,3748139630,1444131085,1880768581,0,0,0.00,0,1,1,'','0000-00-00',0,'','','',0,0),(5,'oNvVLtyiH8Ek_M-BSjB3068Hl7Po','','','13954650001','e10adc3949ba59abbe56e057f20f883e','金洲',1,'山东','东营','http://wx.qlogo.cn/mmopen/8QZU9vwPtY286GcL2M9P03TdugxjW40HxxQrUq57iboiaOT4IT76vhH31qicdPl2GiaJAerskxvQYG2ibLg8ckUvouUwyHqMGzayE/0','',1444142708,659497928,1444174419,3733388240,0,0,0.00,0,1,1,'','0000-00-00',0,'','','',0,0),(6,'oNvVLtzGrZX8NbRfrEpq7zwVD9Yk','','','13555555555','e10adc3949ba59abbe56e057f20f883e','a浙江互联网+投融项目王军国',1,'浙江','金华','http://wx.qlogo.cn/mmopen/UhHAHQJcoVFkbrQWZDSO71r5V3WjCUhRa2Qs31Ohxn9rSCpqYSheLpQuJIlfmC3zyYdvd0cDNyC6iaxbUbPQIPhA9Hq1nsqc1/0','',1444144314,1943199199,1444321615,1943199199,0,0,0.00,0,1,1,'','0000-00-00',0,'','','',0,0),(7,'oNvVLt400uuFUBPYNrp8lWvvJYWY','','','13925252540','5a8cf966c4edb9926a31477eb5d0dcf0','Ch.',1,'广东','深圳','http://wx.qlogo.cn/mmopen/rK1nsTlCD8FEHnMZ5PV1JO0I5WHkRwfLDYibbYhBxjHlHz3o7jJIY5LCiaBpmGMic2qa5djOLmXAibGb68448BuBGcYypiaRWI5fm/0','',1444151392,1971857584,1444151392,1971857584,0,0,0.00,0,1,1,'','0000-00-00',0,'','','',0,0),(8,'','','','13789404328','39a4d59145d65195cbb0162ce1f1e03a','137****4328',0,'','','','',1444155594,1008690228,1444155594,1008690228,0,0,0.00,0,0,1,'','0000-00-00',0,'','','',0,0),(9,'oNvVLtyFttufXkLmd9NIy7GKHJKI','','','18612340396','f7316e1c2cffd2e43fc0d49eb1f8d31c','新尚网络科技',1,'河南','驻马店','http://wx.qlogo.cn/mmopen/uFBC6qu5kibYjDP17XrUUFr3FiacBAf9ricia55ibnoMPfe3zfecBV5uVf2kAiaFNz5Lib7WdGib8icXJ3IBmwplU2Sa4FA/0','',1444170626,2016691598,1444171103,1851903973,0,0,0.00,0,1,1,'','0000-00-00',0,'','','',0,0),(10,'oNvVLt_PfxrwG7LFrNzYpLKcdb4k','','','13658733979','e13f3643cc57e9c43577229842080912','136****3979',1,'云南','红河','http://wx.qlogo.cn/mmopen/UhHAHQJcoVEEFGK0qy3oibP73p5sbHkjkgPfPxQROLD7BKSCC1adQaoAU81icqTSEKNKXpVibdXrKXCftkLMYVzK8DhX175NLWy/0','',1444196169,3069286448,1444332606,3069286448,0,0,0.00,0,0,1,'','0000-00-00',0,'','','',0,0),(11,'oNvVLt5OFKTkuwgZ2PGRFe6_1GCM','','','18720283960','dc2e2890c328bcdd8f909cdc895707c6','况苏凡',1,'江西','九江','http://wx.qlogo.cn/mmopen/rK1nsTlCD8GUHveWXwbsO8N6UFonTPZCUZziasoWXwPuzPwd080sMZjTBdD2NsdPdiahGLRR2M6TC8H6fIpmfUtg/0','',1444196775,1971862638,1444202378,2026785827,0,0,0.00,0,1,1,'','0000-00-00',0,'','','',0,0),(12,'oNvVLt8lJcdq9hVNn96FI4jMpunw','','','13326189837','e10adc3949ba59abbe56e057f20f883e','文子',1,'浙江','衢州','http://wx.qlogo.cn/mmopen/8QZU9vwPtY286GcL2M9P04AH0icFiacFat0AsumbDzf9eJiaB3d4VGGtzCfUfw8LgSBk72FfTp8JC7OZsjwQnjibVHia5r1vpziabx/0','',1444200275,3747540537,1444377320,3747540616,0,15,0.00,0,1,1,'','0000-00-00',0,'','','',0,0),(13,'oNvVLt6c0tgRGmlGV8VWh8nRN5BE','','','13080850826','e10adc3949ba59abbe56e057f20f883e','爱在盛京',2,'辽宁','沈阳','http://wx.qlogo.cn/mmopen/uFBC6qu5kibaial8KI3Oua3THtnS5Niba8cP9LafAQWBKcrjibDX4Oc5JVsKsXQJ1icUj2rQ9frqPGibyqKoQTxCztiapyC7FJ37Knw/0','',1444202604,2076169598,1444202604,2076169598,0,0,0.00,0,1,1,'','0000-00-00',0,'','','',0,0),(14,'oNvVLt9cp1w7wxHAdBThZhqcBL2g','','','15381141888','21218cca77804d2ba1922c33e0151105','hello world',1,'浙江','杭州','http://wx.qlogo.cn/mmopen/rK1nsTlCD8FuOBnszFpxHiblGstmMz6VGzDg0R2uaMS3kicicS39HkyQHdaOX7SlesD3qicSOtcBCXlo57ic7zOqD3JXBTvJ8OXpS/0','',1444207689,3078657836,1444215248,3078657836,0,0,0.00,0,0,1,'','0000-00-00',0,'','','',0,0),(15,'oNvVLtzZwVCMEva9megPmFiQipE4','','','13838385438','733d7be2196ff70efaf6913fc8bdcabf','车小车 八阿哥火锅',1,'陕西','西安','http://wx.qlogo.cn/mmopen/8QZU9vwPtY286GcL2M9P0ibyTzGRzzrdQJH00eIfU3joMDNDbLLiapx9FwNmia82PMBHgKE36EBuEYDHSwf5xcrJdgP7ZueWrOI/0','',1444209590,606622864,1444309651,606623446,0,0,0.00,0,1,1,'','0000-00-00',0,'','','',0,0),(16,'oNvVLtwBTv0ClYrxFoLPzH34lQ3g','','','15380980365','e10adc3949ba59abbe56e057f20f883e','110',1,'江苏','南京','http://wx.qlogo.cn/mmopen/VflIArgnfqGM0uy5DZzzqaHut3Yc6GKb7S8DZ9Duo9LGvXG7ia1iaGG4CLjY4icGDg9XLibfa284aV1371jQkPIT8CGfo64m1jXk/0','',1444209689,1968744819,1444209689,1968744819,0,0,0.00,0,1,1,'','0000-00-00',0,'','','',0,0),(17,'oNvVLtx0Hg5TrVuHqOe0LMR12Nf4','','','13312345678','e10adc3949ba59abbe56e057f20f883e','粘粘',2,'陕西','西安','http://wx.qlogo.cn/mmopen/Q3auHgzwzM6icwiaySLy6B92NkicISbO9Jmp7LXIVGYfggk3rMMS0UFN18hezUuNMrCcicfzNErV4WeucJf4rKJpqLqes7qnzKuKibiaN6LUaVAmw/0','',1444210722,606622864,1444211148,606622864,0,0,0.00,0,0,1,'','0000-00-00',0,'','','',0,0),(18,'oNvVLt27KOQTQm-ZpQSv_3LmK7eo','','','15716655656','e10adc3949ba59abbe56e057f20f883e','涛',1,'','','http://wx.qlogo.cn/mmopen/uFBC6qu5kibabFx4lwBWic3kXduTJwPMkscoSFyoukeCGBy5jR2iaW7AcFiaPoic4dOqj2sl71f3s5rrVBKNMNUMNPg/0','',1444215510,3083640733,1444391033,3083640733,0,0,0.00,0,1,1,'','0000-00-00',0,'','','',0,0),(19,'oNvVLt6uC-0JVVTwelqR5WUMaues','','','13804363211','0590b110d0c19c07cf50a89cdf73d45f','一米阳光',1,'吉林','白城','http://wx.qlogo.cn/mmopen/UhHAHQJcoVFkbrQWZDSO79d7I70t5xibsjZuiayUvPz44fdDQrVhf1YS1F64qzD3SdRuErJ7ReZovLIUR1pPpO3icGcSmlT9K3w/0','',1444216440,2937547969,1444317610,2937547969,0,0,0.00,0,0,1,'','0000-00-00',0,'','','',0,0),(20,'oNvVLtx-efCBEM7G5VWLKx1ygL74','','','13062038288','91a74cbcd2cb3c2a818674d951136b7d','一印一世界',1,'山东','枣庄','http://wx.qlogo.cn/mmopen/uFBC6qu5kiba93VvoDwHQbnQL2HkbJ1OtnmgFiaCtriaX2NuL8R8ZrpcQppnjpTxfRpo1EnvSKna10k2zZBGFatyw/0','',1444218989,2008341468,1444218989,2008341468,0,0,0.00,0,0,1,'','0000-00-00',0,'','','',0,0),(21,'oNvVLtwAE9TGqQ_zwjImn0I1Kq6E','','','15959525100','83b4ef5ae4bb360c96628aecda974200','梁泉源',1,'福建','厦门','http://wx.qlogo.cn/mmopen/ajNVdqHZLLDKWOA41p3GTEfbNGNep0QLNF9QcVMrwEzUcwHBd5XB5bJ63fTSXUe4QE2PwA6t4yEwTC7mkFlonA/0','',1444280037,462957509,1444280037,462957509,0,0,0.00,0,1,1,'','0000-00-00',0,'','','',0,0),(22,'oNvVLt-BgRf3CyCQKHfE21U2Gob8','','','13703716967','3e142e899d0fb6ebb027e9a2563265be','农夫有点田',1,'河南','郑州','http://wx.qlogo.cn/mmopen/rK1nsTlCD8GOwv1GiaraUFDibPHYseNzSzBxWoNC1eicFrkcHPoYMLVibNKNvzNIZdUbTNg6KBd9iac1w24icoyibzbuA/0','',1444284732,1026848563,1444360281,1026848563,0,0,0.00,0,1,1,'','0000-00-00',0,'','','',0,0),(23,'oNvVLtxw3ukBbtwh11Sh78qSHvsk','','','13854637200','e10adc3949ba59abbe56e057f20f883e','大家好。',2,'山东','东营','http://wx.qlogo.cn/mmopen/Q3auHgzwzM7uo6JRibx2xc4Ip2zUntdrFhXbjgSVMKdTuFyDVLSFKdU7AEldxloMIYnM1VXaztAAM6W3icwNUK07SNFsFibV1w2BFgzz6eFOZg/0','',1444286323,3055874916,1444295258,3055874916,0,0,0.00,0,1,1,'','0000-00-00',0,'','','',0,0),(24,'oNvVLt__5EdFo7RU0kT46D4Hv4nY','','','15200949307','111a3416d363aa99f802f395268be736','微信开发～ 张峰',1,'湖南','长沙','http://wx.qlogo.cn/mmopen/rK1nsTlCD8FKI1E63pm8a00fnwfdHlCL4FztpiblvEIcJ9xAUwyicP8wH9fYLqFnB2d0Arw1fRTsr95SOPcO9bPwYnInW138yx/0','',1444310812,1858809419,1444310947,1858809419,0,0,0.00,0,0,1,'','0000-00-00',0,'','','',0,0),(25,'oNvVLt6RBZ-h3frSUMdqqLPmgObo','','','13178941708','2a2e9dd90e526cac1e6c5e61f6a6b04c','Jimmy  Chen',1,'海南','琼海','http://wx.qlogo.cn/mmopen/uFBC6qu5kibYXdia9GjN5R0TPKaCN1TibRmtzJeKtlsl2Bz7YBfljPzYDpiblp9urFibxZKdric5Z0FeJLt7MJXOtiaCQ/0','',1444329118,3748140853,1444369467,3748140853,0,0,0.00,0,1,1,'','0000-00-00',0,'','','',0,0),(26,'oNvVLt6KJQEnBoCgKTFwpdUxWwqI','','','17703439449','e45ac475380b4028af84bcd61f9484f6','上山的蚂蚁',1,'山西','太原','http://wx.qlogo.cn/mmopen/uFBC6qu5kibac18NOia1MxC6e6iaKmxyxpiaECT4f2F2BXY9MDxC3YeicXC5icwMv0g618O4WnwIXAnu29tustSsvGhgWKmfHGr702/0','',1444362367,2876636688,1444362473,2876636688,0,0,0.00,0,1,1,'','0000-00-00',0,'','','',0,0),(27,'oNvVLtxO41WY663Ju-DhaWxrBkwA','','','13800138000','1bdbfab67d110b21b005d17257fbac49','゛ 王小軼 、  ',1,'四川','成都','http://wx.qlogo.cn/mmopen/UhHAHQJcoVHM2tJicIQHibB1kxcgelexGa82G68mSX63tubQsPLY4k53oOLEMhPorba2csLO04xBGWr6lyVT4KTujLwTwQBe3h/0','',1444366822,1987126626,1444366822,1987126626,0,0,0.00,0,0,1,'','0000-00-00',0,'','','',0,0),(28,'oNvVLt4sHLA5Zm1PSe9MTSYgf5Iw','','','13942316199','e10adc3949ba59abbe56e057f20f883e',' A..一天到晚游泳的鱼',1,'辽宁','抚顺','http://wx.qlogo.cn/mmopen/Q3auHgzwzM6icwiaySLy6B92NkicISbO9Jmib1uVk0P0nDnmmAHw3h5ITOOIHXcNSicpapXIByaVBJTWUf5GY1XOdibZf9Xwwlc3D0qzbPdkylzdI/0','',1444371443,1910804600,1444372887,1910804600,0,0,0.00,0,1,1,'','0000-00-00',0,'','','',0,0),(29,'oNvVLtxvjDcwnv8OHzj6wzct8BAM','','','13204132411','e10adc3949ba59abbe56e057f20f883e','A清原024便民网',2,'辽宁','抚顺','http://wx.qlogo.cn/mmopen/VflIArgnfqGM0uy5DZzzqaLAhPWic6KEvXXejIPl0yw4UDOGeiariauBvuVugtOsVH9GpyS80oevAdWRyHakpjrdfUOK11L0rEv/0','',1444371953,1910804600,1444371953,1910804600,0,0,0.00,0,1,1,'','0000-00-00',0,'','','',0,0),(30,'oNvVLtxYfkPBvG-4m-pGvjn0qnZM','','','11111111111','e10adc3949ba59abbe56e057f20f883e','后悔无期',1,'','','http://wx.qlogo.cn/mmopen/uFBC6qu5kibaIogTroMiccejEib90kmLQ6nHicAWdbmSnjOiapZXORkSFKeft5cMHdT5MiaribjTN3WBjtIkxBekjSzSg/0','',1444372385,3723157180,1444372370,3723157180,0,0,0.00,0,1,1,'','0000-00-00',0,'','','',0,0),(31,'oNvVLt5kKz95Rz7yTzvuQIN9ZzZs','','','13456787654','e10adc3949ba59abbe56e057f20f883e','凤凰城',2,'','','http://wx.qlogo.cn/mmopen/rK1nsTlCD8HbBiaa2GhUs5GGtV8QnIYSj0jFOPzCfIVQQOxicvdhQicqBrqiccWXU8xu5DmpKeOAjC6QLFWYM9I5TcnguTldYiaOj/0','',1444372393,3720472435,1444372393,3720472435,0,0,0.00,0,0,1,'','0000-00-00',0,'','','',0,0),(32,'oNvVLtymy_RvwwPhnJ8wRsa-TvAg','','','13784569325','e10adc3949ba59abbe56e057f20f883e','英雄地带',1,'河北','邯郸','http://wx.qlogo.cn/mmopen/PiajxSqBRaEJiaBUDx6UolWYBecMbO0icruiaGawZX6AgWmueBJ97vJzicSDtUy5icFlibQCEBM5dfS9coTKk0oic5nhcQ/0','',1444372738,3720472435,1444372738,3720472435,0,0,0.00,0,0,1,'','0000-00-00',0,'','','',0,0),(33,'oNvVLt5jUI268Woy_YmcD8w6YvBs','','','18953632228','e10adc3949ba59abbe56e057f20f883e','微赢之天下',1,'山东','潍坊','http://wx.qlogo.cn/mmopen/rK1nsTlCD8FuOBnszFpxH8gX0GJ1njIicFyNILzJU60ZMibibLOPpnFAexkow5Hj1YE0tnaOJicibjazBlNuIKkL4jpQ66icw1dE6F/0','',1444373453,2419345090,1444373453,2419345090,0,0,0.00,0,1,1,'','0000-00-00',0,'','','',0,0),(34,'','','','13888888888','e10adc3949ba59abbe56e057f20f883e','138****8888',0,'','','','',1450228348,3658198342,1450228348,3658198342,0,0,0.00,0,0,1,'','0000-00-00',0,'','','',0,0),(35,'','','','15715554252','e10adc3949ba59abbe56e057f20f883e','157****4252',0,'','','','',1450236483,719366190,1450236483,719366190,0,0,0.00,0,0,1,'','0000-00-00',0,'','','',0,0),(36,'oDC9Yt6ZyUFN47_3qVrclX19mgZs','','','','','利川网曾成书',1,'湖北','恩施','http://wx.qlogo.cn/mmopen/UOxtEibEkh00Q7cl6YZQzSiamx0zxapx1nKnQ6t0E8dZyvuKNDic3mJZqzgdic8npeB2gRMuxhtNfib6CRjwxqL1QQhGNjUM50sSia/0','',1450250662,1874187507,1450250933,1874187507,1450250662,0,0.00,0,1,1,'','0000-00-00',0,'','','',0,0),(37,'oDC9Yt-WVThWcyrxhNtSUXSPYE1g','','','','','谢国栋',1,'广东','湛江','http://wx.qlogo.cn/mmopen/bA8AdibFG1nHdpFHXF0ibAnaGrLqQviawNmTCKVmibpQXqLRHGBEvmgxURA9HYZYlYlpFVptjQQiaELPUTYyIQMUiatqec0Vz3xWjo/0','',1450250702,2005347580,1450280331,236807134,1450250702,0,0.00,0,1,1,'','0000-00-00',0,'','','',0,0),(38,'oDC9Yt17An-0oJeYk9PKM8Jd_kLQ','','','','','伐木类',1,'河南','平顶山','http://wx.qlogo.cn/mmopen/PiajxSqBRaEIqfZgO9wRFVR8pfNBE2JdjCwDpBMBIdiaYBicp1ohzruBqGluTVwrtTobXZVSZaQ87wfx3Ts4icl4pA/0','',1450261817,2074094706,1450261817,2074094706,1450261817,0,0.00,0,0,1,'','0000-00-00',0,'','','',0,0),(39,'','','','13899904100','e10adc3949ba59abbe56e057f20f883e','138****4100',0,'','','','',1450267780,3748138393,1450267780,3748138393,0,0,0.00,0,0,1,'','0000-00-00',0,'','','',0,0),(40,'','','','18610165758','4297f44b13955235245b2497399d7a93','186****5758',0,'','','','',1451451690,2936404521,1451451690,2936404521,0,0,0.00,0,0,1,'','0000-00-00',0,'','','',0,0);
/*!40000 ALTER TABLE `w_user` ENABLE KEYS */;
UNLOCK TABLES;

--
-- Table structure for table `w_user_adress`
--

DROP TABLE IF EXISTS `w_user_adress`;
/*!40101 SET @saved_cs_client     = @@character_set_client */;
/*!40101 SET character_set_client = utf8 */;
CREATE TABLE `w_user_adress` (
  `adress_id` int(11) NOT NULL AUTO_INCREMENT,
  `uid` int(11) NOT NULL,
  `name` varchar(20) NOT NULL,
  `phone` varchar(20) NOT NULL,
  `province` int(11) NOT NULL,
  `city` int(11) NOT NULL,
  `area` int(11) NOT NULL,
  `adress` varchar(100) NOT NULL,
  `zipcode` int(11) NOT NULL,
  `default` tinyint(1) NOT NULL DEFAULT '0',
  PRIMARY KEY (`adress_id`) USING BTREE,
  KEY `uid` (`uid`) USING BTREE,
  KEY `default` (`default`) USING BTREE
) ENGINE=MyISAM AUTO_INCREMENT=2 DEFAULT CHARSET=utf8 ROW_FORMAT=DYNAMIC COMMENT='用户收货地址';
/*!40101 SET character_set_client = @saved_cs_client */;

--
-- Dumping data for table `w_user_adress`
--

LOCK TABLES `w_user_adress` WRITE;
/*!40000 ALTER TABLE `w_user_adress` DISABLE KEYS */;
INSERT INTO `w_user_adress` VALUES (1,5,'金洲','13954650001',2182,2214,2215,'开发区软件园',257091,1);
/*!40000 ALTER TABLE `w_user_adress` ENABLE KEYS */;
UNLOCK TABLES;

--
-- Table structure for table `w_user_collect`
--

DROP TABLE IF EXISTS `w_user_collect`;
/*!40101 SET @saved_cs_client     = @@character_set_client */;
/*!40101 SET character_set_client = utf8 */;
CREATE TABLE `w_user_collect` (
  `collect_id` int(11) NOT NULL AUTO_INCREMENT,
  `type` varchar(20) NOT NULL,
  `id` int(11) NOT NULL,
  `uid` int(11) NOT NULL,
  PRIMARY KEY (`collect_id`) USING BTREE,
  KEY `type` (`type`,`id`,`uid`) USING BTREE,
  KEY `collect_id` (`collect_id`,`type`,`uid`) USING BTREE
) ENGINE=MyISAM DEFAULT CHARSET=utf8 ROW_FORMAT=DYNAMIC;
/*!40101 SET character_set_client = @saved_cs_client */;

--
-- Dumping data for table `w_user_collect`
--

LOCK TABLES `w_user_collect` WRITE;
/*!40000 ALTER TABLE `w_user_collect` DISABLE KEYS */;
/*!40000 ALTER TABLE `w_user_collect` ENABLE KEYS */;
UNLOCK TABLES;

--
-- Table structure for table `w_user_long_lat`
--

DROP TABLE IF EXISTS `w_user_long_lat`;
/*!40101 SET @saved_cs_client     = @@character_set_client */;
/*!40101 SET character_set_client = utf8 */;
CREATE TABLE `w_user_long_lat` (
  `open_id` char(32) NOT NULL,
  `long` decimal(10,6) NOT NULL,
  `lat` decimal(10,6) NOT NULL,
  `dateline` int(10) unsigned NOT NULL,
  PRIMARY KEY (`open_id`) USING BTREE
) ENGINE=MyISAM DEFAULT CHARSET=utf8 ROW_FORMAT=FIXED;
/*!40101 SET character_set_client = @saved_cs_client */;

--
-- Dumping data for table `w_user_long_lat`
--

LOCK TABLES `w_user_long_lat` WRITE;
/*!40000 ALTER TABLE `w_user_long_lat` DISABLE KEYS */;
INSERT INTO `w_user_long_lat` VALUES ('oNvVLt_2HWbiEjr2K5Z62j1VpqyQ',117.353363,31.867596,1444393665),('oNvVLtwODlm7jP1KJulHIvJpNQAY',117.948523,33.903979,1444035656),('oNvVLt2BTu02ZXhxxC9IJqsIOKvk',117.948509,33.903957,1444035515),('oNvVLt7IvO9DstZzZW-L5mutYbvI',117.353874,31.867399,1444131132),('oNvVLt400uuFUBPYNrp8lWvvJYWY',113.900345,22.579227,1444191942),('oNvVLt5S-NQeYUg1Nqjiq36fyQ74',118.894958,39.423527,1444141526),('oNvVLtyiH8Ek_M-BSjB3068Hl7Po',118.670486,37.453709,1444174445),('oNvVLt6UTXbX-tD5Dj550tqjk1I0',112.501640,37.804466,1444143548),('oNvVLtzGrZX8NbRfrEpq7zwVD9Yk',120.053285,29.325992,1444322069),('oNvVLt5OFKTkuwgZ2PGRFe6_1GCM',115.974815,29.712694,1444202397),('oNvVLt3pZsJB8io2i1aubtEXc3pE',108.948361,30.299873,1444199156),('oNvVLt7hUF4vQlXV9JrGzXNqkbmk',119.899216,31.018934,1444206408),('oNvVLt6c0tgRGmlGV8VWh8nRN5BE',123.468040,41.809032,1444202789),('oNvVLt9cp1w7wxHAdBThZhqcBL2g',119.933076,30.063548,1444215255),('oNvVLt-D99XCeW1gxn1-_0Hhyv5I',118.154668,24.527337,1444373301),('oNvVLtzZwVCMEva9megPmFiQipE4',108.930344,34.251282,1444309648),('oNvVLtwBTv0ClYrxFoLPzH34lQ3g',118.813293,32.119030,1444212570),('oNvVLt6uC-0JVVTwelqR5WUMaues',124.283096,45.508279,1444317979),('oNvVLt4utwz6r-4MyAxD-kr4RN40',120.041763,30.367764,1444214500),('oNvVLt4zM2kqSvi5fmmcE-7YITU8',124.284327,45.504799,1444214740),('oNvVLt27KOQTQm-ZpQSv_3LmK7eo',111.717547,34.375159,1444391038),('oNvVLtx-efCBEM7G5VWLKx1ygL74',117.166604,35.107408,1444219008),('oNvVLt8lJcdq9hVNn96FI4jMpunw',119.899193,31.019024,1444377508),('oNvVLt_JymaR4tMDjoKSYO1iOu7Y',117.526054,36.696415,1444235476),('oNvVLt_PfxrwG7LFrNzYpLKcdb4k',103.396421,23.352047,1444332611),('oNvVLt9DdoLZn416GjsmuXn0gcvM',126.978180,47.464630,1444276704),('oNvVLtwAE9TGqQ_zwjImn0I1Kq6E',118.426079,24.804771,1444321844),('oNvVLt5YsOR6g8WeC8Fy6yYFJRCw',87.628410,43.803001,1444277364),('oNvVLt-BgRf3CyCQKHfE21U2Gob8',113.376579,34.786816,1444360862),('oNvVLtxw3ukBbtwh11Sh78qSHvsk',118.666100,37.426781,1444301109),('oNvVLt9fQRzLltFmAZFWTshR43GM',113.645798,34.826157,1444365870),('oNvVLt__5EdFo7RU0kT46D4Hv4nY',112.994901,28.195647,1444310837),('oNvVLt_Zy5ZX-PfCDiSZblLgZoEY',114.876858,30.446229,1444310814),('oNvVLt7UqKEUmpEXxt9O0TJqmRIA',115.510052,40.407867,1444311437),('oNvVLt2JmoQKtqnQlw94eCx3JHnc',114.202964,24.056812,1444312716),('oNvVLt6RBZ-h3frSUMdqqLPmgObo',110.467308,19.229771,1444370914),('oNvVLt6KJQEnBoCgKTFwpdUxWwqI',112.555954,37.838009,1444362705),('oNvVLtxO41WY663Ju-DhaWxrBkwA',103.520975,30.576566,1444366788),('oNvVLt4sHLA5Zm1PSe9MTSYgf5Iw',124.929550,42.091591,1444373451),('oNvVLt6yhbcKWtkWBr2fEaIQiqeU',106.621170,26.676933,1444371571),('oNvVLt5kKz95Rz7yTzvuQIN9ZzZs',114.952367,36.763252,1444371532),('oNvVLtxvjDcwnv8OHzj6wzct8BAM',124.930153,42.091648,1444372111),('oNvVLtxYfkPBvG-4m-pGvjn0qnZM',114.260422,30.615135,1444372535),('oNvVLt5jUI268Woy_YmcD8w6YvBs',119.134254,36.728245,1444373868),('oDC9Yt-WVThWcyrxhNtSUXSPYE1g',110.408619,21.198361,1450281017),('oDC9Yt6ZyUFN47_3qVrclX19mgZs',108.955124,30.305176,1450250916),('oDC9Yt59RekUG6zm0_fGLB9g5VFA',108.909683,30.291992,1450253991),('oDC9Yt75fKUVVl84OJKSVnlo0di0',108.908134,30.289925,1450254671),('oDC9Yt-0YNnjNTQ-4Qt_SNRlZ0_k',108.940636,30.296816,1450255319),('oDC9Yt17An-0oJeYk9PKM8Jd_kLQ',112.900879,33.741857,1450261811),('oDC9Yt6Kk-_PQk0mIDVND8I55G3A',108.904900,30.292803,1450264084);
/*!40000 ALTER TABLE `w_user_long_lat` ENABLE KEYS */;
UNLOCK TABLES;
/*!40103 SET TIME_ZONE=@OLD_TIME_ZONE */;

/*!40101 SET SQL_MODE=@OLD_SQL_MODE */;
/*!40014 SET FOREIGN_KEY_CHECKS=@OLD_FOREIGN_KEY_CHECKS */;
/*!40014 SET UNIQUE_CHECKS=@OLD_UNIQUE_CHECKS */;
/*!40101 SET CHARACTER_SET_CLIENT=@OLD_CHARACTER_SET_CLIENT */;
/*!40101 SET CHARACTER_SET_RESULTS=@OLD_CHARACTER_SET_RESULTS */;
/*!40101 SET COLLATION_CONNECTION=@OLD_COLLATION_CONNECTION */;
/*!40111 SET SQL_NOTES=@OLD_SQL_NOTES */;

-- Dump completed on 2020-01-07 11:11:01
